Customer_ID,Age,Customer_Name,Email,Ordered_At,Product,Category,Quantity,Unit_Price,Total,Payment
1,25,Frances Newton,heatherscott@example.net,2025-03-30,Smartphone,Photography,4,1498,5992,PayPal
2,25,Chelsea Romero,christopherbrooks@example.org,2025-10-04,Webcam,Photography,3,592,1776,Cash
3,55,,anne99@example.com,2025-02-18,Headphones,Accessories,,252,0,PayPal
4,57,Austin Ray,hamiltonbenjamin@example.net,,Keyboard,Electronics,1,485,485,Cash
5,58,Christopher Hall,rachel09@example.net,2025-10-25,Speaker,Electronics,4,896,3584,PayPal
6,66,Daniel Dixon,taylorandrea@example.com,2025-01-31,Monitor,Accessories,2,1223,2446,PayPal
7,67,Kelly Acosta,luis76@example.org,2025-10-13,Mouse,Photography,5,1408,7040,PayPal
8,42,Destiny Bell,jerryortiz@example.org,,Smartphone,Electronics,5,1085,5425,PayPal
9,25,Michael Taylor,theresawagner@example.org,2025-05-06,Keyboard,Accessories,2,973,1946,Credit Card
10,57,Gary Ramos,ellisonjill@example.net,2025-04-07,Tablet,Photography,4,1494,5976,Cash
11,69,Laurie Graham,phillipskim@example.com,2024-12-23,Camera,Accessories,3,131,393,PayPal
12,61,Christy White,josephgarcia@example.org,2025-08-08,Laptop,Electronics,2,395,790,Credit Card
13,57,Bianca Russell,marissawilliams@example.com,2024-04-14,Keyboard,Electronics,1,593,593,Credit Card
14,59,Alex James,shawmathew@example.com,,Smartphone,Photography,2,1414,2828,Cash
15,70,Michael Burgess,enguyen@example.org,2025-03-07,Headphones,Electronics,2,716,1432,Cash
16,45,Michele Lara,ethanwest@example.net,2025-05-07,Camera,Photography,1,1338,1338,Credit Card
17,63,Cody Hurst,mooretony@example.org,2024-09-13,Camera,Electronics,4,1205,4820,Credit Card
18,24,Tanya Gibbs,paige61@example.org,2025-11-11,Headphones,Photography,5,912,4560,PayPal
19,38,Kimberly Silva,john70@example.net,2024-12-10,Headphones,Electronics,5,606,3030,PayPal
20,46,Clifford Bean,daniel77@example.com,2024-03-06,Tablet,Photography,2,1192,2384,PayPal
21,40,Joseph Norton,ahancock@example.org,2024-08-14,Webcam,Electronics,1,890,890,Credit Card
22,46,Margaret Martin,davidwilson@example.org,2026-01-07,Mouse,Photography,4,859,3436,Credit Card
23,53,David Nichols,patricia72@example.net,2025-03-08,Headphones,Accessories,3,1190,3570,Credit Card
24,55,Jessica Vasquez,mccoyheidi@example.net,2025-04-07,Laptop,Photography,2,262,524,Credit Card
25,56,,brittany14@example.net,2024-04-18,Keyboard,Electronics,4,695,2780,PayPal
26,54,Sarah Mcclain,smithcourtney@example.net,2024-08-26,Printer,Accessories,4,779,3116,PayPal
27,57,Russell Scott,robert41@example.com,2026-01-02,Smartphone,Photography,1,345,345,PayPal
28,19,Michael Reed,qboone@example.net,2025-05-22,Speaker,Photography,1,212,212,PayPal
29,49,Dominique Butler,spencertaylor@example.org,2024-03-20,Camera,Accessories,3,202,606,Credit Card
30,34,Chloe Bennett,kbrowning@example.org,,Printer,Electronics,1,1195,1195,Cash
31,18,William Rhodes,samanthaaustin@example.com,2024-07-13,Camera,Photography,5,530,2650,Cash
32,19,Peter Thompson,dwillis@example.com,2025-10-23,Webcam,Accessories,4,893,3572,PayPal
33,20,Casey Perez DDS,mfox@example.net,,Smartphone,Photography,2,973,1946,PayPal
34,35,Carlos Ramos,bbriggs@example.net,,Printer,Electronics,3,1221,3663,PayPal
35,49,Richard Cummings,sandra47@example.net,2024-04-07,Smartphone,Accessories,1,784,784,Cash
36,42,Christina Navarro,logan65@example.org,2025-04-27,Webcam,Electronics,2,168,336,Credit Card
37,46,Roy Sanchez,tinaandrews@example.net,2025-03-24,Headphones,Accessories,3,1201,3603,Credit Card
38,21,Andrea Perry,smithvictor@example.com,2024-09-20,Keyboard,Accessories,3,1103,3309,Cash
39,33,Daniel Jacobs,richard76@example.org,,Camera,Photography,2,297,594,Credit Card
40,62,Scott Williams,theresa23@example.org,2024-12-13,Monitor,Photography,5,1125,5625,PayPal
41,21,Madeline Williams,christyblanchard@example.org,2025-03-14,Webcam,Accessories,2,1245,2490,PayPal
42,41,Melissa Nolan,brian50@example.com,,Speaker,Photography,2,248,496,Cash
43,68,Bradley Preston,mcase@example.net,2025-06-28,Camera,Electronics,5,479,2395,Credit Card
44,57,Leslie Gardner,kennethweaver@example.net,2025-04-10,Camera,Electronics,2,988,1976,PayPal
45,69,James Moore,hartjulie@example.net,2024-09-10,Laptop,Electronics,3,77,231,Credit Card
46,18,Michelle Olson,beardashley@example.com,2025-12-26,Speaker,Photography,5,1425,7125,PayPal
47,30,Manuel Short,deborahmiller@example.org,2025-07-16,Smartphone,Accessories,3,711,2133,Credit Card
48,44,Kelly Edwards,juan17@example.org,2025-06-07,Tablet,Photography,1,404,404,Cash
49,54,Carolyn Johnson,justinortiz@example.org,2025-09-30,Speaker,Photography,2,50,100,PayPal
50,20,Gregory Morales Jr.,zgardner@example.net,2025-04-18,Printer,Accessories,5,470,2350,Cash
51,50,Randy Howe,yball@example.net,2024-05-27,Monitor,Electronics,2,1214,2428,Cash
52,18,Sierra Gordon,jacob46@example.com,2025-04-12,Webcam,Electronics,5,655,3275,PayPal
53,37,Adam Roberts,browndanielle@example.net,2024-06-09,Printer,Accessories,2,1213,2426,Credit Card
54,37,Michele George,xbishop@example.net,2024-11-21,Monitor,Accessories,2,1491,2982,Credit Card
55,51,Valerie Hartman,noah23@example.org,2024-05-03,Monitor,Photography,2,138,276,Cash
56,46,Nicholas Jimenez,pattersonerin@example.org,,Monitor,Photography,,1499,0,PayPal
57,20,Anita Miller,hdavis@example.org,2024-12-05,Smartphone,Accessories,2,1443,2886,Credit Card
58,22,Karen Byrd,michaeladams@example.net,2025-07-30,Laptop,Electronics,5,230,1150,Cash
59,34,Kyle Johnson,ryangonzalez@example.org,2025-05-08,Headphones,Electronics,3,981,2943,PayPal
60,19,Kristina Scott,walkercharles@example.com,2024-09-16,Tablet,Accessories,2,222,444,PayPal
61,70,Adam Garrison,rachelmay@example.net,2025-08-01,Mouse,Accessories,2,432,864,PayPal
62,39,Mr. Christopher Edwards Jr.,tuckerkiara@example.net,2024-07-02,Mouse,Electronics,3,174,522,Cash
63,21,Adam Tran,ywallace@example.org,2025-01-12,Headphones,Electronics,3,499,1497,PayPal
64,53,Mark Baker,boyderik@example.org,2024-10-07,Mouse,Electronics,1,649,649,PayPal
65,28,Sarah Richardson,wyatthubbard@example.net,2024-08-05,Tablet,Photography,2,1233,2466,PayPal
66,31,Brittney Bell DDS,nguzman@example.net,2025-10-01,Mouse,Accessories,2,326,652,Credit Card
67,53,,xortiz@example.org,2026-02-11,Printer,Accessories,1,109,109,PayPal
68,21,Donna Espinoza,lopezlisa@example.net,2025-10-18,Keyboard,Electronics,1,1450,1450,Cash
69,37,Heather White,andreacruz@example.org,2025-02-13,Tablet,Photography,4,1284,5136,Cash
70,20,Angela Jackson,kbaker@example.com,2024-05-28,Monitor,Photography,1,748,748,Cash
71,64,,perezcarlos@example.net,2024-04-14,Webcam,Accessories,1,1202,1202,PayPal
72,53,Sarah Miller,robinsonlinda@example.org,2025-06-21,Speaker,Electronics,2,303,606,Cash
73,22,Amanda Dorsey,jjones@example.org,2025-11-05,Headphones,Electronics,2,123,246,Credit Card
74,34,Emily Mason,michael80@example.org,2025-02-14,Laptop,Photography,3,1199,3597,Credit Card
75,68,Suzanne Sandoval,michael16@example.org,2024-08-31,Smartphone,Photography,3,373,1119,Credit Card
76,32,Brittany Hernandez,patricia87@example.com,2025-06-13,Speaker,Electronics,2,737,1474,PayPal
77,25,Charles Martinez,rivasmegan@example.org,2024-07-21,Headphones,Photography,1,306,306,Cash
78,29,Jessica Wilson,martinrobert@example.net,2025-10-27,Webcam,Accessories,3,973,2919,Cash
79,25,Anthony Glenn,joshua08@example.com,2025-04-24,Headphones,Photography,2,1052,2104,Credit Card
80,57,Christina Brennan,tayloreric@example.com,2025-12-24,Camera,Electronics,1,273,273,PayPal
81,68,Robert Rodriguez,geoffreyfitzpatrick@example.org,2025-12-21,Laptop,Photography,4,551,2204,Cash
82,38,Beverly Ruiz,peterconley@example.net,2026-02-25,Laptop,Accessories,2,476,952,Credit Card
83,36,Joseph Spencer,uortiz@example.org,2025-02-01,Tablet,Accessories,1,212,212,Cash
84,42,Zachary Johnson,lisagross@example.com,,Mouse,Electronics,4,113,452,PayPal
85,58,Tabitha Gomez,sandraadams@example.net,2026-01-16,Webcam,Electronics,4,928,3712,Credit Card
86,23,,alancarney@example.net,2025-02-28,Mouse,Photography,1,189,189,PayPal
87,49,Morgan Knight,xbennett@example.com,2024-06-19,Printer,Accessories,1,414,414,PayPal
88,50,Tony Lutz,hollywilson@example.org,2025-01-10,Speaker,Electronics,2,1200,2400,PayPal
89,39,Hannah Gray,njohnston@example.org,2025-10-25,Keyboard,Photography,2,433,866,Cash
90,30,David Shaw,smithalex@example.org,2025-07-04,Tablet,Photography,,253,0,PayPal
91,45,Nicole Guerrero,kristinaalvarez@example.net,2024-03-02,Webcam,Accessories,1,1143,1143,Cash
92,68,Aaron Matthews,ruben56@example.com,2025-07-09,Headphones,Accessories,3,617,1851,Credit Card
93,69,Corey Stanton,kennethlindsey@example.org,2025-10-13,Smartphone,Accessories,2,449,898,PayPal
94,59,George Sanchez,terrycatherine@example.com,2026-01-04,Tablet,Accessories,3,408,1224,PayPal
95,51,Kristina Norton,brianhoffman@example.org,2025-10-16,Smartphone,Accessories,4,1411,5644,Cash
96,50,Jessica Miller,melissamann@example.net,2025-10-30,Headphones,Accessories,4,712,2848,Credit Card
97,61,Angel Garcia,mariajackson@example.com,2025-10-03,Monitor,Accessories,4,614,2456,Credit Card
98,68,,lwright@example.org,2025-03-21,Camera,Photography,4,1184,4736,Cash
99,46,Debra Simon,astanley@example.net,2024-06-21,Headphones,Photography,1,26,26,Cash
100,66,Beth Rush,dennis30@example.com,,Laptop,Photography,5,797,3985,Credit Card
101,18,Daniel Ryan,russopatrick@example.com,2025-07-09,Tablet,Accessories,3,1134,3402,Cash
102,29,Jennifer Myers,jdawson@example.org,2024-03-04,Tablet,Electronics,1,186,186,PayPal
103,25,Scott Mathews,eshaw@example.com,2025-08-04,Speaker,Photography,5,364,1820,PayPal
104,29,Frank Saunders,dennisrichard@example.org,2025-06-01,Laptop,Accessories,3,387,1161,Cash
105,35,Mark Rodriguez,frankbarker@example.net,2024-10-12,Laptop,Accessories,3,1215,3645,Credit Card
106,30,Nicholas Moore,whitneyluna@example.com,2025-06-26,Smartphone,Photography,5,711,3555,Credit Card
107,24,Dennis Mitchell,rmccullough@example.net,2025-05-27,Speaker,Accessories,5,923,4615,PayPal
108,26,Danny Walker,jeremyward@example.net,2025-04-02,Speaker,Electronics,,1397,0,Credit Card
109,48,Scott Gillespie,itownsend@example.org,,Monitor,Accessories,4,219,876,Cash
110,61,Jerome Rhodes,austinnicholas@example.net,2025-11-11,Speaker,Photography,1,1000,1000,Cash
111,68,Cindy Waters,ariasangela@example.net,,Laptop,Accessories,3,336,1008,Cash
112,24,Teresa Gallagher,karen72@example.net,2024-05-22,Webcam,Electronics,3,841,2523,Cash
113,63,Stephanie Hartman,ffletcher@example.net,2024-07-29,Webcam,Electronics,5,775,3875,PayPal
114,48,Maria Miller,xcoleman@example.com,2025-01-03,Monitor,Electronics,5,490,2450,PayPal
115,46,Luke Kelly,hillelizabeth@example.net,2024-09-04,Monitor,Photography,4,653,2612,Credit Card
116,38,Michael Payne,jwilliamson@example.net,2025-12-24,Headphones,Electronics,5,865,4325,PayPal
117,67,Lauren Thomas,nicolewallace@example.com,2024-04-05,Smartphone,Electronics,,330,0,Cash
118,46,Seth Nguyen,lyonsdeborah@example.org,2024-08-05,Monitor,Photography,1,1165,1165,PayPal
119,57,Jerry Wright,alexandramorse@example.org,2024-06-19,Mouse,Accessories,3,190,570,Cash
120,58,Christian Evans,matthewsmisty@example.com,2025-09-17,Laptop,Accessories,5,1031,5155,PayPal
121,23,Regina Mitchell,smithlaura@example.org,2025-03-04,Laptop,Electronics,4,851,3404,PayPal
122,23,Timothy Holmes,shannonatkins@example.net,2025-07-08,Mouse,Photography,4,574,2296,PayPal
123,48,Jeffery Bauer,lsanchez@example.com,2024-07-13,Keyboard,Photography,2,1398,2796,Credit Card
124,48,Marissa Harris,justinsnow@example.net,2025-09-27,Headphones,Accessories,4,285,1140,PayPal
125,64,James Wood,gregory16@example.com,2024-12-02,Smartphone,Accessories,1,485,485,Cash
126,19,Michael Trujillo,qmcgee@example.net,2025-03-18,Keyboard,Accessories,1,65,65,Cash
127,50,Shannon Brooks,allison14@example.net,2024-07-04,Camera,Accessories,1,341,341,Credit Card
128,29,Robert Santiago,buchananbrandy@example.net,2025-05-21,Camera,Accessories,1,398,398,Cash
129,50,Haley Valentine,mlopez@example.org,2024-05-04,Smartphone,Photography,3,1064,3192,Credit Card
130,36,Mary Cohen,jennifergarza@example.org,2026-02-16,Camera,Photography,4,737,2948,PayPal
131,26,,gkim@example.com,2024-08-27,Tablet,Electronics,2,1233,2466,Credit Card
132,43,Christopher Marshall,priley@example.com,2025-08-16,Headphones,Accessories,5,1362,6810,PayPal
133,29,Randy Brown,sarah33@example.net,2026-01-27,Mouse,Electronics,5,927,4635,Cash
134,63,Sarah Jones,cervantesconnie@example.org,,Keyboard,Photography,3,207,621,Credit Card
135,46,Kevin Hill,joseph34@example.com,2025-05-06,Webcam,Electronics,2,710,1420,PayPal
136,42,James Proctor,boyerrichard@example.com,2024-12-22,Speaker,Electronics,3,72,216,Cash
137,33,Mary Erickson,dprice@example.net,2025-12-05,Camera,Photography,1,893,893,Credit Card
138,55,Heather Long,cheryl25@example.org,,Smartphone,Photography,2,934,1868,PayPal
139,65,,harrisdarren@example.net,2025-11-04,Speaker,Accessories,4,373,1492,Credit Card
140,30,Suzanne Short,ashley71@example.net,2024-10-09,Headphones,Electronics,2,365,730,Credit Card
141,45,Jessica Collins,feliciatravis@example.net,2025-12-11,Webcam,Electronics,5,289,1445,Cash
142,55,Bobby Reed,imoody@example.org,,Mouse,Accessories,1,942,942,PayPal
143,45,Brian Clark,stewartnancy@example.net,2024-10-07,Webcam,Photography,5,1320,6600,Cash
144,47,Timothy Smith,yateschristian@example.org,2025-08-01,Camera,Photography,4,294,1176,PayPal
145,66,Betty Gross,roblescharles@example.com,2025-03-14,Webcam,Accessories,2,978,1956,PayPal
146,19,Evan Davis,lisajefferson@example.org,2026-01-30,Speaker,Electronics,1,26,26,Cash
147,32,Alex Sanchez,brittany47@example.com,2025-08-16,Mouse,Accessories,2,326,652,PayPal
148,53,Kylie Ortega,ayaladouglas@example.org,2025-12-18,Headphones,Electronics,4,320,1280,Cash
149,59,Abigail Macdonald,patricialee@example.org,2025-02-20,Speaker,Photography,2,508,1016,Cash
150,63,Kevin Townsend,eric91@example.net,2024-07-15,Keyboard,Electronics,5,936,4680,Cash
151,67,Nicholas Kennedy,samuel46@example.com,2024-04-22,Speaker,Electronics,1,1280,1280,PayPal
152,62,Jesse Montgomery,chadsullivan@example.net,2024-10-18,Laptop,Photography,4,513,2052,PayPal
153,56,Beth Edwards,elizabethbartlett@example.org,2025-09-16,Keyboard,Electronics,5,690,3450,Credit Card
154,60,Chad Jimenez,walkermelanie@example.org,,Smartphone,Accessories,1,912,912,Credit Card
155,30,Donna Austin,aimee01@example.com,2025-12-23,Camera,Electronics,5,308,1540,PayPal
156,61,Austin Phelps,ryanstafford@example.org,,Speaker,Electronics,3,1312,3936,PayPal
157,62,Tracy Willis,robertewing@example.net,2024-09-26,Webcam,Electronics,4,860,3440,Cash
158,39,Joseph Trevino,egarza@example.org,2025-04-03,Keyboard,Electronics,1,1226,1226,PayPal
159,58,Christine Hendrix,kaylawright@example.net,2026-01-10,Smartphone,Electronics,5,704,3520,PayPal
160,61,James Grimes,garciakelly@example.net,2024-08-28,Printer,Accessories,5,1076,5380,Credit Card
161,70,April Kramer,james29@example.net,2025-08-05,Printer,Accessories,1,921,921,Credit Card
162,47,Jason Ramirez,allencrystal@example.com,2024-04-03,Keyboard,Accessories,2,1101,2202,PayPal
163,44,Taylor Beck,dylansanders@example.net,2024-04-23,Monitor,Photography,4,1151,4604,Cash
164,55,Brenda Perez,adammeyers@example.net,2026-01-06,Laptop,Photography,3,1352,4056,PayPal
165,28,Shelly Johnson,juanharris@example.com,2025-01-22,Mouse,Photography,3,975,2925,Cash
166,24,Matthew Watson MD,william83@example.com,,Speaker,Accessories,1,436,436,Cash
167,25,John Larson,mpatterson@example.org,2025-03-22,Laptop,Photography,3,106,318,Credit Card
168,63,Christy Carney,timothy35@example.com,2024-08-24,Webcam,Accessories,5,813,4065,Cash
169,21,Karen Green,ronalddunn@example.net,2025-07-10,Printer,Photography,1,510,510,Cash
170,34,Wesley Weber,xmcknight@example.org,2024-05-17,Mouse,Photography,1,44,44,Cash
171,44,Joseph Barnes,thomasgregory@example.org,2025-04-05,Laptop,Accessories,4,788,3152,Credit Card
172,50,Ronald Carter,cherylcosta@example.net,2024-04-21,Printer,Photography,1,464,464,Cash
173,53,Robert Hill,rebeccabutler@example.org,2025-05-10,Camera,Photography,1,282,282,PayPal
174,36,Carla Bradshaw,zunigahannah@example.org,2025-08-30,Headphones,Photography,2,57,114,Cash
175,68,Keith Watkins,carlachavez@example.org,2025-08-22,Monitor,Accessories,5,1388,6940,Cash
176,57,Mr. Ronnie Clark,bridgesdavid@example.org,2025-08-19,Monitor,Electronics,2,1332,2664,PayPal
177,51,Daniel Fowler,ehill@example.com,2024-04-17,Printer,Photography,3,699,2097,Cash
178,65,Tyler Fuentes,kingcolin@example.org,2024-09-30,Mouse,Photography,,550,0,PayPal
179,54,Theresa Shields,adamserik@example.org,2024-08-02,Printer,Photography,2,1410,2820,Cash
180,51,Tammy Davis,irobinson@example.org,,Webcam,Photography,1,665,665,PayPal
181,33,Wendy Wells,dan80@example.org,2024-08-04,Headphones,Accessories,5,1362,6810,Cash
182,37,Todd King,ewhite@example.com,2025-02-03,Tablet,Accessories,1,1234,1234,PayPal
183,69,Jessica Ward,egeorge@example.com,2025-09-08,Camera,Photography,1,797,797,PayPal
184,43,Joseph Mcclain,parrishthomas@example.org,,Mouse,Accessories,4,273,1092,PayPal
185,57,April Wyatt,amy72@example.net,2025-12-11,Webcam,Accessories,5,819,4095,PayPal
186,24,John Harvey,richardsoncraig@example.com,2025-12-07,Speaker,Electronics,4,1418,5672,Cash
187,39,Timothy Montes,jerry86@example.org,2024-12-11,Smartphone,Accessories,5,1026,5130,PayPal
188,31,James Castillo,jelliott@example.net,2024-08-20,Laptop,Accessories,1,253,253,Credit Card
189,18,Logan Fleming,rbrown@example.net,2024-05-20,Keyboard,Photography,2,674,1348,Cash
190,49,Jasmine Thompson,anthony38@example.com,2025-10-03,Webcam,Photography,1,940,940,Credit Card
191,58,Courtney Moore,jenniferchavez@example.net,2025-05-22,Headphones,Electronics,2,563,1126,Cash
192,68,Daniel Morgan,andreagriffin@example.org,2024-10-25,Mouse,Accessories,2,266,532,Credit Card
193,53,David Harrington,maria03@example.net,2024-05-13,Smartphone,Photography,3,1336,4008,PayPal
194,30,Robert Nelson,francislambert@example.net,2024-12-02,Laptop,Photography,2,915,1830,Cash
195,50,Dave Wagner,laura48@example.com,2025-04-14,Mouse,Accessories,1,1144,1144,Credit Card
196,69,Cynthia Porter,christopher49@example.net,2025-01-14,Speaker,Electronics,4,616,2464,PayPal
197,66,Emily Garcia,juliegordon@example.net,2025-06-24,Speaker,Photography,3,1319,3957,PayPal
198,21,Brian Marshall,robert40@example.org,2025-04-12,Webcam,Electronics,5,958,4790,Credit Card
199,48,Joseph Thompson,colezachary@example.org,2024-08-17,Tablet,Electronics,2,1007,2014,Credit Card
200,21,Jessica Figueroa,todd41@example.com,2025-03-22,Keyboard,Electronics,1,534,534,Credit Card
201,19,Michael Patterson,maryrodriguez@example.org,2025-11-12,Monitor,Electronics,1,844,844,Cash
202,52,Casey Vega,paul52@example.net,2025-04-07,Speaker,Photography,3,999,2997,Credit Card
203,21,Jimmy Martin,trevorschmidt@example.net,2025-12-23,Monitor,Accessories,5,868,4340,Credit Card
204,22,Jacqueline Little,matthewwilliams@example.org,2025-12-16,Keyboard,Photography,4,616,2464,PayPal
205,64,Tanya Williams,jklein@example.net,2026-02-09,Webcam,Accessories,4,1089,4356,Credit Card
206,40,Kristin Lowe,jason04@example.com,2024-09-30,Mouse,Electronics,2,1316,2632,Credit Card
207,26,Carol Todd,pdavis@example.com,2024-08-06,Laptop,Photography,4,1306,5224,Cash
208,53,Matthew Montgomery,erikachan@example.net,2026-01-13,Headphones,Accessories,3,438,1314,PayPal
209,54,Elizabeth Phillips,riverasean@example.net,2024-03-19,Camera,Accessories,1,423,423,PayPal
210,35,Patrick Clark,wyoung@example.org,2024-07-30,Printer,Electronics,1,225,225,PayPal
211,41,Tammy Randall,hortega@example.net,2025-03-04,Laptop,Electronics,5,709,3545,Cash
212,58,William Jensen,danielhunt@example.net,2025-07-24,Smartphone,Electronics,4,858,3432,PayPal
213,52,Logan Harris,campbelljennifer@example.com,2024-03-29,Mouse,Accessories,1,288,288,Cash
214,38,Dr. Cindy White MD,flemingjoseph@example.net,2025-09-11,Smartphone,Accessories,1,20,20,Cash
215,59,Kim Perez,benjaminpatterson@example.net,2024-08-27,Smartphone,Photography,1,492,492,Credit Card
216,26,Juan Lee,jdean@example.net,2025-10-13,Printer,Electronics,3,774,2322,PayPal
217,57,Matthew Guerrero,anthony82@example.org,2024-09-13,Headphones,Accessories,3,368,1104,PayPal
218,58,Kimberly Caldwell,matthew38@example.net,2026-01-21,Printer,Electronics,4,1049,4196,Cash
219,41,Mr. Thomas Myers DVM,steven39@example.com,2024-09-28,Keyboard,Electronics,2,1385,2770,PayPal
220,62,Tony Garcia,amanda39@example.org,2025-09-04,Printer,Accessories,4,119,476,Credit Card
221,23,Katherine Robinson,billycurry@example.com,2025-09-12,Webcam,Electronics,3,756,2268,PayPal
222,49,Carla Hughes,dennis23@example.net,2024-11-22,Printer,Electronics,4,1281,5124,PayPal
223,30,Connie Carter,gregorywatkins@example.com,2024-04-17,Webcam,Photography,5,21,105,Credit Card
224,52,Daniel Pugh,carrie03@example.net,2025-07-01,Speaker,Photography,2,1279,2558,Cash
225,43,Ashley Williams,xsmith@example.net,2024-12-05,Webcam,Photography,3,1130,3390,PayPal
226,37,Travis Salazar,ybuckley@example.net,2025-07-21,Tablet,Electronics,,1023,0,Credit Card
227,25,Nicholas Holland,fshah@example.net,2024-12-08,Laptop,Accessories,2,1102,2204,Cash
228,20,Pamela Bolton,cruzjanice@example.com,2025-12-24,Printer,Accessories,1,670,670,PayPal
229,59,Johnny Miles,zcooper@example.org,2025-06-01,Tablet,Photography,3,411,1233,PayPal
230,36,Kristen Carroll,kimberly03@example.com,2024-11-06,Laptop,Accessories,5,236,1180,PayPal
231,67,Bradley Flores,chadsantiago@example.org,2025-10-12,Keyboard,Electronics,1,242,242,PayPal
232,66,Kathryn Dunn,pochoa@example.org,2025-08-19,Keyboard,Accessories,3,681,2043,Credit Card
233,38,Jeremiah Johnson,hallison@example.com,2025-11-18,Headphones,Photography,3,428,1284,Credit Card
234,66,Elizabeth Medina,williammitchell@example.org,2025-08-23,Camera,Electronics,1,1154,1154,Credit Card
235,33,Jennifer Velasquez,martineztracy@example.org,2024-05-22,Mouse,Photography,5,497,2485,Credit Card
236,30,John Brown,kristengriffin@example.net,2025-11-27,Keyboard,Electronics,3,362,1086,Cash
237,62,Carol Alvarado,estesaustin@example.net,2024-11-11,Laptop,Photography,4,1254,5016,PayPal
238,40,Calvin Fitzgerald,robertbray@example.net,2024-06-07,Monitor,Electronics,2,601,1202,Cash
239,30,Katherine Mcguire,cynthia78@example.org,2024-04-03,Headphones,Electronics,3,419,1257,Cash
240,47,Michelle Pope,nsantos@example.net,2024-06-07,Monitor,Accessories,1,24,24,Cash
241,42,Erin Montoya,melissa46@example.net,2025-06-13,Camera,Photography,1,195,195,PayPal
242,50,Matthew Smith,nedwards@example.org,2024-04-27,Webcam,Accessories,5,1416,7080,Cash
243,42,Jessica Lopez,bowmankarina@example.org,2024-10-13,Smartphone,Accessories,3,1065,3195,PayPal
244,38,Cheryl Roberts,gregoryjones@example.net,2025-04-08,Camera,Photography,3,914,2742,Credit Card
245,43,Emily Ruiz,karen69@example.net,2024-05-07,Mouse,Electronics,2,1098,2196,Credit Card
246,58,,deborahcollier@example.net,2025-04-10,Speaker,Electronics,5,1151,5755,Credit Card
247,59,Brandon Gray,hahnapril@example.com,2025-05-02,Webcam,Electronics,2,1212,2424,Credit Card
248,50,,brandyoconnor@example.org,2025-07-29,Speaker,Photography,2,630,1260,Credit Card
249,37,Melissa Parker,iarnold@example.net,2024-12-16,Keyboard,Accessories,3,1421,4263,Cash
250,49,Chelsey Smith,kayla48@example.com,2024-10-22,Monitor,Accessories,4,1498,5992,Cash
251,59,Kelly Arroyo,brendawilcox@example.com,2024-06-07,Webcam,Photography,1,1354,1354,PayPal
252,44,Anna Evans,belinda70@example.com,2024-11-25,Headphones,Electronics,5,986,4930,Cash
253,28,Gina Hunt,steven88@example.com,,Tablet,Electronics,1,1456,1456,PayPal
254,29,Brenda Caldwell,tbarr@example.com,2024-06-10,Smartphone,Electronics,5,415,2075,Credit Card
255,19,Dana Robinson,reyesmartin@example.net,2024-06-13,Smartphone,Electronics,2,1378,2756,PayPal
256,67,Jeff Tran,leslie49@example.org,2024-06-24,Webcam,Accessories,5,67,335,Credit Card
257,53,Dawn Durham,brian79@example.com,2024-05-23,Printer,Electronics,3,1227,3681,Credit Card
258,35,Laurie Jones,dawn69@example.com,2025-05-18,Headphones,Photography,3,1300,3900,PayPal
259,35,,johnsonkayla@example.com,2025-06-23,Keyboard,Electronics,5,1048,5240,PayPal
260,26,Regina Lawson,christinajuarez@example.net,2025-09-27,Monitor,Accessories,3,884,2652,Credit Card
261,55,Norma Smith,olivia35@example.com,2025-06-22,Keyboard,Electronics,2,444,888,PayPal
262,31,,gschneider@example.com,2024-07-13,Smartphone,Accessories,2,55,110,Cash
263,20,Jay Cruz,richmondstacey@example.com,2025-01-17,Laptop,Photography,2,1087,2174,Cash
264,47,Robert Wright,pbrown@example.org,2025-04-03,Mouse,Photography,1,688,688,PayPal
265,24,Deborah Sims,ianwhitaker@example.com,2024-05-10,Printer,Electronics,2,714,1428,Cash
266,69,Rhonda Tanner,xknight@example.org,2024-06-28,Speaker,Accessories,4,673,2692,Cash
267,33,Miranda Delgado,daniel76@example.org,2024-04-29,Mouse,Electronics,4,734,2936,Cash
268,59,Rebecca Chapman,urodgers@example.net,2026-01-30,Headphones,Accessories,1,1245,1245,Credit Card
269,19,Jeffrey Johnson,barbara83@example.net,2024-05-04,Laptop,Electronics,4,1035,4140,PayPal
270,21,Natalie Hunter,davidhanson@example.net,2025-10-28,Tablet,Photography,1,823,823,Credit Card
271,21,Kimberly Green,steven35@example.com,2025-12-28,Headphones,Photography,,956,0,Cash
272,52,Justin Jensen,steven14@example.org,2025-10-16,Headphones,Accessories,5,422,2110,PayPal
273,65,Kristen Ward,gary76@example.com,,Monitor,Accessories,5,70,350,Credit Card
274,41,Christopher Bryant,cindymoreno@example.net,2025-04-03,Smartphone,Electronics,2,586,1172,Cash
275,18,Michael Jones,barreraashley@example.com,2024-07-20,Mouse,Photography,5,331,1655,PayPal
276,37,Jose Ross,ericlopez@example.org,2025-04-06,Monitor,Accessories,2,738,1476,Cash
277,21,Sandy Hernandez,kholland@example.net,2024-09-22,Laptop,Photography,5,569,2845,Credit Card
278,27,Deborah Herrera,carrscott@example.com,2024-12-29,Tablet,Accessories,3,1112,3336,Cash
279,21,Michael Logan,matthewdaniels@example.org,2026-01-15,Smartphone,Photography,5,624,3120,Credit Card
280,31,Donald Cummings,olsoncarlos@example.org,2024-07-19,Smartphone,Electronics,2,506,1012,Cash
281,60,William Strickland,araymond@example.net,2025-01-22,Camera,Electronics,4,462,1848,Cash
282,22,Samantha Michael,lambertalicia@example.com,2025-05-05,Speaker,Electronics,3,1000,3000,Cash
283,28,Jennifer King,amanda10@example.com,2024-07-01,Printer,Photography,4,691,2764,Cash
284,31,Carmen Gonzales,stephen92@example.org,2026-01-22,Speaker,Photography,2,1361,2722,Credit Card
285,51,Alexander Howard,brett85@example.net,2025-04-11,Webcam,Photography,1,826,826,Credit Card
286,54,Jared Costa,dunnhunter@example.com,,Headphones,Accessories,4,427,1708,PayPal
287,57,Scott Martinez,geraldlambert@example.org,2025-04-01,Headphones,Accessories,2,1375,2750,PayPal
288,26,Kelsey Stephens,cohensally@example.com,2024-09-12,Laptop,Electronics,5,1372,6860,PayPal
289,66,Michael Baker,lori65@example.org,2026-01-16,Speaker,Accessories,1,39,39,PayPal
290,28,Alice Lopez,vanessa45@example.org,2026-01-07,Tablet,Electronics,5,466,2330,Credit Card
291,65,Bryan Juarez,waltersashley@example.net,2026-02-12,Tablet,Accessories,5,983,4915,Credit Card
292,52,Charles Knight,randallroberts@example.org,,Laptop,Electronics,2,644,1288,Cash
293,65,Scott Shields,jesus53@example.org,,Headphones,Accessories,2,535,1070,Credit Card
294,27,Joshua Johnson,ithomas@example.net,2025-12-04,Mouse,Accessories,1,759,759,Credit Card
295,28,Aaron Alvarez,victorelliott@example.net,2025-05-07,Laptop,Electronics,5,401,2005,Credit Card
296,47,Chad Smith,cooperbrenda@example.net,2025-05-11,Headphones,Electronics,5,1499,7495,Credit Card
297,54,Michele Barnes,tgonzalez@example.net,2024-06-14,Camera,Electronics,2,48,96,PayPal
298,39,Jerry Marshall,westjeffrey@example.net,2024-05-25,Mouse,Electronics,1,687,687,PayPal
299,34,Rachel Jacobs,michael52@example.org,2024-06-14,Camera,Photography,5,410,2050,PayPal
300,30,Katherine Hall,nadams@example.com,2025-05-08,Mouse,Electronics,5,394,1970,Cash
301,28,Shelby Rivera,duncanangela@example.net,,Webcam,Photography,5,217,1085,PayPal
302,47,Bruce Lee,uvasquez@example.net,2025-05-05,Monitor,Electronics,2,1468,2936,PayPal
303,64,Scott Richards,jenniferolsen@example.net,2024-05-29,Monitor,Photography,2,631,1262,PayPal
304,22,Stacy Hill,scott13@example.org,2024-09-11,Speaker,Accessories,2,559,1118,Credit Card
305,69,John Cummings,cfisher@example.com,2025-11-20,Keyboard,Photography,,1359,0,PayPal
306,38,Hannah Chambers,mooredale@example.org,2025-06-26,Smartphone,Photography,1,271,271,Cash
307,61,Katherine Wood,umitchell@example.com,,Printer,Photography,1,885,885,PayPal
308,59,Ashley Torres,andrewliu@example.net,2024-06-23,Headphones,Accessories,1,737,737,PayPal
309,37,Brianna Anderson,dlarson@example.org,2024-12-30,Keyboard,Accessories,5,247,1235,Cash
310,32,Brian Miles,tuckerdebra@example.com,2025-09-25,Monitor,Photography,2,352,704,PayPal
311,60,Jared Rollins,preston36@example.com,2024-05-17,Laptop,Electronics,4,209,836,Cash
312,33,,mark42@example.net,2024-08-11,Tablet,Accessories,1,430,430,PayPal
313,62,Terry Christian,pamela30@example.com,2024-05-11,Laptop,Accessories,1,1209,1209,Credit Card
314,23,James Williams,smithbenjamin@example.com,,Smartphone,Accessories,,1060,0,Credit Card
315,64,Karen Navarro,rjohnson@example.org,2025-10-30,Keyboard,Photography,1,1103,1103,Credit Card
316,41,Travis Floyd,ryan61@example.org,2024-09-07,Webcam,Electronics,3,303,909,Credit Card
317,34,Michael Frederick,diana49@example.org,2025-12-20,Laptop,Accessories,4,1052,4208,PayPal
318,26,Rebecca Brock,froststacey@example.com,2025-01-25,Printer,Photography,1,89,89,PayPal
319,59,Mikayla Santiago,stephaniejones@example.net,2025-05-20,Monitor,Electronics,1,1416,1416,Credit Card
320,62,Emily Jacobs,sali@example.net,2025-10-31,Printer,Accessories,3,205,615,PayPal
321,20,Heather Collins,cramirez@example.org,,Keyboard,Accessories,3,117,351,Cash
322,61,Stephen Moreno,zmurray@example.com,2025-04-29,Camera,Photography,2,436,872,Cash
323,53,Kyle Vasquez,wbailey@example.net,2025-07-09,Tablet,Electronics,4,1332,5328,PayPal
324,64,Albert Rivera,jlang@example.com,2024-02-28,Webcam,Accessories,2,351,702,Cash
325,65,,angelamorgan@example.com,2025-04-29,Laptop,Electronics,3,646,1938,PayPal
326,37,Nancy Dyer,chavezwhitney@example.com,2024-02-28,Mouse,Photography,5,241,1205,PayPal
327,33,,carolynshaffer@example.com,2024-05-09,Speaker,Photography,5,928,4640,Cash
328,29,Michael Washington,yangsteven@example.org,2025-12-17,Speaker,Photography,1,807,807,PayPal
329,54,James Powers,harrisscott@example.net,2025-07-28,Camera,Electronics,1,88,88,Credit Card
330,66,Mason Reyes,brittany24@example.com,2025-09-10,Camera,Accessories,5,1440,7200,PayPal
331,59,David Smith,jlucas@example.net,2026-01-31,Camera,Photography,5,1268,6340,Cash
332,21,Gloria Erickson,ssellers@example.com,2024-04-02,Camera,Accessories,2,1291,2582,PayPal
333,56,Michelle Campos,wendy21@example.org,2024-08-27,Speaker,Photography,4,873,3492,Credit Card
334,20,James Mason,omiller@example.org,2024-03-07,Tablet,Accessories,1,1299,1299,Cash
335,35,Shelly Roberts,mark05@example.com,2024-08-24,Keyboard,Accessories,5,1435,7175,Credit Card
336,56,Sherry Kennedy,leachkim@example.com,,Webcam,Electronics,4,1404,5616,Credit Card
337,66,Crystal Ashley,hernandeztheresa@example.net,2024-05-24,Keyboard,Photography,1,102,102,Cash
338,19,Dylan Harris,jordanjames@example.org,2025-01-25,Laptop,Electronics,3,424,1272,PayPal
339,51,Jason Morales,enguyen@example.net,2025-08-09,Headphones,Accessories,3,381,1143,PayPal
340,25,Brandi Smith,melissa19@example.net,2024-05-18,Camera,Electronics,1,792,792,PayPal
341,25,Jill Mendoza,grhodes@example.org,2025-06-11,Headphones,Photography,2,1221,2442,Cash
342,66,Lauren Lewis,tracyalvarado@example.com,,Speaker,Photography,5,1127,5635,Credit Card
343,29,Jesus Ryan,jamesross@example.org,,Smartphone,Electronics,1,511,511,Cash
344,50,Brandon Park,cobblinda@example.org,2025-02-10,Camera,Photography,5,510,2550,Cash
345,64,Christopher Reed,tyler53@example.com,2024-07-02,Speaker,Electronics,1,1106,1106,PayPal
346,24,Paul Jones,wilsonjohn@example.com,2024-09-02,Headphones,Electronics,5,1065,5325,Credit Card
347,59,Barbara Lopez,cspencer@example.org,,Tablet,Accessories,3,678,2034,Cash
348,39,Timothy Franco Jr.,jshaw@example.org,,Smartphone,Accessories,3,908,2724,Credit Card
349,55,William Lin,agardner@example.com,2025-07-06,Smartphone,Photography,1,426,426,PayPal
350,30,Kimberly Proctor,middletonemily@example.net,2026-02-11,Headphones,Photography,3,1456,4368,Credit Card
351,65,Brian Johnson,stokesnatalie@example.com,,Webcam,Electronics,5,83,415,Credit Card
352,34,Victoria Thompson,stephenherrera@example.org,2024-07-03,Tablet,Electronics,4,326,1304,PayPal
353,28,Kimberly Torres,shariellison@example.com,2024-04-01,Camera,Accessories,2,606,1212,Cash
354,68,Anthony Shaw,jason95@example.org,2024-11-28,Tablet,Accessories,5,185,925,Cash
355,39,Steven Parker,rwashington@example.org,2025-07-22,Monitor,Photography,5,135,675,Cash
356,70,Stephen Walton,johnsonleslie@example.net,2025-02-08,Speaker,Electronics,2,359,718,Cash
357,58,Melanie Murphy,herrerajessica@example.org,2024-11-21,Webcam,Photography,3,1240,3720,PayPal
358,23,Clifford Jones,alvarezelizabeth@example.com,2025-12-02,Headphones,Accessories,2,1013,2026,Credit Card
359,33,Bobby Cannon,alan34@example.org,2024-04-26,Tablet,Photography,,348,0,PayPal
360,38,Eric Weiss,kellyreyes@example.org,2025-05-22,Speaker,Electronics,1,52,52,PayPal
361,31,Kirk Aguirre,annlawrence@example.com,2025-05-07,Mouse,Photography,2,247,494,PayPal
362,47,Ernest King,brenda91@example.net,2024-06-01,Webcam,Accessories,,1187,0,Credit Card
363,44,Tiffany Garcia,hicksdonald@example.net,2024-10-28,Keyboard,Photography,5,1232,6160,PayPal
364,63,Desiree Rodriguez,bakerchristopher@example.com,2025-03-25,Keyboard,Accessories,5,561,2805,PayPal
365,45,Janice Rowe,baileyalexis@example.org,2024-12-18,Printer,Photography,5,1209,6045,Credit Card
366,62,Scott Nelson,laceykennedy@example.com,2025-07-01,Mouse,Photography,5,1166,5830,Cash
367,58,Anthony Hernandez,pottswilliam@example.com,2025-11-19,Webcam,Electronics,2,1281,2562,Credit Card
368,47,Amber Turner,bennettkathy@example.com,2024-10-30,Laptop,Photography,5,202,1010,Credit Card
369,54,Phyllis Wilson,amberking@example.org,2025-04-29,Mouse,Electronics,5,425,2125,PayPal
370,27,Jason Butler,llandry@example.com,2024-07-01,Printer,Accessories,4,1094,4376,Cash
371,59,Ronald Allen,henrytroy@example.org,2025-06-04,Tablet,Electronics,5,389,1945,PayPal
372,60,Mark Turner,brianjohnson@example.net,2025-02-08,Speaker,Accessories,2,1197,2394,PayPal
373,31,Audrey Chen,lisa83@example.net,2025-05-30,Headphones,Electronics,2,1332,2664,Cash
374,19,Brian Davis,davidjackson@example.org,2025-09-05,Webcam,Accessories,4,29,116,Cash
375,46,David Montgomery,davidhall@example.com,2025-03-13,Keyboard,Electronics,2,1044,2088,Credit Card
376,49,Rhonda Simmons,mcmahonarthur@example.org,2024-04-24,Monitor,Accessories,4,1405,5620,Credit Card
377,59,Kimberly Thornton,jacqueline22@example.org,2025-03-24,Webcam,Electronics,5,461,2305,Credit Card
378,51,Christopher Cole,flowe@example.net,2025-01-22,Laptop,Electronics,3,937,2811,PayPal
379,51,,johnsoncharles@example.com,2025-04-22,Smartphone,Accessories,2,54,108,Credit Card
380,64,Veronica Hernandez,byrddanielle@example.net,2024-11-20,Keyboard,Photography,2,1313,2626,Credit Card
381,28,Jennifer Mckay,cruztammy@example.com,2024-07-31,Laptop,Photography,4,663,2652,PayPal
382,18,Joseph Carpenter,dawnhicks@example.com,2024-10-03,Mouse,Photography,5,1049,5245,Credit Card
383,66,Alexandra Smith,ryanowens@example.net,2025-10-26,Tablet,Accessories,1,93,93,Credit Card
384,30,,logan37@example.com,2024-04-23,Laptop,Photography,2,98,196,Credit Card
385,57,Steven Mendoza,catherine29@example.com,2024-04-08,Camera,Electronics,4,110,440,PayPal
386,52,Edwin Schroeder,susanbeard@example.org,2025-05-20,Webcam,Electronics,,781,0,PayPal
387,23,David Hunt,lauren52@example.com,,Monitor,Photography,5,1369,6845,Cash
388,42,Briana Lynn,williamsonlarry@example.com,2025-01-12,Speaker,Photography,2,330,660,Credit Card
389,65,Amber Kaufman,carterjessica@example.org,2025-01-25,Speaker,Photography,3,765,2295,PayPal
390,54,Robert Greene,dtaylor@example.org,2024-04-05,Webcam,Photography,3,1219,3657,Credit Card
391,70,Brian Curtis,cynthia96@example.org,2025-11-23,Webcam,Accessories,2,1334,2668,Credit Card
392,29,John Newman,ryanangela@example.org,2025-01-11,Keyboard,Photography,2,141,282,Credit Card
393,26,Amanda Cross,amandavega@example.net,2025-03-17,Smartphone,Photography,4,1006,4024,Credit Card
394,64,Dorothy Casey,fherring@example.net,2025-03-24,Webcam,Accessories,5,1161,5805,PayPal
395,66,Ashley Hayes,jasminethomas@example.org,2025-03-31,Speaker,Accessories,3,1291,3873,Credit Card
396,41,Scott Nichols,sparkscharles@example.net,2025-10-19,Monitor,Photography,1,878,878,Cash
397,46,Jessica Miller,fblake@example.org,2025-09-24,Mouse,Accessories,4,1181,4724,Credit Card
398,39,Aaron Blake,mbernard@example.net,2025-07-29,Mouse,Electronics,1,394,394,PayPal
399,53,Kellie Tran,tara96@example.net,2026-02-17,Laptop,Accessories,2,644,1288,Cash
400,19,James Brewer,nrivera@example.org,2025-09-21,Laptop,Accessories,1,962,962,PayPal
401,46,Adam Smith,justin80@example.net,2025-03-08,Webcam,Photography,1,1036,1036,Cash
402,30,Nicole Brown,robert64@example.net,2025-05-31,Camera,Photography,4,58,232,PayPal
403,58,William Key,johnsonangela@example.org,2024-11-09,Headphones,Photography,5,464,2320,PayPal
404,42,Mario Tucker,eric11@example.net,2025-03-10,Monitor,Electronics,4,407,1628,Credit Card
405,52,Jill Cruz,jessedalton@example.com,2024-11-22,Smartphone,Photography,1,673,673,Credit Card
406,41,Sharon Guzman,kdavis@example.net,,Keyboard,Photography,5,1300,6500,Cash
407,54,Shelby Ryan,annettemorgan@example.org,2025-03-23,Smartphone,Electronics,4,716,2864,Credit Card
408,26,Robin Richards,anita25@example.com,2024-08-16,Mouse,Accessories,3,870,2610,Credit Card
409,41,Nathan Holland,wadechristopher@example.org,2025-02-23,Headphones,Photography,1,526,526,Credit Card
410,41,Kaylee Johnson,paigewade@example.org,2024-12-18,Tablet,Accessories,4,915,3660,Credit Card
411,49,Kenneth Ali,angelacollier@example.com,2025-05-27,Printer,Accessories,3,1057,3171,Credit Card
412,37,Amanda Estrada,ryandarryl@example.net,2025-01-19,Camera,Electronics,3,1229,3687,PayPal
413,40,John Martin,michael96@example.com,2024-04-13,Smartphone,Accessories,4,1280,5120,PayPal
414,62,Jordan Gonzalez,gclark@example.org,2026-01-01,Tablet,Electronics,2,925,1850,PayPal
415,21,Christopher Campos,sandraharris@example.org,,Webcam,Electronics,2,993,1986,PayPal
416,33,Kara Mcconnell,kellywilliams@example.org,,Mouse,Electronics,2,1138,2276,Cash
417,59,Michael Lowe,sally46@example.com,2024-11-14,Laptop,Photography,3,569,1707,Credit Card
418,31,Michael Cole,robert26@example.com,2024-06-26,Keyboard,Electronics,4,1401,5604,Credit Card
419,60,Jeffrey Thomas,falexander@example.org,2024-06-27,Camera,Photography,2,652,1304,Cash
420,29,Tara Shaw,eric75@example.net,2025-12-06,Printer,Photography,3,363,1089,PayPal
421,33,Robert Shah,kelseybarber@example.org,2024-12-03,Webcam,Photography,3,689,2067,Cash
422,30,Frank Freeman,nataliewhite@example.com,2024-03-08,Camera,Photography,3,990,2970,PayPal
423,30,Megan Stewart,robert38@example.com,2024-06-23,Keyboard,Electronics,4,853,3412,Cash
424,24,Jack Jordan,bedwards@example.org,2024-12-02,Smartphone,Photography,5,1279,6395,Cash
425,33,Angela Kim,josephandersen@example.org,2025-02-10,Keyboard,Photography,3,888,2664,PayPal
426,39,Justin Miller,scottcummings@example.net,2024-07-31,Mouse,Photography,3,124,372,Credit Card
427,38,Darryl Roberson,wward@example.org,2025-09-22,Speaker,Accessories,5,267,1335,Credit Card
428,34,John Willis,smithchristopher@example.net,2025-10-04,Mouse,Accessories,5,1406,7030,Cash
429,41,William Robertson,wayne93@example.com,2024-08-26,Smartphone,Photography,3,83,249,PayPal
430,66,Sheila Nixon,melissahernandez@example.com,2025-07-10,Laptop,Electronics,1,1288,1288,Credit Card
431,67,Andrea Finley,areed@example.com,,Camera,Accessories,2,1314,2628,Cash
432,23,Ashley Martin,nathan51@example.com,2025-03-31,Speaker,Accessories,4,1022,4088,PayPal
433,51,Karen Small,mark53@example.org,2024-09-17,Printer,Accessories,4,512,2048,PayPal
434,29,Eric Lane,onelson@example.com,2025-11-15,Tablet,Accessories,4,1099,4396,PayPal
435,63,Adam Phillips,matthewtucker@example.org,2024-03-20,Printer,Electronics,2,1104,2208,PayPal
436,29,Valerie Hickman,iwong@example.net,2024-09-01,Printer,Accessories,1,971,971,Credit Card
437,51,Richard Burke,alara@example.org,,Mouse,Photography,4,713,2852,PayPal
438,54,Peter Hendricks,castrotina@example.org,2025-02-03,Webcam,Electronics,1,128,128,Cash
439,19,Matthew Chavez,dmullen@example.org,2025-03-08,Smartphone,Electronics,5,981,4905,PayPal
440,45,Deborah Stuart,whitekaren@example.com,2026-02-26,Printer,Accessories,2,911,1822,PayPal
441,57,Melissa Smith,natalie35@example.net,2025-10-23,Webcam,Photography,4,210,840,Credit Card
442,70,Jeffrey James,mccoylindsay@example.org,2025-10-23,Webcam,Electronics,5,1292,6460,Cash
443,38,Brandon Galvan DDS,sandersdale@example.org,2025-10-29,Headphones,Electronics,2,637,1274,Credit Card
444,50,Michaela Page,williamskyle@example.net,2026-01-23,Printer,Electronics,4,1424,5696,PayPal
445,44,Christopher Ferguson,danielsalas@example.com,2025-06-11,Camera,Photography,2,1476,2952,Cash
446,31,Lori Smith,cartertodd@example.net,,Tablet,Photography,5,177,885,PayPal
447,67,,fischerjesus@example.com,,Smartphone,Photography,4,855,3420,PayPal
448,45,Tammy Garcia,malik13@example.net,2025-08-26,Monitor,Electronics,1,984,984,Cash
449,37,Kathryn Quinn,william32@example.net,2025-06-23,Speaker,Photography,5,1112,5560,Credit Card
450,28,Luis Dixon,joshua44@example.com,2024-09-05,Camera,Accessories,3,1297,3891,Credit Card
451,29,Dr. Luke Molina,melaniecastillo@example.net,2024-09-14,Webcam,Accessories,1,1295,1295,Credit Card
452,46,Hunter Gonzales,chendorothy@example.org,2025-11-07,Mouse,Electronics,2,248,496,PayPal
453,34,Jeffery Reed,campbelltasha@example.org,2025-04-28,Tablet,Photography,5,131,655,Cash
454,24,John Sanchez,vlane@example.net,2025-11-06,Camera,Accessories,3,437,1311,Cash
455,45,Jacob Carpenter,uturner@example.com,2024-05-17,Smartphone,Electronics,2,637,1274,Credit Card
456,42,Nicholas Watkins,hhernandez@example.net,,Camera,Photography,3,520,1560,Credit Card
457,18,Heather Mcconnell,leetimothy@example.org,2026-01-04,Webcam,Electronics,1,352,352,Credit Card
458,47,John Gilmore,wwhite@example.net,2025-03-23,Smartphone,Accessories,4,1000,4000,Credit Card
459,38,Marc Horton,kristyspears@example.com,2024-06-07,Webcam,Accessories,1,1173,1173,Cash
460,30,Wanda Fisher,peggy20@example.org,2025-02-25,Printer,Electronics,2,486,972,Credit Card
461,61,James Turner,paul54@example.com,2025-09-13,Camera,Photography,1,897,897,Credit Card
462,57,Anthony Harrison,wtaylor@example.com,2025-07-19,Smartphone,Photography,3,1356,4068,Cash
463,43,Veronica Diaz,hendrixbrandon@example.com,2025-01-13,Webcam,Photography,1,822,822,Credit Card
464,68,Alison Lane,jasonchandler@example.net,2024-09-15,Smartphone,Photography,4,428,1712,PayPal
465,35,Christina Clark,emily31@example.com,2024-03-18,Printer,Accessories,3,1074,3222,PayPal
466,29,Richard Dunlap,ueaton@example.org,2025-03-11,Printer,Accessories,3,820,2460,PayPal
467,65,Benjamin Owens,veronica62@example.net,2024-09-18,Keyboard,Electronics,4,224,896,PayPal
468,70,Joshua Coffey,williambaker@example.net,2024-06-01,Tablet,Photography,3,717,2151,Credit Card
469,56,Olivia Cabrera,gonzalesmarissa@example.net,2024-04-20,Webcam,Accessories,1,790,790,Cash
470,27,Matthew Smith,kimberly00@example.com,2025-11-10,Speaker,Photography,3,781,2343,PayPal
471,32,Jeffrey Monroe,james00@example.net,2025-05-04,Mouse,Electronics,4,459,1836,Cash
472,36,Adrian Evans,hardingjuan@example.org,2024-08-20,Printer,Photography,4,1279,5116,Credit Card
473,30,Brian Hurley,chelseavalenzuela@example.net,,Speaker,Photography,4,731,2924,Cash
474,50,Jason Nolan,braytracy@example.net,2024-12-25,Smartphone,Electronics,5,252,1260,Credit Card
475,27,Andrea Yoder,justinnewman@example.com,2024-10-17,Webcam,Electronics,3,1500,4500,PayPal
476,30,Michele Wilson,fjordan@example.com,2024-11-16,Mouse,Photography,1,1219,1219,Cash
477,34,Kristin Schroeder,eadams@example.com,2024-08-17,Laptop,Photography,,617,0,Cash
478,40,Kevin Smith,gcook@example.com,,Camera,Photography,4,381,1524,Credit Card
479,58,Amber Holt,campbellgabriel@example.org,,Laptop,Photography,2,215,430,PayPal
480,23,Dr. Margaret Jimenez,samanthabean@example.org,2025-03-26,Headphones,Photography,,944,0,Cash
481,69,Gloria Newman,danielrogers@example.com,2025-11-17,Printer,Accessories,4,510,2040,Cash
482,25,Megan Smith,qevans@example.net,2025-03-13,Laptop,Electronics,3,738,2214,Cash
483,23,Jordan Miller,jacquelineford@example.org,2024-03-28,Printer,Accessories,1,192,192,PayPal
484,22,,dylanbell@example.org,2025-01-23,Webcam,Electronics,3,1149,3447,PayPal
485,39,Danielle Dickson,ymiller@example.com,2025-04-16,Tablet,Electronics,1,207,207,Cash
486,38,Tyler Leonard,brianwest@example.com,2025-09-10,Keyboard,Photography,2,1233,2466,Cash
487,28,,melissawright@example.com,2025-02-21,Keyboard,Electronics,4,334,1336,Credit Card
488,65,Susan White,atkinsmichele@example.org,2026-01-27,Headphones,Electronics,5,404,2020,Cash
489,65,Morgan Wallace,melissa84@example.com,2025-02-04,Tablet,Accessories,5,205,1025,Credit Card
490,44,Karen Brown,mfranklin@example.com,2025-10-03,Laptop,Accessories,5,801,4005,Credit Card
491,18,Brandi White,nobrien@example.com,2026-01-07,Printer,Photography,5,442,2210,Credit Card
492,57,,ycraig@example.com,2024-11-03,Smartphone,Accessories,4,899,3596,Credit Card
493,32,Lucas Winters,millskimberly@example.com,2024-11-04,Webcam,Electronics,4,1383,5532,PayPal
494,44,Terry Fischer,amanda67@example.org,2025-09-13,Keyboard,Electronics,1,1000,1000,Credit Card
495,28,Diane Miller,briansmall@example.net,2025-12-16,Headphones,Accessories,5,132,660,Cash
496,32,Chad Jones,delgadojessica@example.com,2024-12-07,Tablet,Accessories,2,299,598,Cash
497,52,,zchase@example.com,2026-02-20,Mouse,Photography,4,907,3628,PayPal
498,54,Abigail Proctor,alexis84@example.org,2025-12-23,Tablet,Electronics,5,130,650,Credit Card
499,49,Brian Thompson,nicole89@example.net,,Tablet,Photography,3,705,2115,Cash
500,64,Mr. Mark Olson DDS,davidjackson@example.net,,Headphones,Electronics,4,1114,4456,Cash
501,59,Kevin Clark,christopher91@example.com,2025-05-07,Camera,Electronics,5,858,4290,PayPal
502,31,Albert Khan,tina92@example.com,2025-09-18,Speaker,Accessories,3,658,1974,PayPal
503,37,Phillip Smith,greenangela@example.com,2025-06-29,Headphones,Accessories,3,501,1503,PayPal
504,64,Christine Brown,vtaylor@example.org,2024-07-31,Camera,Accessories,1,307,307,PayPal
505,27,Amy Garrett,keithroberts@example.com,2025-03-21,Printer,Photography,1,861,861,Cash
506,29,Richard Mitchell,megan11@example.net,2024-11-11,Laptop,Electronics,4,1143,4572,Cash
507,57,Amy Ortiz,ruizwilliam@example.com,2025-11-19,Webcam,Accessories,3,874,2622,PayPal
508,35,Jill Gomez,jefferybutler@example.net,2025-07-20,Speaker,Photography,5,643,3215,Cash
509,44,Nicholas Lewis,stephaniedavis@example.net,,Monitor,Electronics,2,720,1440,Cash
510,47,Rebecca Hammond,james31@example.net,,Smartphone,Electronics,1,1082,1082,PayPal
511,44,Michael Garcia,david06@example.com,2025-02-27,Monitor,Electronics,3,527,1581,PayPal
512,67,Leah Nunez,barbarafox@example.com,2025-03-25,Camera,Electronics,2,1035,2070,Credit Card
513,39,Kevin Sanchez,peggy94@example.com,2025-07-29,Laptop,Electronics,4,1376,5504,Cash
514,43,Jason Kim,robert00@example.net,2026-01-24,Speaker,Photography,4,492,1968,PayPal
515,19,Martin Warren,jparker@example.org,2025-04-13,Printer,Accessories,4,41,164,Credit Card
516,42,Darlene Olson,jason62@example.com,2026-02-25,Tablet,Electronics,4,898,3592,PayPal
517,66,Kaitlyn Ray,conniejenkins@example.org,2025-08-07,Monitor,Electronics,3,78,234,Credit Card
518,30,John Odonnell,jenna51@example.net,2024-11-30,Speaker,Accessories,2,1263,2526,Cash
519,36,Julie Horton,stephanie99@example.com,2025-11-26,Keyboard,Photography,2,301,602,PayPal
520,25,Anthony Parker,pfrench@example.org,2025-10-27,Mouse,Electronics,3,92,276,Credit Card
521,44,Dustin Brewer,jonesbrandon@example.org,2025-11-22,Webcam,Photography,1,177,177,PayPal
522,43,Billy Phillips,huntermccarthy@example.net,2025-07-30,Keyboard,Electronics,2,446,892,Cash
523,39,Ruth Ritter,thomas73@example.net,2025-11-01,Camera,Electronics,4,301,1204,Credit Card
524,44,Michael Hunt,bradleybrett@example.com,2025-11-17,Mouse,Accessories,3,1133,3399,PayPal
525,26,Kaitlyn Franklin,derekmartin@example.net,2024-08-18,Camera,Photography,3,505,1515,Credit Card
526,50,Nicole Peterson,ericahobbs@example.com,2025-08-22,Mouse,Electronics,4,259,1036,Credit Card
527,33,Brittany Nunez,jeromejohnson@example.org,2025-10-30,Webcam,Accessories,4,438,1752,PayPal
528,59,Debra Lee,michellemartinez@example.org,2024-03-16,Headphones,Photography,5,799,3995,Credit Card
529,45,Aaron Hill,stephen47@example.com,,Speaker,Electronics,2,348,696,Credit Card
530,48,Amanda Wilson,melissa45@example.net,,Speaker,Accessories,4,799,3196,Cash
531,49,Kenneth Osborne,lgaines@example.com,2025-08-11,Headphones,Photography,1,368,368,Credit Card
532,54,Donald Logan,jacqueline12@example.org,2025-02-16,Laptop,Photography,4,290,1160,PayPal
533,56,Harry Green,williamdaniel@example.com,2025-05-02,Keyboard,Photography,5,862,4310,Cash
534,57,Lauren Gallegos,paul53@example.org,2025-07-23,Keyboard,Electronics,5,75,375,PayPal
535,38,Patricia Davis,imorgan@example.org,2024-12-25,Tablet,Electronics,3,1363,4089,Cash
536,20,Joshua Walsh,jacobsvictoria@example.net,2024-04-03,Headphones,Accessories,1,1269,1269,Cash
537,70,Jerry Russell,martinezjulie@example.net,2025-09-02,Smartphone,Photography,4,996,3984,Cash
538,70,Aaron Coleman,robertweber@example.org,2025-08-21,Headphones,Accessories,3,697,2091,PayPal
539,63,Joseph Hurley,mperry@example.net,2024-11-13,Keyboard,Photography,5,575,2875,Credit Card
540,69,Marc Peterson,lorigreen@example.net,2025-09-18,Keyboard,Photography,5,763,3815,Cash
541,19,Matthew Vincent,zramsey@example.org,2025-12-29,Printer,Electronics,2,678,1356,Cash
542,64,Melissa Conley,dwalker@example.com,2024-10-04,Mouse,Electronics,5,1037,5185,Cash
543,67,Shawn Turner,knelson@example.com,2025-04-21,Smartphone,Accessories,3,1088,3264,Credit Card
544,33,Kimberly Adams,kwhitehead@example.com,2024-10-07,Speaker,Photography,5,251,1255,Cash
545,20,Richard Simon,wwalker@example.org,2026-02-21,Printer,Electronics,2,1264,2528,PayPal
546,23,Sierra Bridges,wilsonjay@example.org,2025-01-02,Mouse,Accessories,2,276,552,PayPal
547,46,Shaun Rodriguez,yhorne@example.org,2025-05-16,Printer,Photography,5,1163,5815,Cash
548,55,Jacob Smith,qkirby@example.net,2024-12-16,Headphones,Accessories,1,368,368,PayPal
549,40,Sonya Martinez,michaelharris@example.org,2024-10-17,Speaker,Electronics,2,1128,2256,Credit Card
550,50,Audrey Gill,tuckerrachel@example.org,2024-03-08,Tablet,Electronics,4,296,1184,Credit Card
551,51,Nancy Galvan,ijimenez@example.net,,Camera,Photography,1,772,772,Cash
552,37,Michael Schroeder DVM,nancy41@example.com,2024-06-16,Mouse,Accessories,4,331,1324,PayPal
553,67,Paul Watson,staceyduncan@example.net,2025-10-28,Speaker,Electronics,3,910,2730,PayPal
554,49,Robert Schneider,vwashington@example.org,2024-07-21,Tablet,Electronics,5,134,670,Credit Card
555,23,William Willis,wendy28@example.org,2025-01-25,Tablet,Photography,1,219,219,Credit Card
556,46,Phyllis Russell,jessicalee@example.org,2025-07-17,Camera,Electronics,2,567,1134,Cash
557,66,Jessica Casey,christopher00@example.com,2025-01-05,Headphones,Photography,5,317,1585,Credit Card
558,60,Mary Walker,afernandez@example.com,2024-04-16,Headphones,Accessories,3,1236,3708,Cash
559,66,Mark Miller,matthew72@example.net,,Mouse,Electronics,2,963,1926,Credit Card
560,60,Christopher Lewis,aaronmartinez@example.com,2025-12-31,Monitor,Electronics,1,665,665,PayPal
561,59,Timothy Day MD,masonamy@example.org,2026-01-10,Monitor,Electronics,5,144,720,PayPal
562,31,Cynthia Hall,tbridges@example.org,2024-09-12,Mouse,Electronics,5,838,4190,PayPal
563,37,Colleen Lambert,mendozachloe@example.net,2025-04-04,Camera,Photography,2,395,790,Cash
564,59,Jason Williams,deanstephanie@example.com,2024-06-04,Headphones,Accessories,5,1298,6490,Credit Card
565,70,Tracy Adams,vanessatapia@example.org,2025-08-04,Headphones,Photography,5,1473,7365,PayPal
566,50,Kayla Smith,mclaughlinleah@example.org,2025-10-07,Monitor,Electronics,4,651,2604,Cash
567,48,Ann Robinson,pdavis@example.com,2025-05-21,Smartphone,Photography,2,642,1284,Credit Card
568,18,Joseph Trujillo,katieoliver@example.net,2025-03-21,Camera,Electronics,3,1078,3234,PayPal
569,56,Troy Zimmerman,charlesbrown@example.net,2025-09-07,Headphones,Accessories,1,980,980,Credit Card
570,18,Sergio Lee,rhonda18@example.net,2025-01-04,Camera,Accessories,2,1374,2748,Credit Card
571,64,Colin Miller,brittanybarnes@example.org,2025-07-08,Tablet,Accessories,1,1206,1206,PayPal
572,47,Tamara Pope,jessicamiller@example.com,2024-03-08,Mouse,Photography,4,1385,5540,Cash
573,44,Randy Cruz,samuel89@example.org,2025-06-27,Mouse,Photography,5,511,2555,PayPal
574,50,George Gibson,wrice@example.com,2024-06-07,Keyboard,Photography,1,456,456,Cash
575,28,Jasmin Wise,snyderemily@example.com,2025-11-27,Tablet,Electronics,2,162,324,Cash
576,36,Brianna Moore,zblevins@example.com,2024-03-03,Laptop,Accessories,4,1051,4204,PayPal
577,64,Alexis Richardson,christopherballard@example.org,2025-04-25,Speaker,Electronics,4,151,604,PayPal
578,67,Richard Sanchez,shanethomas@example.org,2024-03-15,Headphones,Accessories,1,1327,1327,PayPal
579,56,Luke Torres,herringdeborah@example.net,,Printer,Accessories,3,104,312,Cash
580,39,Ana Thompson,david48@example.org,2025-09-02,Laptop,Photography,2,160,320,Credit Card
581,62,Kevin Patterson,drandolph@example.net,2025-06-10,Keyboard,Accessories,4,1065,4260,Cash
582,60,William Willis,ginajones@example.com,2024-05-03,Headphones,Electronics,5,118,590,PayPal
583,39,Ryan Vazquez,archerjoshua@example.net,2025-08-11,Printer,Accessories,2,1253,2506,Cash
584,34,Rebekah Mercado,dominiquemartin@example.org,2024-04-02,Printer,Accessories,4,734,2936,Cash
585,55,Michael Jackson,donald14@example.org,2024-10-20,Monitor,Accessories,2,232,464,Cash
586,39,Tyler Williams,stephaniesoto@example.org,2024-05-18,Smartphone,Accessories,3,1374,4122,Cash
587,57,,timothypayne@example.net,2024-08-13,Laptop,Photography,4,1069,4276,Cash
588,21,Ronald Rosales,woodjacob@example.com,2025-03-02,Printer,Photography,5,294,1470,PayPal
589,58,,heatheranderson@example.org,2024-03-29,Laptop,Electronics,1,730,730,Credit Card
590,53,John Perez,johncooper@example.com,2025-06-05,Webcam,Accessories,3,1126,3378,Cash
591,70,Justin Stephenson,christine44@example.org,2025-10-26,Keyboard,Accessories,5,295,1475,Credit Card
592,34,Lindsay Suarez,andrew11@example.net,2025-11-20,Webcam,Photography,1,1217,1217,Credit Card
593,67,Mercedes Proctor,scottgarcia@example.com,2025-09-08,Keyboard,Photography,5,118,590,Credit Card
594,52,,laurenwise@example.org,2025-08-09,Tablet,Photography,4,332,1328,PayPal
595,44,Amanda Barton,kayla26@example.com,2024-10-07,Tablet,Electronics,2,251,502,PayPal
596,67,Shannon Young,nwatkins@example.net,2025-01-18,Headphones,Photography,5,496,2480,Credit Card
597,52,Brandi Simmons,brettmills@example.org,2025-04-21,Tablet,Electronics,3,1328,3984,PayPal
598,42,Norma Burton,haastimothy@example.com,2025-05-26,Mouse,Accessories,5,1000,5000,PayPal
599,44,Alice Jackson,kellyburgess@example.com,2025-05-30,Smartphone,Accessories,2,245,490,Credit Card
600,33,,wmartinez@example.net,2024-06-13,Laptop,Electronics,,169,0,PayPal
601,37,Mark Mitchell,grant02@example.com,,Headphones,Electronics,4,521,2084,PayPal
602,57,Dawn Hart,stevenjohnston@example.org,2026-02-18,Laptop,Accessories,5,75,375,Cash
603,41,,burgessshawn@example.net,,Speaker,Accessories,5,107,535,PayPal
604,32,Eric Bond,kellycooke@example.com,2026-02-16,Mouse,Accessories,1,190,190,Credit Card
605,55,Nicole Cruz,dylan06@example.org,,Speaker,Electronics,1,1288,1288,Credit Card
606,20,Katie Gordon,vwilson@example.net,,Headphones,Electronics,5,1092,5460,Cash
607,67,Kevin Carter,andersonmark@example.net,2024-03-28,Keyboard,Photography,3,949,2847,PayPal
608,41,Alexandra Hansen,kingdavid@example.net,2025-05-09,Headphones,Electronics,1,1066,1066,PayPal
609,21,,lmiller@example.org,2025-10-18,Keyboard,Photography,3,278,834,PayPal
610,61,Kristine Smith,chavezmadison@example.org,2025-05-29,Keyboard,Accessories,5,1286,6430,PayPal
611,50,Rachel Malone,gabrielaharrington@example.com,2025-08-01,Camera,Photography,4,501,2004,Cash
612,46,Darius Ellis,heather88@example.org,,Webcam,Electronics,3,1397,4191,Credit Card
613,62,Jeremy Poole,thomascaleb@example.com,2025-02-21,Keyboard,Accessories,3,298,894,PayPal
614,45,Vernon Gregory,hbrown@example.org,2025-06-15,Camera,Electronics,3,37,111,Credit Card
615,51,Robert Parsons,paul53@example.com,2024-07-25,Camera,Photography,4,993,3972,Credit Card
616,27,Joseph Nicholson,jameshicks@example.com,2024-04-17,Tablet,Electronics,4,1461,5844,PayPal
617,47,Frank Knight,thomasprice@example.net,,Laptop,Accessories,5,292,1460,Cash
618,37,Daniel Hood,seth38@example.com,2025-05-19,Smartphone,Photography,3,395,1185,Cash
619,27,Omar Key,kyleperkins@example.net,,Tablet,Accessories,3,684,2052,Cash
620,69,Melody Smith,dmiller@example.com,2025-06-04,Speaker,Electronics,1,841,841,PayPal
621,43,William Cross,melendezpeter@example.com,2024-03-27,Keyboard,Photography,3,569,1707,Credit Card
622,44,Kenneth Hudson,ewilkerson@example.com,2024-04-14,Printer,Accessories,4,490,1960,PayPal
623,58,Charles Ortiz,perrykatherine@example.org,2025-08-26,Laptop,Accessories,3,1227,3681,Credit Card
624,20,Carly Anderson,modonnell@example.org,2024-10-05,Headphones,Electronics,4,56,224,Cash
625,54,Brian Sandoval,rmaldonado@example.com,2024-04-30,Headphones,Photography,5,1399,6995,PayPal
626,60,Amy Richard,jonesjasmine@example.net,2025-12-30,Tablet,Electronics,5,885,4425,Cash
627,27,Maurice Martinez,dlam@example.net,2026-02-11,Printer,Accessories,1,381,381,Cash
628,70,Mark Kelly,kschaefer@example.org,2024-12-17,Webcam,Electronics,1,547,547,Credit Card
629,61,Brian Lynn,blong@example.com,2025-07-26,Mouse,Accessories,4,1349,5396,Cash
630,24,Tanya Holland,reginald52@example.org,2025-11-08,Mouse,Accessories,1,462,462,Credit Card
631,44,Julie Freeman,lindajones@example.net,2026-02-01,Mouse,Photography,2,1335,2670,Cash
632,43,Melissa Jackson,wgomez@example.org,2024-05-30,Keyboard,Accessories,3,66,198,Cash
633,69,Rhonda Lang,bergstephanie@example.com,2025-08-22,Monitor,Electronics,3,940,2820,Credit Card
634,35,Stephanie Smith,pricenicholas@example.org,2025-02-13,Laptop,Photography,5,1460,7300,Credit Card
635,61,Kimberly Walker,elizabethholder@example.org,2025-07-28,Printer,Photography,1,1260,1260,Credit Card
636,62,Christina Huff,chapmanrobert@example.net,2024-03-19,Printer,Accessories,1,514,514,PayPal
637,36,Edward Duran DDS,jose65@example.net,2024-10-30,Webcam,Photography,3,427,1281,Cash
638,44,Helen Schmitt,ariaskyle@example.org,2024-05-18,Tablet,Accessories,5,77,385,Credit Card
639,26,Renee Harrison,david24@example.net,2025-04-16,Smartphone,Photography,2,51,102,Cash
640,38,Joseph Beck,miguelfuentes@example.net,2024-09-04,Tablet,Photography,4,1250,5000,Cash
641,41,,ufrost@example.com,2025-11-11,Tablet,Electronics,1,558,558,PayPal
642,69,William White,qphillips@example.net,2025-11-02,Webcam,Accessories,5,1402,7010,PayPal
643,33,Robert Hensley,rdawson@example.org,2024-03-14,Speaker,Electronics,3,181,543,Credit Card
644,64,Jennifer Perez,donald76@example.net,2025-05-23,Printer,Photography,2,1112,2224,Cash
645,55,Ronald Mitchell,cherylrobinson@example.net,2025-11-10,Mouse,Accessories,3,786,2358,Cash
646,50,Trevor Reyes,efleming@example.net,2025-06-05,Tablet,Electronics,3,125,375,Cash
647,33,Lindsey Patterson,kyleballard@example.com,2024-10-08,Smartphone,Electronics,2,600,1200,Credit Card
648,35,Tony Marsh,coreypennington@example.com,2024-12-03,Laptop,Accessories,4,1141,4564,Cash
649,66,Ray Castillo,rachelholland@example.org,2024-06-10,Speaker,Accessories,5,1017,5085,PayPal
650,28,Richard Ramirez,pfarrell@example.net,2026-01-13,Keyboard,Accessories,3,929,2787,PayPal
651,21,Kenneth Navarro,randallpatel@example.org,2025-05-07,Monitor,Accessories,4,336,1344,Credit Card
652,33,Linda Casey,zacharythomas@example.net,2024-12-06,Printer,Accessories,1,293,293,Credit Card
653,41,Cynthia Edwards,mhernandez@example.org,2024-08-21,Webcam,Photography,5,1191,5955,PayPal
654,68,Lauren Walker,nestrada@example.com,2025-07-13,Camera,Photography,3,53,159,Cash
655,44,Michael Sanchez,danielle77@example.net,2024-08-15,Webcam,Electronics,5,1050,5250,Cash
656,20,Laurie Walton,anthonymoore@example.com,,Smartphone,Accessories,2,315,630,Credit Card
657,65,Matthew Edwards,mikaylasanchez@example.net,2025-09-29,Tablet,Accessories,1,987,987,Cash
658,22,Nicholas Gibson,catherinedrake@example.net,2026-01-03,Webcam,Photography,5,695,3475,PayPal
659,24,Melanie Fischer,floreserica@example.com,2025-01-20,Speaker,Accessories,5,897,4485,Cash
660,55,Timothy Mason,ugibbs@example.com,,Tablet,Electronics,5,404,2020,Credit Card
661,20,Eric Herrera PhD,kennethmorales@example.net,2024-12-23,Keyboard,Accessories,5,267,1335,PayPal
662,42,Susan Wallace,todd60@example.org,2026-02-27,Tablet,Accessories,1,685,685,PayPal
663,22,Catherine Cochran,fernandezedwin@example.net,,Mouse,Accessories,5,431,2155,Credit Card
664,46,Thomas Blackwell,kthomas@example.com,2025-04-17,Laptop,Accessories,4,316,1264,PayPal
665,49,Lacey Anderson,lhuffman@example.org,2024-12-12,Mouse,Electronics,1,199,199,Credit Card
666,21,,kathrynmorales@example.org,2024-03-28,Keyboard,Photography,2,1499,2998,Credit Card
667,47,Paula Clarke,denisehunt@example.net,,Laptop,Accessories,2,92,184,PayPal
668,27,Crystal Carpenter,eric55@example.org,2024-07-30,Webcam,Accessories,5,471,2355,PayPal
669,50,Alexandra Green,ybryant@example.org,2024-11-18,Speaker,Electronics,3,885,2655,PayPal
670,54,Travis Coleman,gwagner@example.com,2025-04-02,Smartphone,Accessories,1,1408,1408,Credit Card
671,61,Jordan Nichols,robert61@example.com,2025-03-20,Headphones,Electronics,3,272,816,Cash
672,26,Brian Clark,halljoshua@example.com,2025-03-31,Camera,Accessories,4,1022,4088,Credit Card
673,44,Brian Haynes,bhancock@example.org,2024-11-27,Keyboard,Accessories,1,229,229,Cash
674,61,Michelle Love,agonzales@example.net,,Monitor,Photography,3,1129,3387,Credit Card
675,41,Adrian Diaz,marcus60@example.net,2024-11-01,Headphones,Accessories,5,1350,6750,PayPal
676,66,Parker Roberts,anthony68@example.com,2025-04-16,Keyboard,Photography,2,1090,2180,Credit Card
677,53,Mary Andersen,dmolina@example.com,2025-12-15,Camera,Photography,5,132,660,PayPal
678,34,David Bates,tammysmith@example.org,2024-10-09,Speaker,Electronics,5,176,880,Credit Card
679,18,William Hall,fhart@example.org,2024-07-15,Printer,Accessories,3,170,510,Credit Card
680,21,Sarah Hanson,wallacecalvin@example.org,2025-07-28,Mouse,Electronics,5,763,3815,Credit Card
681,68,Kristin Stephens,annemacdonald@example.com,2024-12-24,Speaker,Accessories,1,983,983,Cash
682,37,Natalie Stewart,spitts@example.com,2025-03-24,Smartphone,Electronics,5,886,4430,PayPal
683,19,April Rocha,emily65@example.net,2025-04-04,Mouse,Photography,4,88,352,Cash
684,44,Jessica Kelley,urobinson@example.com,2024-11-28,Camera,Electronics,4,1013,4052,Cash
685,38,Alexander Benjamin,floresvirginia@example.net,2025-05-14,Speaker,Electronics,3,1040,3120,PayPal
686,51,Riley Briggs,plong@example.org,2025-01-06,Tablet,Photography,2,210,420,Credit Card
687,19,James Francis,ritterlauren@example.com,2024-03-24,Speaker,Accessories,4,518,2072,PayPal
688,67,Bridget Prince,cynthiawillis@example.org,2025-04-17,Webcam,Electronics,3,725,2175,PayPal
689,31,Angela Pierce,ricardobernard@example.com,2024-03-17,Smartphone,Accessories,2,458,916,Credit Card
690,58,James Price,smithkaren@example.org,2024-04-05,Webcam,Accessories,4,1294,5176,Credit Card
691,25,Michael Mccullough,johnstonrichard@example.com,2025-04-16,Keyboard,Electronics,2,497,994,PayPal
692,35,,bishopcharlene@example.com,2025-04-29,Printer,Photography,1,367,367,Credit Card
693,48,Tracy Bryant,shannoncarter@example.org,,Webcam,Electronics,4,940,3760,Cash
694,53,Selena Sanders,tranjacob@example.com,2025-07-16,Smartphone,Accessories,1,1025,1025,Credit Card
695,65,Christian Clay,hollyconrad@example.org,2025-10-11,Keyboard,Photography,5,973,4865,PayPal
696,47,,scottchristopher@example.org,2025-04-19,Camera,Accessories,5,1175,5875,Credit Card
697,32,Tina Martin,seanfranco@example.net,2024-10-26,Mouse,Photography,1,1074,1074,Credit Card
698,46,Christopher Lee,michaelperry@example.net,2024-12-17,Mouse,Accessories,1,696,696,PayPal
699,40,Kristin Atkins,perrymargaret@example.org,,Smartphone,Electronics,2,1271,2542,PayPal
700,26,,anthony47@example.net,,Monitor,Accessories,1,846,846,PayPal
701,36,Brett Velazquez,andreajones@example.com,2024-12-16,Smartphone,Photography,3,1128,3384,Cash
702,44,Joseph Alexander,hosborn@example.com,2026-01-10,Tablet,Electronics,2,606,1212,Cash
703,29,Zachary Reyes,todd05@example.net,2025-12-05,Keyboard,Accessories,2,635,1270,Cash
704,52,Scott Johnson,herreramarcus@example.org,2025-12-06,Mouse,Accessories,4,282,1128,Credit Card
705,26,Isaiah Pierce,ginalopez@example.net,,Headphones,Accessories,2,1229,2458,Credit Card
706,22,Katelyn Wade,imason@example.org,2025-11-18,Tablet,Photography,2,491,982,Cash
707,68,Spencer Duffy,betty67@example.com,2024-11-20,Speaker,Photography,2,516,1032,PayPal
708,62,Jesus Foster,cjones@example.com,2024-12-11,Keyboard,Electronics,5,924,4620,PayPal
709,42,Jacob Reed,potteramber@example.net,2025-10-30,Headphones,Accessories,3,785,2355,Credit Card
710,22,Christian Daniels,schultzrandall@example.org,2024-06-08,Speaker,Electronics,4,859,3436,Cash
711,44,Crystal Jenkins,emily50@example.com,2025-07-09,Smartphone,Photography,4,536,2144,Credit Card
712,49,Eric Frey,kevin31@example.com,2025-10-03,Smartphone,Electronics,5,645,3225,PayPal
713,55,Jill Schmidt,williamslauren@example.net,,Tablet,Photography,2,770,1540,PayPal
714,42,Mark Weaver,hartmanjeffery@example.com,2024-11-29,Headphones,Accessories,4,1084,4336,Cash
715,33,Kellie Miller,benjamingriffin@example.net,2025-08-18,Smartphone,Electronics,3,829,2487,Credit Card
716,65,Kathy Vasquez,daniel76@example.net,2025-11-23,Headphones,Electronics,4,1149,4596,Credit Card
717,40,Kevin Brewer,perkinsrita@example.net,2024-09-23,Smartphone,Photography,3,1064,3192,Credit Card
718,28,Jessica Jones,hsmith@example.net,2025-06-03,Laptop,Electronics,5,1057,5285,Credit Card
719,56,Christopher Smith,zbrown@example.net,2025-09-26,Webcam,Electronics,5,480,2400,PayPal
720,30,Robert Richards,christopher23@example.com,2024-09-02,Smartphone,Photography,1,190,190,Cash
721,46,Miss Amanda Jackson,christopher64@example.net,2025-03-21,Headphones,Photography,2,946,1892,Cash
722,19,Thomas Gregory MD,cmathis@example.org,2025-09-23,Speaker,Electronics,2,537,1074,Cash
723,61,Justin Wells,meyersroy@example.com,2024-07-17,Smartphone,Electronics,4,1076,4304,Cash
724,19,Angelica Wall,alogan@example.net,2025-08-27,Camera,Photography,2,692,1384,PayPal
725,60,Jon Jones,xbrown@example.com,2025-03-02,Monitor,Accessories,4,507,2028,Credit Card
726,32,Jacob Johns,zparrish@example.net,2025-10-11,Monitor,Electronics,2,163,326,Cash
727,55,Meghan Diaz,marvinbartlett@example.net,2024-05-26,Webcam,Accessories,1,1383,1383,PayPal
728,27,James Miranda,sandraorozco@example.org,2024-04-14,Printer,Accessories,5,779,3895,Credit Card
729,64,Emily Crawford,caleb89@example.net,,Webcam,Accessories,5,877,4385,Credit Card
730,57,,olsonbill@example.com,,Keyboard,Electronics,5,1407,7035,Credit Card
731,51,Ryan Patrick,abolton@example.net,2024-08-16,Keyboard,Photography,3,664,1992,PayPal
732,46,Thomas Burns,katherinehernandez@example.org,2024-12-26,Speaker,Accessories,4,149,596,Cash
733,65,,weverett@example.net,,Printer,Electronics,4,1090,4360,Credit Card
734,67,Cassandra King,margaret38@example.com,,Printer,Electronics,5,434,2170,PayPal
735,50,Kayla Contreras,williameverett@example.org,2025-08-09,Tablet,Electronics,3,881,2643,Credit Card
736,58,Sarah Johnson,armstrongedward@example.com,2024-10-24,Monitor,Photography,2,549,1098,PayPal
737,63,Tammy Whitehead,michelle82@example.org,2024-06-25,Tablet,Photography,2,1278,2556,Cash
738,19,,amygomez@example.net,2025-11-13,Keyboard,Photography,3,220,660,Cash
739,60,Lori Hernandez,whitneyjones@example.org,2025-08-22,Smartphone,Accessories,5,655,3275,Credit Card
740,69,Eric Lozano,tanya51@example.com,2024-07-22,Monitor,Accessories,1,666,666,PayPal
741,40,Mark Stanley,dianegonzalez@example.net,2024-03-25,Keyboard,Electronics,1,131,131,Cash
742,59,Dana Conway,ericawalker@example.net,2025-12-29,Keyboard,Electronics,5,1084,5420,Cash
743,43,Ashley Combs,fdonovan@example.org,2025-04-18,Laptop,Photography,2,722,1444,Cash
744,59,,dmason@example.com,2025-11-27,Headphones,Accessories,5,815,4075,Cash
745,41,Harold Hunter,lindsey83@example.net,2025-10-02,Webcam,Accessories,2,1025,2050,Credit Card
746,56,Mr. John Cox,benjamin13@example.com,2024-06-04,Speaker,Electronics,1,1170,1170,PayPal
747,43,Julie Peterson,lindsaywright@example.net,2026-02-04,Tablet,Electronics,5,288,1440,Cash
748,55,Joshua Little,morgancarter@example.com,2025-01-21,Keyboard,Accessories,2,110,220,Credit Card
749,47,Melanie Thomas,sharpstacey@example.org,2024-12-07,Printer,Electronics,4,1226,4904,PayPal
750,62,Christine Banks,rachel47@example.net,2025-09-12,Printer,Electronics,5,434,2170,Cash
751,58,Margaret Jacobs,shannon55@example.net,2024-08-07,Camera,Photography,1,474,474,Credit Card
752,37,,shelby77@example.com,2024-12-06,Keyboard,Photography,4,213,852,Credit Card
753,24,Jonathan Barton,wwhitehead@example.com,2025-07-10,Speaker,Accessories,1,827,827,PayPal
754,70,Kathleen Coleman,william16@example.net,2024-10-20,Camera,Photography,5,1013,5065,Cash
755,24,James Hensley,sdean@example.com,2025-04-17,Monitor,Photography,2,1489,2978,Credit Card
756,54,Jane Jones,lewiserica@example.org,2024-05-18,Webcam,Photography,2,1314,2628,Cash
757,29,Molly Harris,shelly91@example.org,2024-06-27,Headphones,Accessories,5,899,4495,PayPal
758,18,Hunter Sutton,craigcox@example.com,2024-06-04,Laptop,Photography,3,1046,3138,PayPal
759,43,Reginald Gonzalez,sanchezjames@example.com,2024-10-16,Camera,Accessories,4,376,1504,PayPal
760,49,Melissa Everett,megan82@example.com,,Smartphone,Electronics,1,495,495,PayPal
761,66,Robert Day,gsmith@example.net,2026-01-30,Mouse,Photography,5,754,3770,Cash
762,41,Scott Moreno,brooke11@example.org,2025-02-12,Laptop,Photography,5,1235,6175,PayPal
763,39,Melissa Caldwell,jeffrey97@example.net,2025-08-19,Smartphone,Photography,2,734,1468,Credit Card
764,47,Sarah Greene,kjones@example.com,2025-05-11,Webcam,Accessories,4,1426,5704,Credit Card
765,30,Stacey Serrano,holly16@example.org,2025-03-07,Speaker,Accessories,3,1234,3702,PayPal
766,47,Brandon Parrish,rachel42@example.net,2025-07-09,Monitor,Photography,4,833,3332,Cash
767,37,Courtney Daniel,laurie99@example.net,2025-04-10,Smartphone,Photography,4,951,3804,PayPal
768,62,Susan Dunn DVM,david69@example.com,2025-01-21,Laptop,Accessories,5,135,675,PayPal
769,49,Michael Smith,smithdavid@example.net,2024-09-30,Speaker,Accessories,4,1444,5776,PayPal
770,25,John Flores,matthew54@example.org,2025-05-20,Smartphone,Photography,5,152,760,PayPal
771,20,Kathleen Reid,zunigachristine@example.org,2024-10-07,Printer,Photography,2,812,1624,Cash
772,24,Sharon Silva,torresjustin@example.com,2025-06-25,Keyboard,Photography,2,455,910,Cash
773,33,Debbie Thompson,jonathanhull@example.org,,Camera,Accessories,5,815,4075,Cash
774,28,Stephen Campbell,danielvincent@example.com,2026-01-05,Speaker,Electronics,1,749,749,Credit Card
775,23,Jeffrey Moon,bowmanjason@example.net,2024-09-22,Monitor,Accessories,3,1359,4077,Credit Card
776,22,Katherine Smith,brettmarshall@example.com,,Tablet,Photography,1,264,264,PayPal
777,36,Sarah Gonzalez,amanda24@example.net,2025-12-18,Mouse,Photography,3,715,2145,Cash
778,25,Brenda Pacheco,santanapaul@example.org,2024-04-28,Camera,Electronics,1,1042,1042,Cash
779,70,Rhonda Spencer,nancygibson@example.com,2025-05-08,Keyboard,Electronics,1,77,77,PayPal
780,64,Zachary Johnson,josephrose@example.com,2025-08-19,Tablet,Electronics,5,547,2735,Cash
781,32,Jerry Rodriguez,xmoody@example.org,2024-12-29,Printer,Photography,5,1229,6145,PayPal
782,41,Nathaniel Huynh,abbottdebra@example.com,2024-03-14,Laptop,Electronics,2,1337,2674,Cash
783,65,Melissa Watkins,jackie30@example.net,2024-06-20,Smartphone,Electronics,5,1071,5355,PayPal
784,36,Daniel Avila,elizabeth75@example.net,2025-07-10,Laptop,Photography,1,550,550,Credit Card
785,32,Elizabeth Hebert,dakotacox@example.org,2025-07-08,Headphones,Photography,5,701,3505,Credit Card
786,19,Kevin Whitaker,aaronrandall@example.net,2025-08-18,Monitor,Accessories,3,1041,3123,PayPal
787,48,Danielle Brown,dawn45@example.net,2025-08-01,Webcam,Photography,2,168,336,Credit Card
788,34,Melissa Jones,xgreen@example.com,2024-10-01,Mouse,Accessories,5,50,250,Credit Card
789,54,Laura Mendoza,michael38@example.org,2024-03-22,Headphones,Electronics,5,886,4430,Credit Card
790,31,Sarah Pace,linda71@example.net,2024-10-29,Headphones,Photography,1,561,561,Credit Card
791,44,Allison Velez,daniel31@example.com,2024-06-21,Headphones,Photography,4,744,2976,PayPal
792,20,Debra Gonzalez,chamberstammy@example.org,2025-12-30,Tablet,Accessories,2,1196,2392,PayPal
793,33,Tiffany Zamora,ogibson@example.net,2025-12-07,Laptop,Accessories,5,1135,5675,PayPal
794,33,Samantha Sandoval,iholmes@example.net,2025-08-17,Speaker,Photography,1,1308,1308,Cash
795,63,Antonio Davis,emily46@example.org,2025-02-22,Webcam,Photography,5,298,1490,PayPal
796,48,Christine Burke,malikjones@example.com,2024-12-24,Camera,Accessories,1,1274,1274,Cash
797,49,Shannon Hawkins,laura45@example.org,2025-07-08,Speaker,Electronics,2,167,334,Cash
798,44,,laura25@example.com,2024-09-18,Laptop,Photography,2,519,1038,Cash
799,41,Erin Snow,johnnelson@example.org,,Printer,Accessories,2,1230,2460,PayPal
800,33,Drew Harvey,russellmark@example.com,2025-08-03,Monitor,Electronics,2,59,118,Cash
801,46,Shelby Hines,qsimmons@example.net,2025-03-27,Smartphone,Accessories,3,697,2091,Cash
802,31,Christina Gonzalez,pagedonald@example.com,2024-08-05,Headphones,Accessories,4,1208,4832,Credit Card
803,38,Stanley Hernandez,karensmith@example.org,2024-05-29,Tablet,Accessories,2,1445,2890,Credit Card
804,46,Andrew Barker,jamescompton@example.com,,Smartphone,Photography,1,180,180,Credit Card
805,19,Christopher Washington,ariasrebecca@example.org,2025-06-05,Webcam,Photography,3,1057,3171,Cash
806,46,Jeremy Trujillo,sdavis@example.net,,Laptop,Accessories,5,641,3205,Credit Card
807,26,Nancy Miller,john78@example.com,2024-06-09,Speaker,Accessories,2,632,1264,Cash
808,36,Richard Steele,barry58@example.com,2025-11-26,Headphones,Photography,5,1174,5870,Credit Card
809,66,Jennifer Taylor,jennifer06@example.org,2025-03-31,Camera,Photography,5,947,4735,Credit Card
810,57,Tammy Mooney,spearselizabeth@example.com,2024-04-18,Printer,Accessories,1,870,870,Credit Card
811,26,Zachary Brown,donnaleonard@example.net,2024-09-28,Headphones,Electronics,3,1384,4152,Cash
812,35,Michael Williams,millerteresa@example.net,2024-08-12,Smartphone,Photography,1,146,146,Credit Card
813,25,Patricia Villarreal,vpatel@example.org,2024-12-19,Monitor,Electronics,3,482,1446,PayPal
814,45,Daniel Hicks,jenkinstracy@example.net,2025-06-24,Camera,Accessories,3,1158,3474,PayPal
815,47,Kevin Mercado,srodriguez@example.org,2024-08-25,Webcam,Electronics,2,80,160,PayPal
816,45,Jamie Foster DDS,charlesriddle@example.com,2025-11-30,Laptop,Accessories,3,1324,3972,PayPal
817,37,,denise96@example.com,2025-08-19,Keyboard,Electronics,2,839,1678,PayPal
818,70,Ashley Murray,barrerakaylee@example.net,2026-02-15,Laptop,Electronics,2,801,1602,Credit Card
819,57,Autumn Brown,timothy36@example.net,,Keyboard,Electronics,1,966,966,Cash
820,33,Michael Allen,hicksbrian@example.net,2025-01-10,Keyboard,Electronics,2,180,360,Credit Card
821,46,Johnny Bell,matthew12@example.com,2025-01-15,Speaker,Electronics,1,648,648,Credit Card
822,21,Carol Lynn,donald07@example.org,2024-07-18,Keyboard,Accessories,1,411,411,Credit Card
823,68,James Watts,daniel11@example.net,2024-11-22,Headphones,Photography,1,1109,1109,Cash
824,24,Devin Chavez,javier32@example.org,2025-06-22,Camera,Electronics,5,315,1575,Credit Card
825,51,Stephen Allen,davissara@example.net,2025-05-22,Keyboard,Electronics,1,966,966,Cash
826,61,Megan Hamilton,zharrison@example.com,2025-12-22,Keyboard,Electronics,1,1290,1290,Credit Card
827,69,Bryan Lopez,kendrafrank@example.org,2024-11-08,Printer,Accessories,1,425,425,Credit Card
828,28,Jennifer Gonzalez,montgomerysara@example.org,2024-11-21,Headphones,Accessories,4,1475,5900,PayPal
829,52,Jean Thomas,greenedavid@example.net,2026-02-21,Tablet,Photography,2,1440,2880,PayPal
830,67,Dennis Valenzuela,jarvisaaron@example.net,2025-05-16,Tablet,Accessories,1,1185,1185,Cash
831,63,Julie Bauer,ramosmichael@example.net,2025-10-14,Headphones,Photography,2,1058,2116,Credit Card
832,19,Courtney Bender,jamescox@example.net,2024-06-26,Printer,Electronics,4,399,1596,Cash
833,63,Robert Johnson,michaelnelson@example.net,2025-10-17,Tablet,Photography,4,1494,5976,PayPal
834,25,George Gonzales,nrodriguez@example.org,2024-04-23,Headphones,Photography,4,918,3672,Cash
835,55,Matthew Watkins,taylorlaurie@example.net,2025-06-25,Laptop,Accessories,5,1394,6970,PayPal
836,31,Christopher Montgomery,bethany87@example.com,2025-08-29,Keyboard,Accessories,1,1363,1363,Cash
837,49,Janet Lopez,marycooper@example.net,2024-07-01,Laptop,Accessories,3,1350,4050,PayPal
838,22,Natalie King,robert60@example.com,2024-03-27,Webcam,Photography,1,91,91,Cash
839,65,Lawrence Harris,james83@example.org,2025-05-20,Webcam,Electronics,1,707,707,Cash
840,29,Danny Horn,odavis@example.com,2026-01-19,Tablet,Electronics,2,1269,2538,Credit Card
841,40,Anne Wright,daniel42@example.com,,Monitor,Accessories,2,614,1228,PayPal
842,51,Elizabeth Yu,atkinsonlori@example.net,2024-05-28,Printer,Photography,4,583,2332,Credit Card
843,34,Daniel Decker,barbergabriel@example.net,2024-08-27,Tablet,Electronics,4,457,1828,Credit Card
844,69,Patricia Smith,kennedyrachel@example.org,2025-06-28,Mouse,Photography,5,260,1300,Credit Card
845,70,Mrs. Nicole Leonard,ryanross@example.org,2025-01-24,Smartphone,Electronics,,858,0,PayPal
846,64,James Johnson,william14@example.com,2024-09-22,Laptop,Electronics,5,1218,6090,Credit Card
847,20,Jennifer Cole,rlawson@example.net,2025-03-11,Tablet,Accessories,3,767,2301,Cash
848,63,William Carroll,markhughes@example.com,2025-05-25,Speaker,Electronics,4,976,3904,Cash
849,58,Darlene Wallace,walter75@example.net,2024-12-31,Mouse,Accessories,3,514,1542,Cash
850,70,Robin Brown,edward70@example.net,2025-08-24,Mouse,Electronics,5,1237,6185,Credit Card
851,39,Ralph Jones,johnchen@example.net,2024-04-18,Webcam,Photography,4,957,3828,Credit Card
852,59,,robertnash@example.net,2025-01-24,Headphones,Photography,2,208,416,PayPal
853,27,Michael Wilson,joelsmith@example.org,2024-05-25,Speaker,Accessories,4,1022,4088,Cash
854,63,Janice Thompson,allen28@example.org,2024-12-06,Smartphone,Photography,1,988,988,PayPal
855,49,Vincent Franklin,chelseaholland@example.net,2025-08-07,Mouse,Accessories,3,1394,4182,Credit Card
856,52,Ronald Jones,olsonrichard@example.org,2025-02-15,Tablet,Electronics,3,956,2868,Credit Card
857,33,Alexander Powell,deniseeaton@example.com,2025-04-23,Headphones,Photography,5,21,105,PayPal
858,33,Faith Shaw,scott45@example.com,2024-10-23,Camera,Photography,2,67,134,Cash
859,22,Sharon Webb,amanda80@example.org,2025-02-08,Monitor,Photography,5,414,2070,PayPal
860,52,Teresa Alexander,jonescarol@example.org,2024-05-28,Tablet,Electronics,3,1190,3570,PayPal
861,61,Joel Christensen,staffordmaria@example.com,2024-12-02,Headphones,Electronics,2,326,652,Cash
862,48,Daniel Allen,umack@example.org,2025-06-06,Laptop,Photography,2,832,1664,PayPal
863,50,Jon Sandoval,anthony82@example.org,2025-08-06,Smartphone,Accessories,,920,0,Credit Card
864,65,,thomas68@example.com,2025-09-27,Speaker,Photography,1,1075,1075,Credit Card
865,33,Amanda Ramsey,millskristine@example.com,2025-11-15,Monitor,Photography,1,1172,1172,Cash
866,24,Joseph Howard,kimberlywatson@example.org,2025-08-22,Webcam,Electronics,2,1223,2446,PayPal
867,45,Sabrina Thompson,melissaconner@example.net,2025-06-09,Keyboard,Accessories,3,1105,3315,Credit Card
868,60,Alex Cruz,epalmer@example.org,,Speaker,Photography,1,1372,1372,Cash
869,66,Theresa Smith,sheilajackson@example.net,,Speaker,Photography,5,1146,5730,Credit Card
870,68,Brenda Pearson,estradajohn@example.com,2025-04-21,Monitor,Electronics,3,493,1479,Cash
871,24,Kimberly Mills,kellymichelle@example.org,2026-02-07,Headphones,Photography,3,1237,3711,Cash
872,25,Patrick Kirby,anthonyjohnson@example.com,,Headphones,Photography,3,836,2508,PayPal
873,63,Dean James,myersbreanna@example.net,2024-07-09,Camera,Photography,5,731,3655,Credit Card
874,59,Natasha Stone,daniellewis@example.com,2025-12-26,Printer,Accessories,4,941,3764,Credit Card
875,30,Amanda Novak,ramirezchristy@example.org,2024-07-08,Laptop,Electronics,3,1083,3249,Cash
876,18,Karen Lynch,jonesjessica@example.net,2025-07-23,Laptop,Photography,4,474,1896,Cash
877,40,Kimberly Williams,timothymorton@example.com,2024-03-12,Smartphone,Photography,4,1183,4732,Cash
878,35,Alexis Blair,christopher24@example.org,2024-07-02,Printer,Accessories,2,1342,2684,Cash
879,69,Karen Garcia MD,kruegerchristopher@example.net,2024-10-17,Speaker,Electronics,5,66,330,Cash
880,57,William Lee,yolanda60@example.org,2025-06-22,Camera,Electronics,1,783,783,PayPal
881,62,Brandon Vincent,patrick54@example.org,2024-06-24,Laptop,Photography,3,1161,3483,Cash
882,35,Sarah Price,elindsey@example.org,2025-04-17,Headphones,Electronics,4,161,644,Credit Card
883,67,Mike Lin,hunterdavid@example.net,2026-01-19,Laptop,Accessories,1,664,664,Credit Card
884,60,Patricia Ali,gthornton@example.net,2025-12-18,Camera,Electronics,3,494,1482,PayPal
885,29,Laura Gross,jacksonsamuel@example.com,2024-10-12,Camera,Electronics,4,167,668,Cash
886,37,Danny Weber,margaretmahoney@example.net,2024-03-05,Mouse,Photography,5,1042,5210,PayPal
887,31,Sara Diaz,johnsonjoshua@example.com,2024-06-07,Keyboard,Photography,5,219,1095,PayPal
888,55,Maria Taylor,wsmith@example.org,2024-10-11,Tablet,Electronics,5,108,540,Credit Card
889,37,Jennifer Simon,trevorsmith@example.com,2025-03-04,Laptop,Accessories,2,796,1592,Cash
890,19,Gina Orr,jason28@example.net,2025-01-31,Tablet,Photography,3,416,1248,Cash
891,28,Andrea Brown,hallashley@example.com,2025-01-01,Laptop,Electronics,3,487,1461,Credit Card
892,45,Mr. Noah Berry Jr.,sandrahernandez@example.org,2025-06-02,Keyboard,Accessories,4,856,3424,PayPal
893,29,Misty Owen,ewalker@example.net,2024-10-08,Laptop,Electronics,4,300,1200,Cash
894,24,Stephanie Moreno,cranescott@example.net,2025-04-08,Laptop,Electronics,5,249,1245,PayPal
895,61,Cory Baker,mistyharrington@example.com,2025-04-05,Webcam,Photography,5,212,1060,PayPal
896,55,Matthew Figueroa,ryan07@example.net,2024-08-04,Webcam,Photography,2,1213,2426,Cash
897,61,Patricia Scott,wbrown@example.net,2024-11-07,Mouse,Photography,3,966,2898,Cash
898,38,Melinda Jones,andersonbrian@example.com,2024-10-15,Printer,Accessories,2,384,768,Cash
899,45,Brooke Gutierrez,michaelboone@example.org,,Printer,Electronics,2,673,1346,Credit Card
900,36,Tara Morrison,bwoods@example.org,2025-04-20,Camera,Electronics,5,1049,5245,Cash
901,45,Justin Henderson,justincastaneda@example.com,2025-11-27,Laptop,Electronics,2,1226,2452,Credit Card
902,20,Natalie Glenn,shannonjennings@example.com,2024-06-13,Keyboard,Accessories,4,1350,5400,Credit Card
903,22,John Lee,ythomas@example.com,2025-10-06,Speaker,Photography,4,83,332,Credit Card
904,18,Kerry Gomez,jamesromero@example.org,2024-08-15,Mouse,Photography,4,975,3900,Cash
905,62,Lindsay Snyder,zweaver@example.com,2025-08-20,Monitor,Electronics,2,972,1944,Cash
906,25,Dawn Harris,griffinwilliam@example.net,2024-05-03,Tablet,Electronics,3,607,1821,PayPal
907,46,James Benitez,jonesbrandon@example.org,,Laptop,Photography,5,330,1650,Credit Card
908,18,Todd Waters,bryansmith@example.org,2025-03-26,Monitor,Photography,1,153,153,Credit Card
909,24,Collin Jones,bradleyweeks@example.net,2025-04-04,Printer,Accessories,2,380,760,PayPal
910,36,Miguel Flores,aliciatyler@example.org,2025-05-12,Webcam,Electronics,3,1195,3585,Credit Card
911,64,Laura Stone,michael77@example.org,2025-01-20,Monitor,Accessories,4,128,512,Cash
912,46,Andrew Greene,nancy05@example.org,2024-12-09,Headphones,Accessories,3,73,219,PayPal
913,52,,melissa05@example.net,2025-08-02,Laptop,Electronics,5,304,1520,PayPal
914,29,Stephanie Cox,bridgescrystal@example.com,2025-03-27,Smartphone,Electronics,2,153,306,Cash
915,39,Jennifer Wang,wolfemichele@example.org,2024-05-30,Laptop,Electronics,3,1277,3831,Credit Card
916,49,Mary Castaneda,psutton@example.org,2025-07-31,Webcam,Photography,3,1348,4044,Cash
917,28,Jason Mcclure,lwilkins@example.org,,Keyboard,Photography,4,740,2960,Cash
918,41,Vincent Harris,laurendiaz@example.com,2024-06-26,Monitor,Photography,5,720,3600,Cash
919,46,Mary Hernandez,andersonmary@example.net,,Webcam,Electronics,4,801,3204,PayPal
920,64,Scott Smith,alyssamartin@example.com,,Webcam,Accessories,1,209,209,Cash
921,52,Brittany Munoz,ihoward@example.org,2025-02-24,Headphones,Accessories,4,1174,4696,PayPal
922,34,Jacob Diaz,udavis@example.com,2024-07-19,Mouse,Photography,2,1246,2492,Credit Card
923,43,Bianca Black,jason04@example.net,2024-06-21,Headphones,Accessories,4,107,428,PayPal
924,68,Rachel Williams DDS,rogerswilliam@example.net,,Printer,Photography,,927,0,Credit Card
925,44,Lisa Mccarthy,reyesmary@example.org,2024-06-25,Printer,Electronics,3,224,672,Credit Card
926,60,Monique Jones,bbrowning@example.com,,Mouse,Electronics,5,1095,5475,Credit Card
927,29,Melissa Parker,andrew28@example.com,2025-12-23,Laptop,Electronics,4,385,1540,Cash
928,24,Bradley Floyd,simsnathan@example.org,2025-05-29,Camera,Electronics,3,1033,3099,Cash
929,69,Lauren Cohen,alan36@example.com,2024-07-25,Laptop,Electronics,1,407,407,Cash
930,29,,hunterheather@example.com,2025-03-25,Webcam,Photography,5,569,2845,Cash
931,31,Andrew Green,wbell@example.org,2024-12-15,Printer,Accessories,1,1053,1053,PayPal
932,24,Colton Kim,nicolenicholson@example.net,2025-10-30,Monitor,Accessories,4,656,2624,Cash
933,64,Mr. Zachary Williams PhD,davidhorton@example.org,2024-07-25,Smartphone,Photography,3,222,666,Credit Card
934,45,Mark Lewis Jr.,ewagner@example.net,2026-02-08,Webcam,Photography,2,1037,2074,PayPal
935,70,Andrew Bradley,riveraarthur@example.com,2025-08-31,Webcam,Electronics,3,1100,3300,PayPal
936,46,,stevenanderson@example.org,2024-12-05,Keyboard,Electronics,2,367,734,Credit Card
937,55,Jesse Sanders,matthewmoody@example.net,,Headphones,Photography,1,23,23,PayPal
938,69,Sarah Bates,garrettburns@example.org,2025-04-03,Smartphone,Electronics,4,1260,5040,PayPal
939,19,Bobby Lee,amanda40@example.net,2024-03-06,Tablet,Photography,3,1436,4308,PayPal
940,34,Richard Taylor,steven71@example.net,2024-03-13,Monitor,Accessories,1,1232,1232,Cash
941,65,Alex Winters,henry84@example.com,,Monitor,Electronics,2,1479,2958,PayPal
942,62,Brianna Aguilar,arthur66@example.net,2024-03-31,Mouse,Electronics,4,226,904,PayPal
943,48,Richard Hatfield,mitchelllucas@example.net,2024-05-28,Speaker,Electronics,4,391,1564,Cash
944,29,Jacqueline White,brewerwillie@example.com,2025-07-17,Laptop,Accessories,2,870,1740,Cash
945,34,Ernest Carlson,shermanamanda@example.org,2024-06-03,Tablet,Accessories,3,983,2949,Cash
946,60,Shelby Woods,gonzalezkristi@example.com,2025-01-28,Webcam,Accessories,3,1228,3684,PayPal
947,49,Mr. Steven Green,candacefisher@example.net,2025-05-23,Headphones,Electronics,3,66,198,Credit Card
948,59,Carolyn Williams,gabrielle66@example.net,2024-04-08,Speaker,Photography,1,1147,1147,PayPal
949,29,James Duncan,blakebailey@example.net,2026-01-24,Mouse,Photography,3,1365,4095,PayPal
950,45,Tyler West,jacksondonna@example.net,2026-02-07,Laptop,Accessories,3,827,2481,PayPal
951,46,Gail Avila,laura71@example.net,2024-09-04,Smartphone,Accessories,5,779,3895,PayPal
952,23,Jacqueline Dunn,andrew06@example.net,2025-08-02,Laptop,Photography,4,584,2336,Cash
953,69,Holly Mitchell,jay30@example.com,2025-08-22,Printer,Accessories,5,563,2815,Cash
954,36,Jeffrey Scott,melanielowery@example.net,2024-08-31,Headphones,Electronics,2,892,1784,Credit Card
955,38,Angela Herrera,andrew82@example.net,2024-03-05,Monitor,Accessories,5,593,2965,Credit Card
956,69,John Snyder,emilygeorge@example.net,,Laptop,Electronics,5,865,4325,Credit Card
957,19,Laura Thompson,laurensmith@example.org,2024-12-24,Keyboard,Photography,2,352,704,PayPal
958,56,,mmiller@example.com,2025-07-03,Webcam,Accessories,5,1327,6635,Cash
959,26,Bradley Walker,wardmeghan@example.net,2025-03-18,Laptop,Accessories,3,608,1824,Cash
960,46,,melissacook@example.net,2025-05-12,Webcam,Accessories,1,896,896,PayPal
961,23,Nichole Burton,travis92@example.org,2024-06-19,Keyboard,Electronics,1,1492,1492,Credit Card
962,18,James Kelly,xhardin@example.org,2025-06-27,Tablet,Photography,,625,0,PayPal
963,58,Michael Graves,samanthaowens@example.org,2026-02-04,Camera,Electronics,3,53,159,Credit Card
964,53,Albert Singh,walkerdennis@example.org,2024-05-23,Printer,Accessories,1,1345,1345,PayPal
965,66,Jordan Wilson,astafford@example.com,,Speaker,Accessories,4,880,3520,Cash
966,31,Travis Villanueva,adamnguyen@example.com,2024-06-18,Headphones,Accessories,3,51,153,Credit Card
967,37,Patrick Gardner,powellmatthew@example.com,2025-09-10,Camera,Electronics,4,876,3504,Cash
968,54,Brenda Rodriguez,linda80@example.org,,Laptop,Photography,4,505,2020,Cash
969,70,Jared Kirby,yeseniamason@example.org,,Tablet,Photography,1,461,461,Credit Card
970,33,Rebecca Cummings,ibird@example.com,2024-11-12,Keyboard,Photography,2,923,1846,Credit Card
971,24,Leah Yang,megan12@example.net,2024-06-10,Tablet,Photography,4,876,3504,Cash
972,61,Jonathan Dunn,adam26@example.com,,Printer,Electronics,3,226,678,PayPal
973,59,Jason Lewis,justinrocha@example.org,2025-09-06,Camera,Accessories,5,1472,7360,Credit Card
974,32,Kelli Mclaughlin,justin78@example.org,2026-01-22,Camera,Photography,3,104,312,PayPal
975,19,Nathaniel Wilson,michaellynch@example.org,2024-08-20,Headphones,Accessories,3,695,2085,Cash
976,53,Jessica Charles,sherrihenderson@example.com,2025-08-11,Camera,Electronics,5,262,1310,Credit Card
977,53,Wayne Carson,michael58@example.org,,Speaker,Photography,5,496,2480,Cash
978,61,Brian White,xcampbell@example.net,2024-12-25,Speaker,Photography,4,731,2924,PayPal
979,38,Alicia Ortiz,mmcclure@example.org,2024-06-24,Speaker,Electronics,5,860,4300,Credit Card
980,40,Rebekah Floyd,rpetty@example.com,2025-04-16,Printer,Photography,2,750,1500,Credit Card
981,37,,esimmons@example.net,2025-04-01,Printer,Photography,3,214,642,PayPal
982,37,,ana83@example.org,2024-07-09,Webcam,Electronics,1,1035,1035,PayPal
983,40,Christopher Cook,wattsashley@example.net,2025-11-27,Laptop,Accessories,1,603,603,Credit Card
984,69,,christopher53@example.net,2025-03-10,Smartphone,Photography,4,1090,4360,Cash
985,28,Dana Arnold,cheneric@example.net,2024-10-30,Monitor,Photography,4,1254,5016,Cash
986,31,Clifford Carter,sabrinamunoz@example.net,2024-12-02,Speaker,Accessories,4,1134,4536,Credit Card
987,37,Lisa Fisher,edwardconrad@example.com,2025-06-15,Printer,Accessories,3,241,723,PayPal
988,30,Nathan Lutz,lawrence50@example.com,2025-01-03,Tablet,Photography,2,671,1342,PayPal
989,51,Kenneth Bennett,dmooney@example.org,2026-02-06,Monitor,Electronics,1,1099,1099,PayPal
990,57,Chelsea Richards,andersonchristopher@example.org,2024-04-12,Monitor,Photography,1,999,999,Cash
991,63,Elizabeth Bauer,dianamartin@example.net,2025-05-16,Keyboard,Accessories,2,513,1026,Credit Card
992,28,,samantha39@example.org,2024-08-26,Webcam,Photography,3,1452,4356,PayPal
993,57,Kimberly White,jessechen@example.com,2024-11-27,Monitor,Photography,1,819,819,Cash
994,54,Dr. Susan Cooper,mhill@example.net,2024-10-31,Speaker,Electronics,4,153,612,Credit Card
995,39,Valerie Mendez,lynchteresa@example.net,2024-09-15,Headphones,Photography,3,374,1122,Credit Card
996,25,Anthony Lee,duncanjordan@example.net,2025-06-21,Laptop,Accessories,1,1457,1457,PayPal
997,29,Eileen Stephenson,dylanlang@example.com,2025-11-05,Headphones,Photography,2,395,790,PayPal
998,70,Christina Dean,kristen71@example.org,2025-04-17,Camera,Photography,2,475,950,Cash
999,66,Autumn Sims,sarah60@example.com,2026-01-11,Headphones,Electronics,4,1414,5656,Credit Card
1000,66,Kayla Dunn,jacquelineruiz@example.org,2025-11-10,Camera,Electronics,2,1165,2330,PayPal
1001,24,Mark Burton,ashleyflores@example.org,2024-12-04,Mouse,Photography,2,689,1378,Cash
1002,43,Jennifer Mckay,tracylong@example.org,,Tablet,Electronics,2,772,1544,Credit Card
1003,24,Bradley Bowers,catherine14@example.com,2025-09-10,Mouse,Electronics,5,564,2820,PayPal
1004,39,Jessica Carter,cortezholly@example.org,2025-12-26,Smartphone,Photography,2,846,1692,Cash
1005,56,Tanya Johnson,aadams@example.net,2025-06-03,Monitor,Photography,2,1254,2508,Credit Card
1006,19,Marvin Smith,lorishaffer@example.org,2024-09-12,Monitor,Photography,5,1065,5325,PayPal
1007,24,Teresa Williams,medinajason@example.org,2024-07-09,Webcam,Electronics,3,583,1749,PayPal
1008,28,Katrina Brown,collinsashley@example.net,2024-03-24,Camera,Electronics,4,744,2976,Cash
1009,34,Rhonda Cordova,charlesmarshall@example.org,,Smartphone,Photography,4,1309,5236,Credit Card
1010,20,Cameron Taylor,michaelmiller@example.net,2024-12-31,Laptop,Electronics,3,1345,4035,PayPal
1011,66,Annette Whitney,chadmccormick@example.com,2025-06-02,Speaker,Electronics,2,232,464,Credit Card
1012,68,Laura Blair,hmitchell@example.org,2025-05-10,Speaker,Photography,3,331,993,PayPal
1013,59,Michelle Marquez,wellsjoe@example.org,2024-09-03,Monitor,Photography,1,593,593,PayPal
1014,21,Terri Allen,mary37@example.net,2024-03-25,Mouse,Photography,1,1405,1405,Cash
1015,30,,penamegan@example.net,2025-12-04,Smartphone,Photography,1,831,831,Credit Card
1016,18,Caroline Pennington,racheltran@example.net,2024-09-09,Smartphone,Accessories,3,654,1962,Credit Card
1017,53,James Johnson,david49@example.com,2025-02-18,Webcam,Electronics,5,584,2920,PayPal
1018,36,Anthony Webb,sbrown@example.org,2025-03-19,Speaker,Electronics,3,224,672,Cash
1019,42,Regina Hall,holtwilliam@example.com,2025-04-25,Speaker,Photography,3,952,2856,Credit Card
1020,47,Erica Moore,jackmcdonald@example.com,2025-12-23,Headphones,Accessories,4,738,2952,PayPal
1021,51,Laura Young,ycrosby@example.com,2025-12-19,Webcam,Electronics,2,79,158,Cash
1022,65,Sara Roberts,andrew91@example.net,2025-03-18,Smartphone,Electronics,1,232,232,Cash
1023,58,Dawn Johnson,james50@example.com,,Speaker,Photography,3,1025,3075,PayPal
1024,19,,rfry@example.net,2025-12-08,Tablet,Electronics,5,796,3980,Credit Card
1025,37,Patricia Miller,moransteven@example.com,2025-06-21,Printer,Photography,2,103,206,Credit Card
1026,22,Sydney Coleman,hensleylindsey@example.net,2024-09-24,Printer,Photography,1,642,642,Cash
1027,40,Deborah Howell,ann23@example.net,2024-05-31,Smartphone,Accessories,2,774,1548,Cash
1028,25,Rhonda Knapp,qhubbard@example.net,2024-06-25,Keyboard,Accessories,5,622,3110,Cash
1029,40,Vanessa Rogers,richardwolf@example.org,,Headphones,Photography,4,948,3792,Cash
1030,33,Gregory Lucas,jessica40@example.org,2024-09-22,Headphones,Photography,1,1127,1127,PayPal
1031,70,,huntlaura@example.com,2024-08-27,Keyboard,Accessories,1,138,138,PayPal
1032,42,John Clements,john99@example.net,2024-08-22,Laptop,Photography,2,371,742,PayPal
1033,46,Jeremy Jackson,zward@example.org,2024-04-15,Keyboard,Accessories,1,1128,1128,PayPal
1034,64,Walter Clark,paul90@example.com,2026-01-05,Smartphone,Photography,5,1108,5540,PayPal
1035,34,Miguel Robinson,alexanderdawn@example.com,2025-04-01,Smartphone,Electronics,5,761,3805,PayPal
1036,53,Jordan Edwards,dwagner@example.com,2026-02-18,Tablet,Electronics,5,1255,6275,Cash
1037,42,Heather Mcclure,mckaycathy@example.net,2025-11-04,Smartphone,Electronics,3,431,1293,Cash
1038,28,Nicole Clark,sabrina53@example.com,2024-03-02,Keyboard,Photography,5,208,1040,PayPal
1039,59,Robert Riddle,jesse94@example.com,2024-11-14,Webcam,Photography,1,1227,1227,Cash
1040,29,Gloria Smith,huynhandrea@example.com,2025-07-29,Camera,Electronics,1,802,802,Credit Card
1041,22,Jessica Perez,warnersean@example.com,2024-11-23,Camera,Photography,1,652,652,Credit Card
1042,37,Alexa Daniel,bateseileen@example.net,2025-08-25,Keyboard,Accessories,4,1053,4212,Credit Card
1043,42,Michelle Obrien,bradwelch@example.org,2024-10-07,Laptop,Electronics,5,1190,5950,Credit Card
1044,47,Darlene Carroll,ybrowning@example.org,2024-10-30,Tablet,Electronics,1,1109,1109,Credit Card
1045,34,Audrey Johnson MD,walkerkurt@example.org,2024-10-11,Smartphone,Photography,1,111,111,Cash
1046,58,Tracy Ward,melanienelson@example.net,2024-05-31,Mouse,Photography,2,1230,2460,PayPal
1047,55,Nancy Gates,andrew45@example.com,2025-03-07,Smartphone,Accessories,4,752,3008,PayPal
1048,51,Benjamin Fernandez,humphreylisa@example.com,2024-10-20,Speaker,Accessories,3,1119,3357,Credit Card
1049,34,Marcus Lowe,holly02@example.net,2024-12-02,Laptop,Electronics,5,1313,6565,Credit Card
1050,65,Robert Foley,andrewbooth@example.com,2025-12-11,Monitor,Photography,2,663,1326,Cash
1051,63,Leslie Dean,jeffreymiller@example.net,2025-04-07,Monitor,Accessories,2,244,488,Credit Card
1052,47,Carla Jones,christopher24@example.net,2025-01-23,Camera,Electronics,5,176,880,Credit Card
1053,58,Christopher Fox,nguyenmichael@example.org,2024-03-27,Printer,Accessories,4,1295,5180,Credit Card
1054,23,Crystal Hart,maynardtonya@example.net,2024-04-28,Mouse,Accessories,4,1497,5988,Credit Card
1055,67,Jeanette Hawkins,jnelson@example.net,2024-03-18,Keyboard,Electronics,1,1334,1334,Cash
1056,67,Tonya Anderson,donovanrachel@example.org,2025-06-27,Monitor,Accessories,2,620,1240,Credit Card
1057,26,Joseph Powell,danielrobinson@example.org,2025-10-20,Tablet,Accessories,1,242,242,Cash
1058,55,Michele Oconnell,bnichols@example.net,2024-11-03,Laptop,Accessories,5,956,4780,Cash
1059,62,Danny Smith,qestes@example.com,2024-06-10,Keyboard,Electronics,3,1415,4245,Cash
1060,19,Allison Rich DVM,jessica44@example.org,2024-09-15,Printer,Electronics,1,543,543,Cash
1061,36,Tammy Harris,riversmark@example.org,,Laptop,Photography,2,1085,2170,Cash
1062,53,Diana Mccoy,christopherlogan@example.net,2024-11-03,Smartphone,Accessories,4,291,1164,Credit Card
1063,32,Patricia Bautista,karenlewis@example.com,2025-09-08,Webcam,Photography,1,726,726,Cash
1064,53,Angela Velez,woliver@example.com,2026-01-01,Laptop,Accessories,2,922,1844,PayPal
1065,43,Kathryn Bentley,stevensonjames@example.org,,Speaker,Photography,3,204,612,Cash
1066,51,Jennifer Logan,alexanderjoseph@example.net,,Keyboard,Photography,3,1099,3297,Cash
1067,54,Mr. Bryan Ward DVM,cookcorey@example.org,2025-10-11,Webcam,Electronics,3,1395,4185,Credit Card
1068,28,Kelly Gregory,daniel69@example.com,2024-05-13,Keyboard,Photography,2,1442,2884,Credit Card
1069,52,Alexa Knight,jonathan69@example.com,2024-10-14,Printer,Photography,5,550,2750,Cash
1070,28,Marcus Flowers,duaneolson@example.org,,Monitor,Electronics,1,265,265,PayPal
1071,51,John Lang,garzaemily@example.net,2025-06-30,Printer,Accessories,1,668,668,Credit Card
1072,67,Curtis Gordon,joe09@example.net,2026-02-15,Speaker,Photography,5,158,790,Credit Card
1073,20,Gina Chavez,jessicasmith@example.net,2024-02-28,Tablet,Accessories,4,617,2468,PayPal
1074,23,Alexander Silva,yowens@example.com,2025-04-23,Mouse,Electronics,4,1142,4568,PayPal
1075,28,Kevin Green,paul44@example.com,2025-09-22,Headphones,Electronics,5,271,1355,Cash
1076,29,Gabrielle Barry,ashley44@example.com,2025-08-07,Speaker,Accessories,2,652,1304,PayPal
1077,38,Mary Williams,jacquelinerose@example.com,2024-07-22,Smartphone,Accessories,4,538,2152,Credit Card
1078,40,Sheri Holt,richardsonvictor@example.com,2026-01-27,Headphones,Photography,2,1427,2854,Cash
1079,40,Ashley Chan,gblankenship@example.net,2025-08-04,Tablet,Accessories,4,686,2744,PayPal
1080,41,Dale Hale,andersonfrances@example.com,2024-07-30,Laptop,Accessories,3,1068,3204,Credit Card
1081,57,,udrake@example.com,2025-02-10,Headphones,Accessories,2,926,1852,PayPal
1082,37,Michelle Sharp,alan82@example.com,2024-09-22,Headphones,Accessories,2,830,1660,Credit Card
1083,44,Jon Cunningham,mariebennett@example.net,,Laptop,Photography,3,88,264,PayPal
1084,36,Steven Reyes,coffeymiranda@example.org,2025-11-27,Headphones,Electronics,5,62,310,PayPal
1085,29,Kimberly Callahan,umartinez@example.com,2025-03-09,Mouse,Photography,4,382,1528,Cash
1086,40,Sherri Hanna,robertsemma@example.net,,Webcam,Accessories,4,468,1872,Credit Card
1087,26,Jessica Young,hannahschmidt@example.net,2024-05-17,Laptop,Electronics,4,851,3404,Credit Card
1088,58,Cody Cain,ibrooks@example.com,2025-09-10,Camera,Accessories,2,1312,2624,Credit Card
1089,37,Alexis Wagner,megancarter@example.net,2025-06-12,Mouse,Electronics,1,489,489,PayPal
1090,23,Sarah Clark,thomas08@example.com,2024-11-25,Headphones,Accessories,3,309,927,Cash
1091,27,Ashley Fisher,sarahbecker@example.org,,Camera,Photography,2,278,556,PayPal
1092,26,Carla Joseph,maxwellclaire@example.com,2024-06-06,Laptop,Electronics,1,197,197,Credit Card
1093,54,Lauren Hanson,williamskevin@example.net,2024-06-18,Tablet,Electronics,5,982,4910,Cash
1094,52,Kelly Rivera,dperez@example.com,2026-01-02,Headphones,Electronics,4,277,1108,PayPal
1095,42,Brittany Yu,drichardson@example.net,2026-02-12,Webcam,Accessories,1,1421,1421,Cash
1096,51,Carol Klein,floresrichard@example.com,2025-06-18,Webcam,Accessories,3,499,1497,PayPal
1097,33,Crystal Martinez,mauriceandrade@example.com,2025-12-03,Laptop,Photography,1,1297,1297,PayPal
1098,18,Thomas Parks,pinedajasmine@example.com,2026-01-10,Smartphone,Photography,5,205,1025,PayPal
1099,21,David Perez,skinnerkatherine@example.net,2026-02-09,Mouse,Photography,2,56,112,PayPal
1100,27,Elizabeth Clark,kerrwilliam@example.net,,Keyboard,Accessories,3,436,1308,Cash
1101,35,Christina Gibson,schultzchristopher@example.org,,Headphones,Electronics,3,422,1266,PayPal
1102,48,Cindy Roberts,cdavidson@example.net,2025-12-07,Headphones,Electronics,4,414,1656,Credit Card
1103,42,Shane Lee,cynthia83@example.net,2024-07-19,Speaker,Accessories,2,943,1886,Cash
1104,41,Jennifer Bailey,thompsonpatricia@example.org,2024-09-26,Smartphone,Photography,5,62,310,PayPal
1105,58,Melvin Byrd,olsoncarly@example.com,,Webcam,Electronics,5,1115,5575,Credit Card
1106,59,Beth Smith,jenniferhayes@example.net,2025-12-17,Camera,Electronics,2,189,378,Cash
1107,44,Jennifer Hickman,tgutierrez@example.com,2024-05-20,Speaker,Accessories,5,864,4320,Credit Card
1108,38,Matthew Mcdowell,adrian63@example.org,2026-02-18,Smartphone,Electronics,1,557,557,PayPal
1109,46,Robert Wilkerson,christinayoung@example.org,2025-05-13,Tablet,Electronics,5,849,4245,Cash
1110,62,Alexander Barron,luis75@example.com,2024-12-22,Monitor,Electronics,3,1081,3243,PayPal
1111,22,Richard Humphrey,littlemary@example.com,2024-04-03,Headphones,Electronics,5,896,4480,PayPal
1112,30,Tiffany Strong,andersonkirsten@example.org,2025-03-23,Laptop,Photography,2,538,1076,Cash
1113,64,Steven Velasquez,melaniewood@example.org,2025-11-04,Keyboard,Photography,1,1091,1091,PayPal
1114,39,Charlene Graves,dalton56@example.org,2025-01-19,Webcam,Electronics,4,397,1588,PayPal
1115,34,Michael Hebert,grhodes@example.org,,Webcam,Photography,2,1184,2368,Cash
1116,44,Nicholas Ward,matthewsjustin@example.org,2024-07-02,Headphones,Photography,2,554,1108,Credit Card
1117,65,Terry Kramer,paul07@example.net,2026-01-18,Mouse,Photography,4,1407,5628,Credit Card
1118,54,Lisa Horton,aguerrero@example.com,2025-04-10,Mouse,Accessories,4,959,3836,PayPal
1119,51,Dr. Rachel Johnson,turnerdanielle@example.net,2025-11-01,Printer,Accessories,1,34,34,Credit Card
1120,64,Emily Davis,nelsonrobert@example.org,2024-08-12,Tablet,Accessories,4,586,2344,Credit Card
1121,55,Wesley Coffey,mathewsmartin@example.org,,Printer,Electronics,5,382,1910,PayPal
1122,21,Kristina Jennings,sandramccormick@example.net,2024-08-30,Printer,Photography,4,1382,5528,PayPal
1123,56,Ashley Walsh,bchristensen@example.net,2025-05-18,Tablet,Electronics,1,926,926,Credit Card
1124,69,Casey Tucker,samantha10@example.org,2024-05-15,Tablet,Accessories,1,711,711,Credit Card
1125,25,Kimberly Nguyen,hrivers@example.net,2024-07-18,Smartphone,Electronics,2,1163,2326,Credit Card
1126,36,Sheila Lopez,ayoung@example.net,2024-12-07,Webcam,Electronics,1,1418,1418,Cash
1127,25,Megan Decker,charles75@example.org,2024-06-27,Tablet,Accessories,5,246,1230,Cash
1128,37,Ashley Mccoy,kennethtorres@example.net,2024-08-27,Camera,Photography,5,741,3705,Credit Card
1129,42,Nicole Vega,gibsonvalerie@example.org,2025-07-31,Keyboard,Accessories,3,825,2475,Credit Card
1130,66,Clayton Boyd,taterobert@example.org,2025-09-09,Headphones,Electronics,2,724,1448,PayPal
1131,53,Andrew Cabrera MD,rramirez@example.com,2024-09-24,Laptop,Accessories,5,914,4570,Credit Card
1132,22,Brenda Solis,jamesjohnson@example.org,2025-03-06,Tablet,Accessories,,925,0,Cash
1133,58,Debra Collins,tboone@example.net,2024-10-12,Smartphone,Photography,2,214,428,PayPal
1134,28,Ashley Huffman,amberlong@example.net,2025-10-26,Tablet,Photography,2,708,1416,Credit Card
1135,33,Joy Perez,dandersen@example.org,2025-07-16,Headphones,Accessories,3,559,1677,PayPal
1136,41,Timothy Benson,curtisheather@example.org,,Speaker,Electronics,3,517,1551,PayPal
1137,54,Mary Sandoval,james84@example.com,2024-10-15,Laptop,Photography,1,825,825,Cash
1138,28,Travis Griffin,hunterbrittney@example.net,2025-06-12,Headphones,Accessories,1,1307,1307,Cash
1139,49,Alexis Walters,amymcdowell@example.org,2024-10-03,Camera,Accessories,1,1054,1054,PayPal
1140,38,Tracy Green,delacruzchristopher@example.com,2025-09-06,Speaker,Electronics,3,1133,3399,PayPal
1141,33,Isabel Whitney,sedwards@example.com,2026-01-23,Tablet,Accessories,4,562,2248,PayPal
1142,63,Matthew Haley,xjohnson@example.net,2024-11-26,Keyboard,Photography,2,785,1570,Credit Card
1143,28,Dennis Lamb,gmartin@example.org,,Smartphone,Photography,5,1362,6810,Cash
1144,37,Ashley Thompson,ipeck@example.com,2025-10-09,Smartphone,Photography,2,27,54,PayPal
1145,57,Tyler Garcia,charles92@example.org,,Tablet,Photography,4,675,2700,PayPal
1146,50,Brenda Woodard,garythompson@example.net,2025-03-21,Monitor,Electronics,5,1275,6375,Credit Card
1147,51,Ashley Crawford,monica78@example.org,2024-11-28,Tablet,Accessories,3,701,2103,Cash
1148,69,Daniel Bowers,taylor74@example.com,2024-04-12,Printer,Electronics,3,577,1731,PayPal
1149,57,Angela Jacobson,fcruz@example.net,2025-01-21,Tablet,Accessories,,991,0,Cash
1150,53,Lawrence Marsh,garciaangela@example.org,2025-06-19,Camera,Electronics,4,21,84,Credit Card
1151,51,Ashley Watson,anthonyrivera@example.net,2025-08-02,Headphones,Electronics,3,37,111,Cash
1152,20,Carolyn Allen,abigail95@example.com,2024-03-11,Webcam,Electronics,5,1185,5925,Credit Card
1153,21,Elizabeth Chavez,allisondaniel@example.net,2026-01-18,Monitor,Accessories,2,265,530,Credit Card
1154,20,Deborah Phelps,tracy46@example.com,2024-06-14,Printer,Electronics,2,178,356,Credit Card
1155,59,Kimberly Hudson,juarezkimberly@example.com,2025-06-09,Webcam,Photography,3,46,138,Credit Card
1156,27,Kaitlin Martinez,terripeters@example.net,2025-01-15,Mouse,Accessories,4,357,1428,Cash
1157,46,Karina Arias,timothyzamora@example.org,2024-11-30,Tablet,Photography,4,818,3272,Credit Card
1158,46,Robert Barrera,katherinewebb@example.org,2025-07-30,Laptop,Electronics,1,955,955,Credit Card
1159,42,Danny Ellison,jacobrosario@example.org,2025-10-16,Speaker,Electronics,,122,0,Cash
1160,64,Joseph Williams,scottsaunders@example.com,,Printer,Photography,4,355,1420,PayPal
1161,61,Lynn Holloway,curtislawrence@example.net,2024-08-05,Printer,Accessories,3,455,1365,Cash
1162,64,Susan Duncan,brian22@example.com,2025-11-08,Printer,Electronics,5,928,4640,Credit Card
1163,57,Anthony Keith,marie26@example.net,,Camera,Accessories,4,767,3068,Cash
1164,43,Kenneth Smith,elizabeth11@example.net,2024-11-07,Keyboard,Accessories,3,1154,3462,Cash
1165,20,George Harper,estradamark@example.net,,Tablet,Photography,4,657,2628,PayPal
1166,18,,breanna25@example.net,2024-05-27,Camera,Accessories,1,1387,1387,Cash
1167,70,Billy Fleming,roger06@example.com,2024-08-22,Headphones,Photography,5,280,1400,Cash
1168,62,Brandon Mckinney,qlopez@example.net,2024-07-06,Keyboard,Photography,1,1415,1415,Cash
1169,46,Robin Stewart,rstout@example.org,2025-10-04,Webcam,Photography,4,987,3948,Credit Card
1170,18,Christine Jennings,mathiseric@example.org,2024-04-26,Printer,Accessories,5,543,2715,Credit Card
1171,69,Brian Smith,oneillryan@example.com,2025-09-05,Smartphone,Accessories,5,159,795,PayPal
1172,48,Ronald Miller,bcollier@example.org,,Smartphone,Electronics,2,463,926,Cash
1173,51,Sara Horn,virginia99@example.org,2024-05-20,Monitor,Photography,1,1272,1272,Credit Card
1174,62,Lonnie Clark,moralesnicholas@example.net,2025-11-01,Mouse,Electronics,1,611,611,PayPal
1175,55,Nicolas Schwartz,kimberlysims@example.com,2024-07-23,Laptop,Photography,4,403,1612,PayPal
1176,52,Johnny Spencer,vcross@example.org,2024-03-05,Smartphone,Photography,3,1205,3615,Cash
1177,22,,watsonmary@example.net,2025-03-26,Printer,Accessories,4,790,3160,Cash
1178,37,Emily Peterson,curtisgarrett@example.org,2025-12-12,Webcam,Photography,4,862,3448,PayPal
1179,51,Kerry Morrow,andrea82@example.net,2025-01-16,Camera,Electronics,3,842,2526,PayPal
1180,45,Andre Brown,bradleyclark@example.net,2025-12-22,Monitor,Electronics,2,953,1906,Cash
1181,40,Maria Logan,sarahcurry@example.org,2025-08-31,Keyboard,Accessories,2,638,1276,Credit Card
1182,34,Rodney Burke,yolandahuang@example.com,2025-06-11,Camera,Photography,4,434,1736,Credit Card
1183,22,Brandon Sharp,marybass@example.com,2025-03-06,Keyboard,Electronics,4,940,3760,PayPal
1184,37,John Carr,erin34@example.org,2025-03-07,Tablet,Electronics,3,1453,4359,PayPal
1185,27,Theresa Romero,jacob02@example.org,2024-09-17,Smartphone,Electronics,2,801,1602,Credit Card
1186,36,Sharon Williamson,ypena@example.com,2024-08-10,Monitor,Photography,2,1223,2446,Credit Card
1187,37,Mr. Raymond Villanueva,darrellhernandez@example.net,2025-01-02,Monitor,Photography,,544,0,PayPal
1188,46,Darius Gamble,pthomas@example.net,2024-03-15,Printer,Accessories,5,933,4665,Credit Card
1189,26,Andrew Jensen,jonathan51@example.net,2024-12-06,Mouse,Photography,2,1328,2656,PayPal
1190,61,Cheryl Vargas,kpetty@example.net,2024-12-27,Camera,Accessories,4,1197,4788,PayPal
1191,25,Wanda Heath,nelsonrichard@example.com,2024-10-02,Webcam,Accessories,5,1037,5185,Cash
1192,64,Sheri Hall,steeleduane@example.net,2025-09-19,Webcam,Accessories,4,376,1504,Cash
1193,57,Jason Pittman,aaron82@example.com,2025-10-22,Speaker,Electronics,2,1014,2028,PayPal
1194,64,,dodsoncaitlin@example.net,2026-02-22,Webcam,Electronics,5,567,2835,Credit Card
1195,27,Karen Harris,tombowers@example.org,2024-08-07,Camera,Accessories,1,810,810,Credit Card
1196,56,Miss Jessica Wilkerson,coxsarah@example.net,2024-04-21,Monitor,Electronics,2,1022,2044,PayPal
1197,51,Brendan Thompson,hnolan@example.net,2025-04-21,Monitor,Accessories,5,1429,7145,PayPal
1198,56,Amber Salazar,michelle27@example.net,2025-06-06,Mouse,Electronics,5,1325,6625,Credit Card
1199,31,Michael Howard,william16@example.net,2024-03-18,Webcam,Accessories,2,175,350,Credit Card
1200,53,Christine Lewis,latashabennett@example.net,2024-10-17,Tablet,Photography,5,433,2165,PayPal
1201,32,Maria Good,aprilbutler@example.net,2024-05-27,Headphones,Accessories,,887,0,PayPal
1202,65,Christina Wright,jacqueline40@example.net,2024-07-07,Tablet,Electronics,4,1071,4284,PayPal
1203,60,Arthur Harris,nunezryan@example.com,2025-02-20,Keyboard,Accessories,2,474,948,PayPal
1204,18,Michelle Walters,michelemoore@example.com,2024-06-24,Keyboard,Photography,1,540,540,PayPal
1205,31,Ashley Blair,jessicawerner@example.com,2025-11-24,Camera,Electronics,2,941,1882,Credit Card
1206,47,Julie Vance,njimenez@example.net,2025-11-07,Headphones,Photography,2,1030,2060,PayPal
1207,52,Vanessa Ruiz,jason21@example.net,2025-09-14,Laptop,Electronics,3,1293,3879,PayPal
1208,19,Brittany Snyder,vhansen@example.org,2025-10-28,Laptop,Electronics,5,693,3465,PayPal
1209,37,Gregory Calderon,williephillips@example.org,2024-08-30,Webcam,Electronics,3,156,468,Cash
1210,39,Mary Nichols,ibarber@example.com,2025-09-28,Mouse,Electronics,5,1036,5180,PayPal
1211,45,Raymond Wilcox,brandtmartin@example.org,2024-04-22,Webcam,Accessories,,373,0,Cash
1212,20,Daniel Adams,amanda32@example.org,,Webcam,Electronics,3,1350,4050,PayPal
1213,26,Alex Dougherty,kevingriffith@example.net,2025-04-04,Tablet,Photography,2,64,128,Credit Card
1214,38,Devin Morales,romerobrian@example.net,2026-01-13,Headphones,Electronics,2,1038,2076,PayPal
1215,43,Chris Boyd,kzuniga@example.org,2025-10-21,Laptop,Electronics,5,1002,5010,Credit Card
1216,55,Jennifer Gardner,michaelwilson@example.org,2024-07-29,Smartphone,Photography,3,1009,3027,PayPal
1217,18,Robin Vargas,tina19@example.com,2024-05-31,Headphones,Electronics,5,395,1975,Credit Card
1218,65,Shannon Bennett,jesse40@example.org,2024-12-20,Printer,Electronics,5,1070,5350,Cash
1219,65,Alyssa Collins,michael96@example.com,2024-11-14,Webcam,Electronics,3,544,1632,Credit Card
1220,51,Paul Patel,irwinronald@example.com,2025-02-21,Tablet,Electronics,4,724,2896,Credit Card
1221,64,Jared Berry,gregoryriddle@example.net,2024-08-15,Keyboard,Electronics,4,1149,4596,Cash
1222,70,,arroyostephen@example.com,2024-12-16,Camera,Photography,5,772,3860,Cash
1223,59,John Hernandez,swilson@example.net,2024-12-29,Speaker,Photography,3,502,1506,Cash
1224,41,Nicole Carey,dominguezmary@example.com,,Keyboard,Accessories,1,439,439,Credit Card
1225,29,Reginald Kemp,kevin11@example.net,2024-05-11,Speaker,Electronics,3,121,363,Credit Card
1226,58,Ronnie Curry,swright@example.net,2024-07-08,Webcam,Photography,4,1482,5928,Cash
1227,37,Colin Hoover,cobbcourtney@example.net,2024-07-20,Mouse,Accessories,1,178,178,Credit Card
1228,63,Jennifer Martin,watsonelijah@example.net,2025-07-13,Headphones,Accessories,1,545,545,Cash
1229,40,Ashley Huff,tiffany63@example.net,2025-06-08,Tablet,Photography,5,744,3720,PayPal
1230,64,Devin Morrow,samanthascott@example.net,2024-08-08,Headphones,Accessories,2,750,1500,PayPal
1231,33,Vanessa Haas,bergcarmen@example.com,2025-10-20,Smartphone,Photography,5,957,4785,Credit Card
1232,37,Troy Huffman,kevinbennett@example.org,2024-10-13,Monitor,Photography,2,440,880,Cash
1233,28,Michael Aguirre,leslie36@example.com,2025-04-18,Printer,Photography,5,1417,7085,Cash
1234,43,Mark Arnold,david80@example.com,2024-08-04,Webcam,Accessories,5,1155,5775,Cash
1235,28,Maria Bradshaw,ebridges@example.net,2025-05-12,Laptop,Electronics,3,1077,3231,Cash
1236,42,Julian Park,whitedana@example.org,2024-06-09,Laptop,Photography,1,246,246,Credit Card
1237,27,Megan Floyd,michellemeyer@example.net,2024-07-10,Camera,Photography,2,834,1668,Cash
1238,61,Brian Williams,adamsrichard@example.com,2024-03-24,Webcam,Electronics,4,654,2616,Cash
1239,60,Sarah Watkins,kolson@example.com,2024-10-30,Tablet,Photography,1,1163,1163,Credit Card
1240,62,Robert Williams,imorgan@example.com,2025-01-31,Tablet,Electronics,1,1213,1213,Credit Card
1241,58,Dr. Mark Glenn PhD,valerie02@example.net,2024-10-10,Camera,Accessories,1,310,310,Credit Card
1242,59,Nicole Mills,adrianlawson@example.com,2025-03-03,Keyboard,Electronics,2,966,1932,Credit Card
1243,38,Tiffany Adams,mitchellrachel@example.org,,Keyboard,Accessories,,1072,0,Credit Card
1244,65,Patrick Escobar,ashleythomas@example.net,2024-10-21,Headphones,Electronics,3,1499,4497,Credit Card
1245,59,Barry Jefferson,john78@example.com,,Webcam,Electronics,3,824,2472,PayPal
1246,48,Ryan Woods,melissa59@example.net,2024-12-12,Tablet,Accessories,1,391,391,Credit Card
1247,69,Ashley Garcia,lisagordon@example.net,2024-11-05,Headphones,Accessories,1,219,219,Cash
1248,69,Darren Perry,dtravis@example.org,2024-08-23,Keyboard,Photography,1,663,663,PayPal
1249,59,Jesus Hill,ericjohnson@example.com,2024-12-05,Keyboard,Electronics,1,925,925,Cash
1250,66,Deanna Buchanan,danielle97@example.org,2024-07-07,Speaker,Accessories,5,865,4325,PayPal
1251,42,Matthew Garcia,kenneth43@example.net,2026-01-30,Speaker,Electronics,4,96,384,Cash
1252,46,,tammiemoses@example.net,2025-07-07,Keyboard,Electronics,3,207,621,Cash
1253,43,Jason Brown,tiffanydorsey@example.com,2024-12-18,Webcam,Electronics,3,961,2883,PayPal
1254,66,Thomas Martinez,ufarmer@example.net,2024-11-07,Tablet,Accessories,4,1461,5844,Credit Card
1255,62,Anthony Kelly,natalie61@example.org,2024-03-07,Headphones,Electronics,1,1209,1209,Cash
1256,20,Denise Morris MD,troy83@example.com,2025-12-07,Tablet,Electronics,1,1160,1160,PayPal
1257,34,Blake Blanchard,paulgonzalez@example.org,2024-03-18,Smartphone,Electronics,3,464,1392,Credit Card
1258,62,Tammy Smith,nortega@example.com,2025-09-07,Monitor,Electronics,4,35,140,PayPal
1259,64,,david65@example.com,2024-07-13,Monitor,Accessories,2,101,202,Cash
1260,32,Anthony Hicks,pwilson@example.com,2025-03-08,Webcam,Electronics,2,561,1122,Cash
1261,54,Donald Foster,waltersmith@example.net,2024-11-09,Webcam,Photography,5,380,1900,Credit Card
1262,39,Brandon Martin,xthompson@example.net,2024-07-28,Webcam,Accessories,2,255,510,PayPal
1263,36,Jeffrey Brown,richard59@example.net,2025-12-17,Camera,Accessories,4,696,2784,Cash
1264,32,Matthew Wilson,nicholasrivera@example.net,2025-05-12,Speaker,Photography,2,612,1224,Credit Card
1265,40,Andrew Johnson,vwilliams@example.net,2024-07-20,Mouse,Electronics,4,67,268,Cash
1266,37,Gina Mcdonald,doyledavid@example.org,2025-04-03,Speaker,Photography,5,1274,6370,PayPal
1267,69,Corey Johnston,huffrobert@example.org,2024-05-11,Keyboard,Electronics,5,348,1740,Cash
1268,57,Thomas Chang,johnstonrachel@example.com,2025-05-19,Keyboard,Photography,1,699,699,PayPal
1269,18,Bobby Steele,joshua74@example.com,2024-04-17,Smartphone,Photography,3,945,2835,PayPal
1270,49,Colleen Garcia,fwilliams@example.org,,Monitor,Accessories,2,264,528,Cash
1271,48,Diana Owen,ybooker@example.net,2024-07-27,Laptop,Photography,5,759,3795,PayPal
1272,50,Scott Shields,larrylowe@example.org,,Smartphone,Photography,5,444,2220,Cash
1273,19,Donna Valencia,ssmith@example.org,2024-06-08,Tablet,Accessories,1,1168,1168,Cash
1274,44,William Spencer,ojackson@example.org,2024-03-03,Smartphone,Electronics,4,1067,4268,Cash
1275,42,Bryan Irwin,ddouglas@example.org,2025-01-27,Tablet,Photography,2,490,980,Credit Card
1276,22,Eric Wells,kimberlyschmidt@example.com,2024-07-13,Monitor,Photography,4,1256,5024,Cash
1277,43,Jordan Mason,andrea60@example.net,2025-01-29,Tablet,Electronics,1,840,840,Credit Card
1278,32,Zachary Carson,ian23@example.com,2024-10-27,Laptop,Accessories,2,1483,2966,PayPal
1279,42,Brenda Torres,odean@example.net,2025-12-22,Monitor,Accessories,1,1467,1467,Cash
1280,56,Jason Morris,charlesreed@example.com,2025-03-12,Tablet,Photography,3,672,2016,PayPal
1281,62,Alexis Grant,taylor39@example.net,2024-08-31,Keyboard,Accessories,4,1195,4780,Cash
1282,63,Erika Thompson,webbrobert@example.com,2024-10-28,Keyboard,Electronics,2,314,628,Credit Card
1283,35,Mary Decker,gravesbrandon@example.org,2024-09-29,Mouse,Accessories,5,793,3965,Credit Card
1284,20,,josephsalazar@example.net,2024-09-12,Headphones,Photography,4,629,2516,Credit Card
1285,44,Vicki Cortez,qhartman@example.net,2025-08-02,Speaker,Accessories,3,601,1803,Credit Card
1286,53,Anthony White,jesuslucas@example.org,,Speaker,Accessories,5,712,3560,PayPal
1287,37,Tammy Mejia,nbird@example.net,2025-05-27,Camera,Photography,1,737,737,PayPal
1288,39,Michael Price,amy47@example.org,2025-03-17,Tablet,Electronics,2,1130,2260,Cash
1289,21,Joshua Steele,dschmidt@example.org,2025-04-15,Tablet,Photography,1,471,471,Credit Card
1290,34,Joseph Watkins,caitlin68@example.org,2024-09-10,Monitor,Accessories,5,1144,5720,Cash
1291,56,Shawn Crawford,hillvernon@example.org,2025-09-09,Monitor,Electronics,4,1280,5120,Credit Card
1292,67,Paul Hicks,fphillips@example.com,2024-09-15,Smartphone,Photography,2,1207,2414,Cash
1293,40,Jason Kaufman,kristen38@example.com,2025-03-20,Tablet,Photography,3,566,1698,Credit Card
1294,31,John Oliver,brentcombs@example.com,2025-08-09,Keyboard,Electronics,5,1496,7480,Cash
1295,33,Jill Miller,bryan46@example.net,2025-08-04,Tablet,Photography,2,206,412,PayPal
1296,57,Ashley Anderson,jose96@example.com,2025-06-09,Smartphone,Accessories,3,768,2304,Credit Card
1297,35,Lisa Green,angelmyers@example.org,2026-02-14,Mouse,Electronics,3,464,1392,PayPal
1298,56,Adam Barber,westtodd@example.net,2024-04-24,Smartphone,Accessories,4,124,496,Credit Card
1299,42,Lauren Benjamin,sullivanjoshua@example.com,2024-04-14,Printer,Electronics,1,488,488,Credit Card
1300,20,Curtis Anderson,leedwayne@example.com,2025-09-16,Tablet,Electronics,3,979,2937,Credit Card
1301,31,John Thompson,holly27@example.org,2025-05-17,Webcam,Electronics,3,164,492,PayPal
1302,37,John Carr,jason03@example.com,2024-09-19,Mouse,Photography,4,1011,4044,Cash
1303,54,Bailey Patton,floresdesiree@example.net,2025-11-24,Printer,Accessories,2,281,562,Credit Card
1304,57,Michael Stein,ypeterson@example.com,,Camera,Accessories,3,1233,3699,Cash
1305,56,Shawn Torres,scott92@example.org,2025-03-11,Webcam,Accessories,5,1453,7265,Cash
1306,27,Matthew Sanders,jennifer19@example.com,,Mouse,Photography,2,200,400,PayPal
1307,61,Theresa Robertson,gpeters@example.org,2025-12-01,Webcam,Photography,5,507,2535,PayPal
1308,59,Tara Price,gonzalezsamantha@example.com,2024-11-02,Camera,Electronics,3,399,1197,Cash
1309,67,Lisa Weber,paulherrera@example.net,2024-05-22,Monitor,Accessories,4,513,2052,Cash
1310,70,Aaron Ray,john13@example.com,2024-09-04,Camera,Accessories,4,804,3216,PayPal
1311,58,,christina64@example.net,2025-09-25,Speaker,Photography,5,91,455,PayPal
1312,24,,qwilliams@example.net,2025-09-06,Smartphone,Electronics,2,821,1642,Cash
1313,44,Logan Mueller MD,joshua07@example.com,2024-03-29,Mouse,Photography,5,1067,5335,Cash
1314,69,,brandy38@example.net,2025-09-10,Smartphone,Photography,2,439,878,PayPal
1315,45,Gregory Smith,ohebert@example.com,2024-11-23,Smartphone,Accessories,3,948,2844,Cash
1316,46,Lindsey Wolf,carlsonchristine@example.com,2025-09-14,Webcam,Electronics,5,1022,5110,PayPal
1317,55,Cynthia Williams,andersonemily@example.org,2026-02-25,Headphones,Accessories,1,1428,1428,PayPal
1318,61,Brenda Wolfe,joelwalton@example.net,2025-02-28,Speaker,Photography,4,1139,4556,Cash
1319,31,Hunter Mendoza,martinezallison@example.org,2025-07-19,Webcam,Photography,5,437,2185,Credit Card
1320,27,Robert Bryant,powellmiguel@example.org,2025-09-28,Speaker,Accessories,5,1087,5435,Cash
1321,60,Daniel Mueller,hallcurtis@example.org,2025-04-14,Keyboard,Photography,1,1342,1342,Credit Card
1322,38,Michelle Gonzalez,castrodonald@example.org,,Monitor,Electronics,5,1326,6630,Cash
1323,20,Kimberly Hernandez,masonchristopher@example.net,,Speaker,Photography,2,1071,2142,Cash
1324,62,Danielle Sanders,abigail51@example.org,2025-11-18,Laptop,Photography,3,1125,3375,PayPal
1325,52,Sue Kim,eingram@example.com,2024-04-23,Webcam,Electronics,3,223,669,Credit Card
1326,64,,jphillips@example.org,2025-10-06,Monitor,Accessories,4,345,1380,Cash
1327,26,Mark Lee,carrchristina@example.org,2024-08-31,Camera,Accessories,2,1188,2376,Cash
1328,22,Elizabeth King,brenda98@example.org,2024-07-05,Monitor,Photography,4,691,2764,PayPal
1329,61,Steven Mitchell,nunezmatthew@example.org,2024-07-21,Tablet,Electronics,4,527,2108,PayPal
1330,34,Michael Myers,rthompson@example.org,,Headphones,Accessories,5,677,3385,Credit Card
1331,18,,rogersashley@example.com,2024-10-24,Speaker,Accessories,1,1035,1035,Cash
1332,24,William Price,ericlee@example.com,2024-10-19,Camera,Accessories,3,234,702,Credit Card
1333,49,Wendy Bennett,paul65@example.com,2024-10-19,Tablet,Photography,2,461,922,Cash
1334,18,Troy Valdez,emilylarson@example.org,2024-11-30,Camera,Photography,1,613,613,Credit Card
1335,62,Amy Barnes,mhatfield@example.org,2024-04-15,Laptop,Accessories,4,577,2308,PayPal
1336,64,Sarah Collier,rachel83@example.com,2024-09-19,Headphones,Accessories,2,1023,2046,PayPal
1337,21,Jennifer Lewis,ocannon@example.com,2025-09-28,Printer,Photography,5,1486,7430,Credit Card
1338,68,Angela Adams,yudavid@example.com,,Tablet,Photography,5,1035,5175,Cash
1339,23,,hstafford@example.net,2024-07-02,Speaker,Electronics,5,764,3820,Credit Card
1340,60,Cody Brown,megan90@example.net,2024-11-16,Monitor,Photography,4,232,928,PayPal
1341,52,Carrie Mcclain,victoria99@example.org,2025-10-24,Laptop,Accessories,3,1493,4479,Credit Card
1342,35,Jonathan Nguyen,marywoods@example.net,2025-09-26,Laptop,Photography,3,29,87,Credit Card
1343,34,Dennis Robinson,hjordan@example.org,2024-10-28,Tablet,Accessories,1,373,373,Credit Card
1344,54,Maria Howell,bucksteven@example.com,2024-06-21,Camera,Electronics,3,1146,3438,PayPal
1345,65,Joshua Lane,englishstephen@example.com,2024-12-18,Monitor,Photography,2,267,534,Credit Card
1346,33,Michael Marks,rhondabenson@example.net,2025-04-06,Printer,Electronics,5,598,2990,Cash
1347,67,Mark Henderson,jamiesalazar@example.com,2026-02-23,Keyboard,Electronics,4,1037,4148,Cash
1348,26,Christopher Harris,stantonalexis@example.com,2024-07-26,Laptop,Photography,4,485,1940,PayPal
1349,30,Ricardo Watts,douglasnatalie@example.net,2024-07-16,Smartphone,Photography,5,1407,7035,Credit Card
1350,34,Matthew Robinson,kelleyjonathan@example.com,2024-08-15,Webcam,Accessories,2,371,742,Cash
1351,45,Renee Thomas,andreaknight@example.org,2025-02-09,Headphones,Accessories,1,1476,1476,PayPal
1352,40,Jonathon Johnson,erin41@example.org,2025-04-08,Monitor,Accessories,5,426,2130,Credit Card
1353,29,Morgan Evans,ferrelljohn@example.com,2024-04-24,Tablet,Photography,1,679,679,PayPal
1354,60,Aaron May,ryansims@example.net,,Webcam,Electronics,4,1392,5568,Cash
1355,31,Nicole Gibbs,jgarrett@example.com,2024-12-22,Keyboard,Electronics,4,676,2704,Cash
1356,48,Danielle Ray,joseph16@example.com,2024-03-27,Laptop,Photography,3,1340,4020,PayPal
1357,53,Dave Young,shannondougherty@example.org,2024-10-10,Laptop,Photography,5,691,3455,Credit Card
1358,22,Jay Meza,michael35@example.org,2025-10-28,Printer,Electronics,5,159,795,Cash
1359,22,Adrian Wilson,bowenangela@example.com,2024-12-24,Webcam,Electronics,3,155,465,Cash
1360,69,Debra Porter,cbryan@example.org,2025-06-06,Laptop,Accessories,2,1269,2538,Credit Card
1361,50,Alexandra West,uhampton@example.org,2025-04-09,Monitor,Accessories,2,1279,2558,Cash
1362,18,Evelyn King,angelicacoleman@example.org,2025-05-06,Printer,Photography,1,143,143,Cash
1363,20,Frederick Brooks,mflores@example.org,2024-09-27,Speaker,Electronics,5,923,4615,PayPal
1364,37,Eric Evans,john38@example.net,2025-12-11,Tablet,Photography,4,824,3296,PayPal
1365,20,Scott Roberts,colinmitchell@example.net,2024-10-10,Headphones,Photography,5,1480,7400,PayPal
1366,61,Daniel Richards,tracyjohnson@example.net,2024-12-13,Keyboard,Photography,4,604,2416,PayPal
1367,50,,martinanthony@example.net,,Camera,Accessories,4,670,2680,PayPal
1368,60,Thomas Holloway,annhernandez@example.org,2025-04-21,Smartphone,Accessories,5,143,715,Credit Card
1369,44,Jonathan Warner,douglasboyer@example.net,2024-06-03,Tablet,Electronics,3,934,2802,Credit Card
1370,23,Christopher Long,zdavis@example.org,2024-08-21,Laptop,Photography,3,922,2766,Credit Card
1371,44,,cherylchang@example.org,2025-04-21,Keyboard,Electronics,3,717,2151,Cash
1372,36,Jeffrey Ramos,ernest46@example.com,2024-04-09,Webcam,Photography,3,1142,3426,Credit Card
1373,63,,april52@example.org,2024-05-04,Smartphone,Electronics,3,82,246,Cash
1374,27,Kaitlyn Gallagher,hdouglas@example.net,2026-01-29,Monitor,Accessories,2,855,1710,Cash
1375,63,Patrick Bullock,nataliebarron@example.com,2025-07-30,Webcam,Photography,1,360,360,Cash
1376,44,Laura Cruz,odaniels@example.org,2025-03-31,Webcam,Electronics,2,1484,2968,Cash
1377,43,Victoria Anderson,sparker@example.net,2025-04-27,Smartphone,Photography,3,746,2238,Cash
1378,26,Michael Scott,erin90@example.org,2025-11-16,Monitor,Accessories,5,1329,6645,Credit Card
1379,33,Theresa Jones,vargasanna@example.com,,Mouse,Photography,5,891,4455,PayPal
1380,35,Michael Whitehead,patricia88@example.net,2025-04-10,Printer,Accessories,5,382,1910,PayPal
1381,33,Randall Cooper,ggraves@example.com,2025-06-29,Printer,Photography,3,1402,4206,PayPal
1382,39,Makayla Terry,deborahdavis@example.net,2024-07-16,Smartphone,Electronics,4,365,1460,Credit Card
1383,69,Barbara Shaw,rileykarla@example.org,2024-03-29,Headphones,Photography,5,847,4235,Cash
1384,36,Vickie Stevens,sarahvillanueva@example.org,,Speaker,Photography,4,79,316,PayPal
1385,33,Steven Martinez,cwaller@example.com,,Smartphone,Electronics,1,1450,1450,Credit Card
1386,64,Donna Brown,clintonfry@example.net,2024-09-24,Camera,Electronics,1,687,687,Cash
1387,39,,tsanders@example.com,2024-04-08,Tablet,Accessories,5,1388,6940,Cash
1388,47,Chelsea Bond,michael72@example.net,2024-10-12,Webcam,Photography,1,761,761,Cash
1389,70,Calvin Moore,tracy85@example.com,2024-05-07,Monitor,Photography,5,695,3475,Credit Card
1390,38,,jennifer84@example.net,2024-12-06,Headphones,Photography,3,874,2622,Cash
1391,41,Suzanne Rivers,kellyrobbins@example.com,2024-09-15,Camera,Accessories,5,479,2395,Cash
1392,28,Robert Black,russellhaas@example.com,2024-11-03,Tablet,Accessories,1,520,520,Cash
1393,42,Victoria Carrillo,teresasmith@example.com,2025-02-07,Mouse,Accessories,5,729,3645,PayPal
1394,38,Andrew Campbell,rhondacollier@example.net,2024-11-22,Mouse,Electronics,4,274,1096,PayPal
1395,23,Stephanie Morgan,kristyprice@example.com,2024-03-30,Headphones,Photography,5,1303,6515,Cash
1396,38,Jared Proctor,melissamora@example.com,2025-07-07,Laptop,Electronics,2,670,1340,Credit Card
1397,56,Alexandra Mitchell,sawyerjesse@example.net,2025-12-29,Mouse,Electronics,4,397,1588,Credit Card
1398,19,James Reeves,tchapman@example.net,2024-02-28,Headphones,Electronics,3,704,2112,Cash
1399,34,Ashley Steele,todd71@example.com,2024-11-29,Webcam,Photography,4,852,3408,PayPal
1400,67,Andrew Roth,danielhill@example.com,2024-04-14,Speaker,Accessories,5,539,2695,Cash
1401,58,Alexandra Jensen,amandacampbell@example.net,2025-04-16,Headphones,Photography,3,825,2475,Cash
1402,64,Gregory Fisher,amber37@example.com,,Camera,Photography,2,226,452,PayPal
1403,48,Jesse Perry DDS,wyattkatherine@example.com,,Monitor,Photography,5,921,4605,Cash
1404,39,Joseph Sanchez,mcarr@example.com,2024-08-16,Keyboard,Electronics,5,401,2005,Credit Card
1405,33,Michael Lyons,adamvalencia@example.com,2025-05-01,Camera,Photography,1,1341,1341,Credit Card
1406,56,Jennifer Soto,ericarosales@example.net,2025-06-05,Monitor,Accessories,2,270,540,PayPal
1407,52,Lauren Chambers,jeffrey73@example.org,,Camera,Photography,3,879,2637,Credit Card
1408,21,Mr. James Walker,wharris@example.org,2025-01-24,Smartphone,Accessories,4,1500,6000,Cash
1409,36,Michele Rojas,robertmiller@example.com,2024-11-19,Monitor,Photography,4,1221,4884,Credit Card
1410,42,Jesse Fox,michaelnixon@example.com,2024-05-28,Camera,Accessories,2,950,1900,Cash
1411,27,Alexander Morris,mortonmark@example.com,2024-06-12,Speaker,Electronics,3,1293,3879,PayPal
1412,40,Aaron Bird,dtaylor@example.org,2025-09-05,Speaker,Photography,5,133,665,Credit Card
1413,31,,tgaines@example.net,2025-03-19,Printer,Accessories,1,845,845,PayPal
1414,50,Jay Morris,dkennedy@example.org,2024-09-24,Monitor,Photography,3,152,456,Cash
1415,55,Pamela Miller,mlopez@example.com,,Monitor,Electronics,5,387,1935,Cash
1416,28,Brandon Mooney,jamesnunez@example.net,2025-12-30,Printer,Accessories,3,811,2433,PayPal
1417,31,David Dunlap,jennifermatthews@example.net,2025-06-05,Tablet,Photography,3,483,1449,Credit Card
1418,64,Roger Houston,gregory50@example.net,2024-11-13,Laptop,Accessories,1,1280,1280,PayPal
1419,20,Donna King,jdaniel@example.org,2025-09-10,Camera,Accessories,3,964,2892,Credit Card
1420,23,Samantha Bowers,megansosa@example.com,2024-12-26,Headphones,Photography,3,205,615,Cash
1421,36,Scott Mcclain,danielharmon@example.net,2024-12-16,Keyboard,Photography,3,1482,4446,Cash
1422,30,Kelsey Acosta,chadwade@example.org,2024-08-15,Speaker,Accessories,1,944,944,PayPal
1423,36,Shaun Jackson,robertbarrera@example.net,2025-11-14,Headphones,Accessories,3,395,1185,PayPal
1424,64,Nicholas Myers,nsmith@example.org,2025-12-24,Printer,Electronics,4,1229,4916,Cash
1425,56,Howard Turner,atkinsconnie@example.org,2024-11-07,Smartphone,Photography,4,725,2900,Cash
1426,30,Rhonda Davis,tevans@example.org,2025-08-11,Smartphone,Accessories,5,234,1170,Credit Card
1427,58,Maria Thomas,larroyo@example.com,,Tablet,Photography,1,955,955,PayPal
1428,30,Sara Flores,anthonybrady@example.org,2026-02-10,Printer,Accessories,5,663,3315,Cash
1429,54,Jeffrey Odonnell,nmurphy@example.com,2025-07-27,Monitor,Electronics,3,314,942,PayPal
1430,53,Debra Williams,jamesallen@example.net,2025-04-14,Keyboard,Electronics,1,1163,1163,Cash
1431,57,Nicholas Jenkins,flemingjo@example.com,2026-01-18,Camera,Accessories,4,414,1656,PayPal
1432,40,Kelly Rice,leonardjoshua@example.org,,Keyboard,Photography,4,1459,5836,PayPal
1433,46,Kimberly Stafford,stevenjohnson@example.org,2024-06-30,Keyboard,Accessories,2,1272,2544,Cash
1434,61,John Merritt,ameza@example.net,2025-09-17,Mouse,Accessories,5,787,3935,Cash
1435,33,Kyle Hill,lgonzalez@example.com,2025-08-23,Smartphone,Accessories,1,353,353,Cash
1436,28,John Black,nnguyen@example.net,2025-06-13,Keyboard,Electronics,5,1112,5560,Cash
1437,34,Brady Anderson,holly02@example.org,2025-06-15,Laptop,Photography,5,1343,6715,PayPal
1438,22,Jamie Bennett,sboyd@example.org,2024-04-06,Monitor,Photography,1,117,117,Cash
1439,58,Jamie Elliott,hannah84@example.net,2024-11-09,Camera,Accessories,3,1474,4422,PayPal
1440,62,Amanda Lang,uphillips@example.org,,Camera,Electronics,3,1046,3138,PayPal
1441,27,Mary Estrada,deanna03@example.com,2024-05-30,Tablet,Photography,1,554,554,Credit Card
1442,48,Bryan Bird,tdavis@example.com,,Camera,Electronics,1,282,282,Credit Card
1443,63,Leroy Gillespie,ctaylor@example.com,2024-08-18,Webcam,Photography,4,1390,5560,PayPal
1444,38,Larry Patel,kellyronald@example.org,,Camera,Photography,2,654,1308,PayPal
1445,33,Susan Shepard,tdavis@example.org,2025-03-31,Webcam,Electronics,2,1243,2486,Credit Card
1446,45,Stephen Reed,burtonheidi@example.com,2024-08-28,Camera,Accessories,3,217,651,Credit Card
1447,63,Matthew Perez,keith29@example.com,2025-10-03,Speaker,Accessories,4,797,3188,Cash
1448,27,Kayla Johnson,nboyer@example.com,2025-12-05,Camera,Photography,1,800,800,Cash
1449,62,Samuel Price,jeffreyfritz@example.net,,Mouse,Photography,4,849,3396,PayPal
1450,51,Jill Watts,patrick71@example.org,,Laptop,Accessories,1,1295,1295,Credit Card
1451,26,,ubooker@example.com,2025-05-10,Camera,Accessories,1,1205,1205,Cash
1452,54,Terry Harris,diana80@example.org,2025-09-23,Monitor,Electronics,5,355,1775,Cash
1453,34,Connie Hamilton,oedwards@example.org,2025-06-18,Smartphone,Electronics,1,1387,1387,Cash
1454,64,Maureen Bonilla,ahunter@example.com,2025-09-26,Printer,Electronics,4,1355,5420,Cash
1455,55,Michele Lawson,eesparza@example.net,2025-11-30,Headphones,Electronics,4,179,716,Credit Card
1456,43,Amanda Stewart,francodavid@example.org,2025-05-20,Laptop,Photography,5,907,4535,Cash
1457,21,Christopher Long,ibarrajennifer@example.com,2025-11-02,Smartphone,Accessories,2,577,1154,Credit Card
1458,57,Kevin Greene,robertsonjordan@example.net,2025-08-05,Mouse,Accessories,4,484,1936,PayPal
1459,68,,ymarquez@example.com,2025-07-01,Tablet,Photography,3,1193,3579,PayPal
1460,64,Andre Garcia,adam67@example.com,2024-12-01,Webcam,Accessories,1,831,831,Credit Card
1461,25,Alexander Thompson,sriggs@example.net,2024-03-23,Laptop,Photography,3,501,1503,Credit Card
1462,22,Cindy Espinoza,katherine92@example.com,2024-03-30,Monitor,Photography,2,988,1976,Cash
1463,29,Whitney Burns,thomasjones@example.com,2025-01-20,Webcam,Accessories,1,564,564,PayPal
1464,51,,heatherwilliams@example.net,2024-06-05,Webcam,Electronics,1,1322,1322,Cash
1465,60,Robert Morales,jhuff@example.org,2024-04-18,Webcam,Photography,2,1387,2774,Credit Card
1466,49,Bryan Brady,tonygarcia@example.org,2026-01-01,Camera,Photography,5,793,3965,PayPal
1467,67,Nicholas Ayala,mitchellchristopher@example.org,2025-04-02,Camera,Photography,2,1190,2380,PayPal
1468,61,Tracey Bailey,chartman@example.net,2024-08-30,Mouse,Photography,4,582,2328,PayPal
1469,66,Courtney Patel,caldwelljessica@example.org,2024-08-17,Smartphone,Photography,3,1318,3954,Cash
1470,55,Joseph Barton,brandon53@example.com,2026-01-20,Keyboard,Accessories,1,891,891,Cash
1471,61,,joseph77@example.org,,Laptop,Accessories,4,925,3700,Credit Card
1472,61,Evelyn Harris,campbellcrystal@example.org,2025-04-20,Mouse,Electronics,2,753,1506,PayPal
1473,44,Matthew Schwartz,markwilkins@example.com,,Webcam,Electronics,5,1279,6395,Credit Card
1474,61,,john51@example.org,,Tablet,Electronics,3,381,1143,Credit Card
1475,19,Kelly Black,dawn22@example.com,2024-09-25,Laptop,Electronics,4,1084,4336,Credit Card
1476,52,Kenneth Gardner,margaretmurphy@example.org,2024-06-28,Webcam,Electronics,1,906,906,Credit Card
1477,20,Brooke Flores,haleypennington@example.org,2025-05-24,Printer,Electronics,5,1494,7470,PayPal
1478,18,David Bright,xduran@example.org,2025-09-24,Mouse,Accessories,2,1467,2934,Cash
1479,69,Louis Mack,walshpamela@example.org,2024-06-22,Smartphone,Photography,2,421,842,Cash
1480,30,,amber02@example.org,2024-05-28,Speaker,Accessories,2,311,622,Cash
1481,45,Alexandra Smith,davidwright@example.net,2025-07-27,Speaker,Accessories,3,836,2508,Cash
1482,21,Grant Johnson,williamslawrence@example.com,2025-07-24,Speaker,Photography,2,386,772,Credit Card
1483,24,Kendra Neal,zgood@example.net,,Headphones,Accessories,3,197,591,PayPal
1484,20,,englishjonathan@example.org,2024-06-24,Smartphone,Electronics,,915,0,Cash
1485,53,Scott Leach,annaadams@example.org,2025-08-09,Camera,Electronics,5,1491,7455,Cash
1486,35,Amber Smith,christopherdominguez@example.com,,Tablet,Photography,5,311,1555,Credit Card
1487,40,Malik West,operry@example.net,,Camera,Electronics,3,236,708,Credit Card
1488,35,Kelsey Gonzalez,qlambert@example.net,2025-05-27,Webcam,Photography,3,1002,3006,PayPal
1489,39,David Peters,danielrodriguez@example.com,,Printer,Accessories,3,739,2217,PayPal
1490,56,Savannah Rice,twillis@example.org,2025-06-29,Tablet,Accessories,4,268,1072,Cash
1491,35,Donna Higgins,pmcconnell@example.com,2025-06-05,Monitor,Accessories,2,105,210,Cash
1492,19,Aaron Jimenez,brooksteresa@example.com,2025-05-26,Monitor,Electronics,1,989,989,PayPal
1493,37,Justin Smith,johnsonkatelyn@example.com,,Speaker,Accessories,2,974,1948,Credit Card
1494,63,Charles Thomas,morganwilliam@example.net,2024-04-06,Laptop,Accessories,4,571,2284,PayPal
1495,56,James Espinoza,iedwards@example.net,2024-06-04,Mouse,Accessories,3,369,1107,Credit Card
1496,41,Darryl Smith,rogersmichael@example.com,2025-03-21,Keyboard,Accessories,1,838,838,Credit Card
1497,20,Robert Harris,kathleenlopez@example.net,2024-12-27,Monitor,Accessories,5,150,750,Credit Card
1498,46,Jeff Moore,daniel91@example.com,2026-02-17,Keyboard,Electronics,3,1361,4083,Credit Card
1499,18,Elijah Olsen,kathleen37@example.org,2024-11-06,Monitor,Accessories,5,1083,5415,Credit Card
1500,26,James Wells,robertstephenson@example.org,2024-06-01,Tablet,Electronics,5,1424,7120,Credit Card
1501,68,Charles Gibson,trandolph@example.org,2024-03-02,Tablet,Photography,4,621,2484,PayPal
1502,30,Kaitlyn Sanchez,powellkevin@example.org,2025-12-01,Smartphone,Photography,4,1093,4372,PayPal
1503,43,Caitlin Campbell,tharvey@example.com,2024-04-22,Tablet,Electronics,5,789,3945,Cash
1504,25,,daviskathryn@example.com,2025-04-17,Webcam,Photography,2,1188,2376,PayPal
1505,38,Kevin Duncan,dwilliams@example.net,2024-10-02,Monitor,Photography,3,1408,4224,PayPal
1506,26,Rita Pierce,ericasantana@example.com,2024-04-13,Webcam,Electronics,4,99,396,PayPal
1507,20,Jessica Hensley,amy24@example.com,2026-01-03,Laptop,Photography,2,1319,2638,PayPal
1508,31,Sarah Griffith,wmccarty@example.net,2025-09-30,Camera,Accessories,2,704,1408,Credit Card
1509,31,Helen Bryan,adamcarson@example.com,2024-10-18,Keyboard,Electronics,1,1346,1346,PayPal
1510,57,Amber Rojas,iedwards@example.org,2025-07-12,Speaker,Photography,1,1488,1488,Cash
1511,69,Steven Patel,mrichardson@example.net,2025-10-07,Smartphone,Electronics,3,327,981,Credit Card
1512,36,Michelle Smith,russelljames@example.com,2024-07-17,Monitor,Accessories,4,185,740,PayPal
1513,30,Thomas Anderson,thomas17@example.com,2025-11-11,Monitor,Electronics,1,406,406,Cash
1514,46,Luke White,scotttimothy@example.com,2024-03-07,Mouse,Photography,2,906,1812,PayPal
1515,70,Zachary Harrison,maldonadojoel@example.com,,Smartphone,Accessories,5,1034,5170,PayPal
1516,65,Aaron Carr,browndavid@example.org,2025-03-01,Webcam,Accessories,1,625,625,PayPal
1517,50,Michael Jackson,allen06@example.org,,Mouse,Electronics,3,282,846,Cash
1518,19,Elizabeth Sanchez,shortlisa@example.org,,Webcam,Accessories,4,864,3456,Credit Card
1519,25,Mrs. Kathryn Patel,weststacey@example.net,2025-03-10,Monitor,Photography,,1237,0,Cash
1520,54,Linda Stephens,amanda70@example.org,2025-10-31,Keyboard,Accessories,4,342,1368,Credit Card
1521,38,Brittany Hays,qcarroll@example.org,2025-08-12,Tablet,Photography,4,378,1512,Credit Card
1522,23,Gregory Pitts,williamsdaniel@example.org,2025-01-31,Printer,Photography,3,465,1395,PayPal
1523,32,Douglas Woods,robinsonstephen@example.org,2024-06-27,Smartphone,Accessories,4,545,2180,Credit Card
1524,27,Maria Arroyo,lorigreen@example.org,2025-09-08,Laptop,Electronics,5,152,760,Credit Card
1525,59,Jennifer Hudson,franklinkaren@example.com,2024-05-01,Headphones,Electronics,4,1101,4404,PayPal
1526,45,,alvarezdavid@example.com,2024-07-05,Printer,Photography,5,393,1965,Cash
1527,70,Jennifer Miller,warrendonna@example.com,2025-01-16,Laptop,Photography,1,609,609,PayPal
1528,60,Philip Cantrell,jvasquez@example.org,2025-09-17,Speaker,Photography,2,72,144,PayPal
1529,69,Andrew Ramirez,merrittbrandon@example.org,2025-05-08,Mouse,Photography,2,1479,2958,Cash
1530,21,Kristina Anderson,tinamcconnell@example.org,2024-10-05,Printer,Photography,1,44,44,PayPal
1531,40,Alison Ellis,jessicabradford@example.org,2025-11-29,Monitor,Photography,5,434,2170,Cash
1532,70,Nathan Roberson,hodgescharles@example.net,2025-07-31,Camera,Electronics,,847,0,Credit Card
1533,55,George Bright,hansonmichael@example.net,2025-02-24,Laptop,Accessories,1,823,823,Cash
1534,68,Natalie Dougherty,bruceberry@example.org,2025-06-24,Headphones,Electronics,5,574,2870,Credit Card
1535,66,Charles Rodriguez,bgrant@example.org,2024-12-03,Smartphone,Photography,4,431,1724,Credit Card
1536,65,Amanda Mahoney,sabrinawest@example.org,2025-06-08,Smartphone,Electronics,3,431,1293,Cash
1537,41,Shawn Foster,aaroncowan@example.com,2025-03-23,Camera,Accessories,3,1000,3000,Cash
1538,62,Allison Harding,jonesmallory@example.com,2025-10-21,Monitor,Accessories,5,1433,7165,Cash
1539,27,Elizabeth Barton,alexandercastillo@example.com,2025-03-20,Camera,Electronics,5,313,1565,Cash
1540,36,Amanda Zimmerman,jenniferbaker@example.org,2024-07-20,Laptop,Photography,4,1310,5240,Credit Card
1541,51,Mackenzie Hernandez,stanleylee@example.org,2024-11-02,Monitor,Accessories,1,1217,1217,PayPal
1542,61,Rachel Gay,jeremycurry@example.org,2024-11-30,Webcam,Electronics,5,871,4355,Credit Card
1543,43,Paula Lamb,rmoore@example.com,2024-11-18,Mouse,Electronics,2,782,1564,Credit Card
1544,67,Brent Pruitt,rebeccareese@example.net,2026-02-20,Tablet,Accessories,1,882,882,Credit Card
1545,44,Diana Ruiz,mwright@example.net,2025-12-08,Mouse,Accessories,2,760,1520,Credit Card
1546,24,Janice Blanchard,josephstokes@example.org,2025-10-26,Keyboard,Photography,1,582,582,Cash
1547,59,Tanya Levy,ronnie87@example.com,,Speaker,Photography,1,27,27,Credit Card
1548,54,Christopher Kelley,gnorman@example.net,,Printer,Photography,5,610,3050,Credit Card
1549,46,Michael Kelly,kimberlymeadows@example.org,2024-04-06,Keyboard,Accessories,5,1101,5505,Credit Card
1550,21,Angela Graham,angela10@example.net,2024-10-22,Tablet,Electronics,2,509,1018,Cash
1551,32,Denise Miles,lbrown@example.com,2024-04-06,Printer,Accessories,4,336,1344,Credit Card
1552,27,Cody Maynard,cbarrett@example.org,2024-06-16,Tablet,Photography,3,761,2283,Credit Card
1553,20,Madison Brooks,karensmith@example.net,2025-06-06,Smartphone,Accessories,3,1078,3234,Cash
1554,34,Rose King,sramos@example.com,2024-10-05,Laptop,Accessories,3,1490,4470,Credit Card
1555,37,Ashlee Rodriguez,mark03@example.org,2024-04-18,Camera,Accessories,4,1307,5228,Cash
1556,68,Derek Mitchell,whodge@example.com,2024-10-11,Laptop,Electronics,5,1213,6065,PayPal
1557,38,Dale Massey,gregory63@example.net,2024-08-04,Keyboard,Electronics,2,754,1508,Cash
1558,70,Mary Collins,jacobpeters@example.org,2025-01-09,Laptop,Accessories,2,1139,2278,PayPal
1559,54,James Ward Jr.,sandersjoseph@example.com,2026-01-12,Keyboard,Electronics,1,587,587,Cash
1560,41,Jesse Eaton,michaelsmith@example.com,2026-01-10,Printer,Photography,3,1467,4401,Cash
1561,37,Bruce Bass,zalvarez@example.com,2024-07-31,Headphones,Accessories,1,1086,1086,Cash
1562,49,Rachel Cuevas,millermark@example.com,,Webcam,Photography,4,1035,4140,Credit Card
1563,51,Isabella Smith,antoniosimmons@example.org,2025-11-13,Camera,Electronics,2,671,1342,PayPal
1564,59,Susan Becker MD,susanduke@example.org,2024-11-25,Camera,Electronics,3,1462,4386,PayPal
1565,34,Laura Thomas,alucas@example.net,2024-04-13,Camera,Electronics,4,174,696,PayPal
1566,43,Steven Williams,salazarsarah@example.org,,Monitor,Photography,4,1251,5004,Cash
1567,41,Donna Rose,smiller@example.org,2024-11-14,Tablet,Accessories,5,789,3945,PayPal
1568,23,Tara Rodriguez DDS,aallen@example.com,2024-07-12,Monitor,Photography,5,1182,5910,Cash
1569,60,Tina Morton,caitlin54@example.com,2025-11-08,Camera,Photography,3,561,1683,Cash
1570,31,Bryan Medina,qchang@example.com,2025-10-16,Webcam,Accessories,1,850,850,Credit Card
1571,54,Billy Jones,fpalmer@example.com,,Speaker,Electronics,4,153,612,PayPal
1572,65,Natasha Massey,russell20@example.net,2024-06-13,Camera,Electronics,2,1055,2110,Cash
1573,24,Traci Huff,hpitts@example.com,2024-02-29,Smartphone,Photography,1,1233,1233,Cash
1574,27,Kathy Ayala,john68@example.com,,Smartphone,Electronics,1,1314,1314,Cash
1575,34,Benjamin Williams,obrienamy@example.org,2025-09-25,Headphones,Accessories,1,1169,1169,Cash
1576,27,Hunter Schwartz,tinasmith@example.net,2025-04-09,Monitor,Accessories,3,254,762,Cash
1577,51,Amy Collins,ialvarez@example.net,2024-03-30,Headphones,Electronics,1,599,599,PayPal
1578,54,Cindy Newman DDS,duanewilliams@example.com,2025-08-21,Mouse,Photography,2,728,1456,PayPal
1579,22,Jennifer Collins,iwalker@example.com,2025-07-01,Laptop,Accessories,5,251,1255,PayPal
1580,51,Sandra Erickson,joshua66@example.net,2025-12-05,Smartphone,Photography,2,409,818,Cash
1581,24,Julia Stephenson,sheila42@example.org,2024-08-03,Headphones,Photography,2,51,102,Credit Card
1582,28,Valerie Short,joshuadeleon@example.com,2024-08-22,Keyboard,Electronics,3,1422,4266,Cash
1583,36,Eric Forbes,dmejia@example.net,2026-01-05,Laptop,Electronics,1,548,548,Credit Card
1584,40,Audrey Wagner,zjohnson@example.net,2025-04-02,Laptop,Photography,4,1420,5680,Cash
1585,22,Andrea Robbins,robert52@example.net,2025-10-08,Printer,Accessories,5,603,3015,Cash
1586,54,Harold Landry,mercedesmiller@example.com,2025-12-26,Webcam,Photography,1,151,151,Cash
1587,53,Gina Ryan,patriciamarks@example.com,2024-07-29,Mouse,Accessories,5,895,4475,PayPal
1588,41,Michael Brown,frycharles@example.net,2025-04-04,Monitor,Accessories,4,1259,5036,Cash
1589,69,David Anderson,savagedaniel@example.com,2025-01-03,Speaker,Electronics,4,1009,4036,Cash
1590,64,Chris Willis,mchandler@example.com,2025-12-21,Camera,Photography,1,1033,1033,PayPal
1591,42,Jeffery Peters,robertjohnson@example.net,2025-03-05,Webcam,Electronics,4,804,3216,Cash
1592,60,Robert Vance,woodsara@example.com,2024-03-01,Keyboard,Accessories,4,1170,4680,Cash
1593,51,Melissa Stone,robertward@example.org,2024-07-26,Monitor,Photography,2,583,1166,Credit Card
1594,29,Mr. Scott Jones,heatherpeterson@example.com,2024-04-26,Smartphone,Accessories,2,1268,2536,Cash
1595,47,Leslie Barrett,zcastillo@example.com,2024-08-12,Printer,Accessories,4,982,3928,Credit Card
1596,20,Andre Peters,reneebean@example.org,2024-04-11,Keyboard,Accessories,2,988,1976,Cash
1597,70,Christopher Lowe,joshua63@example.com,,Smartphone,Photography,1,630,630,Cash
1598,64,Cynthia Russell,parkeranthony@example.net,2024-08-08,Keyboard,Electronics,3,1445,4335,PayPal
1599,35,Robert Joseph,ysaunders@example.net,2024-10-18,Webcam,Electronics,5,1464,7320,Cash
1600,67,Kevin Zimmerman,daniel33@example.net,2024-03-05,Laptop,Photography,1,499,499,Credit Card
1601,59,Sarah Davis,carlsonscott@example.org,2025-01-18,Tablet,Photography,3,230,690,Cash
1602,60,,adrian98@example.org,2025-02-08,Smartphone,Electronics,2,625,1250,PayPal
1603,68,Melissa Butler,cameron24@example.org,2025-01-28,Monitor,Photography,1,1278,1278,Cash
1604,41,Amanda Lewis DVM,joshua70@example.net,2025-09-17,Printer,Photography,3,1477,4431,PayPal
1605,35,,wirwin@example.net,2024-06-25,Keyboard,Photography,5,189,945,PayPal
1606,42,David Dunn,rdavis@example.net,2024-08-25,Mouse,Accessories,1,1386,1386,PayPal
1607,55,Mark Medina,nelsonpamela@example.com,2025-10-19,Headphones,Photography,1,382,382,PayPal
1608,19,,weekscharles@example.com,2024-03-06,Printer,Electronics,4,195,780,Credit Card
1609,51,Christine Silva,melissaallen@example.net,2025-07-09,Monitor,Photography,3,363,1089,Credit Card
1610,47,David Wilkins,matthewfrancis@example.com,2025-03-20,Keyboard,Accessories,4,729,2916,Cash
1611,56,Sergio Forbes,crystalberry@example.net,2025-06-27,Mouse,Photography,5,186,930,Cash
1612,30,Thomas Vargas,curryregina@example.net,2025-12-15,Tablet,Accessories,3,718,2154,Credit Card
1613,54,Julie Johns,snowjeffrey@example.net,2025-11-21,Laptop,Accessories,3,247,741,PayPal
1614,68,Phillip Herrera,jonathan25@example.com,2024-07-14,Laptop,Electronics,2,811,1622,Cash
1615,40,April Davis,houseshirley@example.net,2025-01-27,Monitor,Electronics,2,371,742,Credit Card
1616,22,Maria Scott,davidestes@example.net,2025-04-12,Camera,Electronics,5,193,965,PayPal
1617,48,Rebecca Hall,bethanyallen@example.org,2024-04-18,Printer,Electronics,1,765,765,Cash
1618,43,Emily Warner,ablack@example.org,2025-06-23,Headphones,Photography,1,496,496,PayPal
1619,46,Jeremy Hughes,ricardo67@example.net,2026-02-05,Monitor,Electronics,2,1260,2520,Cash
1620,23,Jessica Page,james32@example.com,,Laptop,Electronics,5,1346,6730,Cash
1621,19,Patrick Woodward,brooke01@example.net,2024-04-25,Keyboard,Photography,5,1182,5910,Cash
1622,36,Shelby Jones,lambvicki@example.com,2025-05-26,Camera,Electronics,1,995,995,PayPal
1623,52,Ronald Walker,bthompson@example.org,2024-09-03,Mouse,Electronics,3,341,1023,Credit Card
1624,31,Carlos Reyes,martinjason@example.org,2025-03-09,Mouse,Accessories,5,1467,7335,Cash
1625,46,Jason Michael,carlahester@example.net,2024-10-28,Tablet,Accessories,1,1235,1235,Credit Card
1626,25,Misty Schmidt,phelpsnoah@example.com,2025-01-07,Tablet,Electronics,5,353,1765,PayPal
1627,68,Rhonda Allen,michael08@example.net,2025-05-15,Mouse,Electronics,4,558,2232,PayPal
1628,48,William Preston,greendan@example.org,2024-12-17,Webcam,Accessories,5,25,125,Credit Card
1629,56,Derek Freeman,michaelacardenas@example.org,,Mouse,Electronics,1,1386,1386,Cash
1630,27,,vconway@example.org,2025-12-26,Webcam,Electronics,2,968,1936,PayPal
1631,18,Maria White,ojohnson@example.org,2025-11-01,Keyboard,Electronics,2,632,1264,PayPal
1632,32,Emily Dominguez,jason99@example.org,2025-04-07,Monitor,Electronics,2,1397,2794,Cash
1633,47,,andrecunningham@example.org,2025-06-22,Headphones,Photography,2,1177,2354,Credit Card
1634,38,Adam Taylor,davidsoncharles@example.net,2026-02-18,Tablet,Accessories,4,650,2600,Credit Card
1635,30,Katelyn Hays,kimcollin@example.org,2025-12-20,Speaker,Photography,2,1231,2462,Credit Card
1636,52,Kerry Donovan,jshaw@example.net,2024-03-13,Printer,Accessories,5,122,610,Credit Card
1637,39,Peter Noble,fsmith@example.com,2024-05-31,Laptop,Electronics,3,569,1707,PayPal
1638,35,Christian Garcia,ytownsend@example.net,2025-07-05,Headphones,Accessories,2,635,1270,Cash
1639,54,Heather Jones,mconrad@example.com,2024-09-17,Printer,Photography,4,1038,4152,Cash
1640,26,Jenny Brown,valenciasergio@example.com,2025-03-21,Tablet,Photography,1,395,395,Credit Card
1641,25,Bryan Perry,simmonsdavid@example.net,2025-04-30,Camera,Accessories,,1094,0,Credit Card
1642,58,Todd Hernandez,marcuswalker@example.net,2024-05-25,Speaker,Photography,2,856,1712,PayPal
1643,29,Amanda Lewis,jacksonevan@example.net,2024-05-13,Webcam,Electronics,3,208,624,PayPal
1644,28,Timothy Perez,jessica35@example.org,2026-02-18,Keyboard,Photography,2,1241,2482,PayPal
1645,26,Dr. Steven Franklin,kari27@example.net,2025-05-16,Headphones,Photography,4,1179,4716,PayPal
1646,41,Tracy Orr,msilva@example.net,,Smartphone,Electronics,4,697,2788,Credit Card
1647,27,Mark Hanna,brandon18@example.com,2025-10-26,Mouse,Photography,3,1138,3414,Cash
1648,28,Anthony Simon,kaitlyn17@example.org,2025-12-16,Webcam,Photography,3,363,1089,Cash
1649,35,Cynthia Lee,singletonchristopher@example.net,2024-04-05,Smartphone,Accessories,1,1159,1159,PayPal
1650,62,Mary Singh,aliciahernandez@example.net,2024-08-01,Webcam,Accessories,2,1487,2974,PayPal
1651,66,James Decker,whitneytorres@example.net,2024-11-29,Speaker,Electronics,1,749,749,PayPal
1652,39,Breanna Kim,scottbrown@example.org,2025-12-26,Smartphone,Photography,3,1393,4179,PayPal
1653,54,Norma Bass,jasonbell@example.org,,Camera,Accessories,2,1302,2604,PayPal
1654,67,Susan Smith DDS,sdavis@example.org,,Tablet,Photography,5,864,4320,Credit Card
1655,41,Melanie James,mendezcarolyn@example.com,2025-09-04,Webcam,Accessories,4,273,1092,Cash
1656,61,Rachel Jones,spencerwilliams@example.net,2024-12-15,Mouse,Accessories,4,601,2404,Credit Card
1657,28,Erica Chavez,vbowers@example.org,2024-04-14,Smartphone,Accessories,3,936,2808,Cash
1658,66,Kelly Martin,xthomas@example.net,2024-07-21,Webcam,Photography,2,223,446,Cash
1659,31,Brian Graves,kevin18@example.net,2025-04-26,Smartphone,Electronics,4,1065,4260,Cash
1660,40,Monica Vaughn,jason45@example.com,2024-07-06,Webcam,Photography,5,875,4375,PayPal
1661,44,Anthony Rivers,mileslisa@example.net,2025-05-07,Tablet,Photography,2,113,226,PayPal
1662,66,,moralesrenee@example.net,2024-03-17,Webcam,Photography,1,1197,1197,Credit Card
1663,52,Dr. William Hardy,brandonthomas@example.net,2024-08-11,Webcam,Photography,3,251,753,Cash
1664,50,David Hammond,phillipskathleen@example.com,2026-02-08,Camera,Electronics,4,1202,4808,PayPal
1665,21,Michael Montes,winterstroy@example.org,2024-06-04,Speaker,Accessories,1,735,735,Credit Card
1666,20,Jason Conner,qkerr@example.net,,Camera,Accessories,3,860,2580,Cash
1667,62,Renee Carr,christina84@example.com,2025-11-01,Webcam,Photography,3,439,1317,Cash
1668,61,Phillip Griffin,brian33@example.net,2026-01-08,Camera,Accessories,3,154,462,Cash
1669,30,Steve Warner,kgardner@example.org,2026-02-11,Laptop,Photography,1,467,467,Credit Card
1670,44,Gary Johnson,acostajennifer@example.org,2025-12-08,Smartphone,Accessories,4,1135,4540,Credit Card
1671,62,Gregory Landry,eporter@example.org,2024-06-16,Mouse,Accessories,1,812,812,PayPal
1672,37,Andrea Watts,david46@example.com,2025-01-24,Camera,Electronics,4,1495,5980,Cash
1673,60,Sarah Jimenez,johnmason@example.org,2024-11-16,Smartphone,Photography,4,645,2580,Cash
1674,57,Jeremy Bullock,swalters@example.net,2026-02-03,Camera,Electronics,4,1119,4476,PayPal
1675,27,Mrs. Madison Jackson,andrea97@example.com,2024-06-11,Keyboard,Photography,2,725,1450,Cash
1676,65,,mwashington@example.org,2025-09-17,Printer,Photography,3,1081,3243,Credit Card
1677,48,Christine Avila,corey13@example.com,2024-12-22,Printer,Electronics,2,546,1092,Cash
1678,43,Amy Dean,michele54@example.com,2025-01-27,Webcam,Photography,4,1011,4044,PayPal
1679,31,Maria Sullivan,david33@example.org,2026-01-02,Headphones,Electronics,2,89,178,Cash
1680,60,Sarah Robinson,ramirezbrian@example.net,2025-03-28,Smartphone,Photography,5,746,3730,PayPal
1681,67,Patrick Holt,jessica56@example.com,2024-07-08,Printer,Accessories,3,832,2496,PayPal
1682,34,Joshua Stone,kimberly78@example.org,2025-09-02,Smartphone,Electronics,,516,0,PayPal
1683,35,Sarah Jenkins,joseph51@example.com,2026-02-03,Printer,Photography,5,967,4835,Cash
1684,45,Robert Castillo,kolsen@example.net,,Tablet,Photography,2,1103,2206,PayPal
1685,23,Jose Riley,obarron@example.net,2024-05-03,Laptop,Accessories,3,1159,3477,PayPal
1686,45,Alexandra Porter,davidbrown@example.com,2024-12-05,Monitor,Photography,4,60,240,Credit Card
1687,21,Jake Galvan,fgreene@example.com,2025-04-30,Speaker,Electronics,1,819,819,Credit Card
1688,67,Phillip Brooks,ofox@example.net,2024-09-28,Headphones,Accessories,2,1201,2402,Cash
1689,66,Adam Ballard,kevinhoward@example.net,2025-06-27,Headphones,Photography,4,341,1364,Credit Card
1690,38,David Brown,johnrodriguez@example.org,2024-07-12,Tablet,Electronics,1,110,110,PayPal
1691,37,Billy Mendoza,justinrobbins@example.com,2024-03-19,Laptop,Photography,4,525,2100,Credit Card
1692,45,David Rasmussen,millschristopher@example.org,2025-08-16,Speaker,Electronics,2,1364,2728,Cash
1693,27,David Jackson,gbell@example.com,,Laptop,Photography,3,342,1026,Cash
1694,54,Jeffrey Garcia,jordanmckay@example.com,2024-03-17,Speaker,Photography,5,1144,5720,PayPal
1695,70,Dustin Greene,xbryan@example.net,2024-11-12,Printer,Accessories,2,165,330,Cash
1696,61,Lynn Conley,elizabeth83@example.org,2025-07-23,Tablet,Accessories,4,311,1244,Credit Card
1697,47,Michelle Torres,christina04@example.org,2025-09-16,Printer,Photography,3,803,2409,Credit Card
1698,31,Deanna Cox,aperkins@example.net,2026-02-12,Printer,Electronics,1,861,861,Credit Card
1699,53,Kelsey Beck,akaufman@example.com,2025-10-21,Printer,Photography,2,1276,2552,Cash
1700,22,Alec Sparks,lwilliams@example.org,2024-09-17,Webcam,Photography,5,869,4345,Credit Card
1701,30,Alexis Harper,wmoore@example.net,2024-05-17,Webcam,Electronics,2,379,758,PayPal
1702,35,Mr. Robert Martinez,karenhaas@example.org,2025-03-26,Speaker,Photography,2,50,100,PayPal
1703,68,Mary Perez,tanderson@example.com,2025-09-23,Smartphone,Electronics,5,676,3380,Cash
1704,27,David Shaw,jessica85@example.com,,Camera,Accessories,1,776,776,Credit Card
1705,54,Nancy Kennedy,cassandra30@example.com,2025-10-07,Monitor,Accessories,4,216,864,PayPal
1706,30,Aimee Henderson,lisa34@example.org,,Webcam,Photography,3,530,1590,Credit Card
1707,42,Brian Dillon,alexandradixon@example.net,2025-06-30,Webcam,Electronics,5,1090,5450,Cash
1708,50,Rebecca Vasquez,jacob25@example.org,2025-03-29,Laptop,Photography,5,239,1195,Credit Card
1709,23,Glen Lopez,kmiller@example.com,2024-07-25,Tablet,Photography,3,963,2889,Credit Card
1710,65,Mr. Sean Collier,zthompson@example.net,,Laptop,Photography,1,1198,1198,PayPal
1711,41,Glenn Hudson,cindy20@example.net,2025-12-17,Tablet,Photography,3,310,930,PayPal
1712,47,Debra Wilcox,dtate@example.net,2025-05-13,Camera,Electronics,4,1375,5500,Cash
1713,51,Jenna Hines,tracie33@example.com,2025-07-15,Keyboard,Electronics,5,401,2005,PayPal
1714,42,Vincent Price,bradley04@example.org,,Printer,Accessories,2,1454,2908,Cash
1715,68,Jesse Carpenter,ronald42@example.net,2024-02-29,Smartphone,Photography,1,1414,1414,PayPal
1716,69,Kelsey Garcia,thomasgriffin@example.com,,Laptop,Electronics,2,725,1450,Credit Card
1717,70,Joshua Taylor,ross16@example.org,,Camera,Accessories,2,913,1826,PayPal
1718,48,Arthur Martinez,murphyandrea@example.net,2026-01-20,Printer,Electronics,5,542,2710,Cash
1719,46,Melissa Lewis,ashley38@example.net,2025-02-22,Keyboard,Photography,5,1262,6310,Credit Card
1720,39,Tiffany Woods,washingtonelijah@example.org,2024-09-09,Mouse,Photography,3,402,1206,Credit Card
1721,19,Tara Harris,kelleykatherine@example.net,2024-09-03,Headphones,Electronics,2,351,702,PayPal
1722,59,Randy Murphy,rebeccathompson@example.net,2024-08-23,Laptop,Electronics,5,629,3145,PayPal
1723,59,Autumn Haney,escobarandrew@example.org,2024-04-10,Laptop,Photography,2,109,218,Credit Card
1724,38,Jason Patel,john44@example.com,2024-08-12,Monitor,Electronics,4,1484,5936,PayPal
1725,67,Marie Young MD,collinskatie@example.org,2025-08-30,Laptop,Photography,1,742,742,Cash
1726,46,Ronald Jensen,tuckertracy@example.com,2025-06-15,Keyboard,Photography,1,1087,1087,PayPal
1727,40,Elizabeth Pace,amandarivera@example.com,2025-11-08,Webcam,Electronics,1,312,312,PayPal
1728,22,Jennifer Lee,rjones@example.com,2025-02-19,Laptop,Electronics,2,1093,2186,PayPal
1729,51,Shannon Holmes,whitakerashley@example.com,2025-11-06,Speaker,Accessories,2,1179,2358,PayPal
1730,43,Sarah Shaffer,laura06@example.com,2025-06-23,Speaker,Accessories,4,358,1432,Cash
1731,24,Rachel Morgan,christine52@example.com,2025-02-24,Smartphone,Electronics,2,1115,2230,Cash
1732,51,Carrie Castro,susan00@example.net,2024-03-20,Camera,Photography,5,90,450,Cash
1733,25,Elizabeth Lee,wesleyford@example.net,2025-06-02,Laptop,Electronics,3,232,696,Credit Card
1734,69,Zachary Blair,middletonmelanie@example.com,2024-07-19,Mouse,Accessories,1,1493,1493,Credit Card
1735,60,Chris Wilson,megan12@example.net,2025-01-30,Monitor,Electronics,1,1049,1049,Credit Card
1736,63,David Koch,michael21@example.com,2024-10-06,Printer,Electronics,1,793,793,Cash
1737,28,,curryashley@example.com,2024-12-05,Camera,Photography,4,399,1596,Credit Card
1738,40,Tom Ayala,lancefernandez@example.net,2024-06-18,Printer,Photography,4,961,3844,PayPal
1739,47,Connor Baxter,aaron45@example.org,2025-07-21,Monitor,Accessories,4,389,1556,Cash
1740,18,Tracy King,barnesantonio@example.com,2025-09-06,Mouse,Electronics,3,1375,4125,Cash
1741,26,,williamsduane@example.org,2025-06-08,Monitor,Photography,4,879,3516,Cash
1742,27,Kelly Martinez,bhernandez@example.net,2025-02-02,Smartphone,Accessories,1,1025,1025,Cash
1743,44,Michelle Johnson,ashleycooley@example.net,2025-11-22,Printer,Accessories,1,961,961,Cash
1744,43,Regina Thompson,llopez@example.net,2024-11-23,Camera,Accessories,3,190,570,PayPal
1745,45,Robert Thomas,jessicamartin@example.net,2024-06-05,Camera,Accessories,1,1277,1277,PayPal
1746,65,Vincent Blankenship,obennett@example.com,2025-04-12,Smartphone,Accessories,2,470,940,Credit Card
1747,49,Allison Collins,hilljulia@example.net,2024-11-28,Laptop,Electronics,2,551,1102,Credit Card
1748,25,Amy Bradley,martinryan@example.net,2025-11-29,Camera,Electronics,2,1306,2612,PayPal
1749,19,Daniel Knight,cvaughn@example.net,2024-07-29,Webcam,Accessories,2,317,634,Credit Card
1750,31,Nathaniel Nunez,mgarrett@example.com,2024-10-27,Headphones,Electronics,1,131,131,Cash
1751,36,Patricia Sherman,carterjessica@example.com,2024-05-05,Speaker,Electronics,5,535,2675,Cash
1752,46,Russell Juarez,douglasrodriguez@example.org,2025-11-02,Printer,Accessories,5,918,4590,Cash
1753,18,Gregory Anderson,jmassey@example.org,2025-12-30,Printer,Photography,5,215,1075,Credit Card
1754,22,Susan Miller,fnichols@example.net,,Mouse,Photography,3,749,2247,Credit Card
1755,26,Frank Floyd,qherring@example.net,2025-05-28,Mouse,Photography,1,493,493,Credit Card
1756,56,Phillip Gardner,randerson@example.net,2024-11-03,Webcam,Accessories,5,1304,6520,Credit Card
1757,64,Monica Buckley,ruth58@example.com,,Camera,Photography,3,68,204,PayPal
1758,43,Gary Jarvis,wendy53@example.com,2024-08-04,Mouse,Electronics,3,523,1569,Credit Card
1759,33,Charles Patterson,phillipkidd@example.org,2025-04-02,Keyboard,Electronics,2,1481,2962,PayPal
1760,32,William Brady,alvarezandrea@example.org,2024-08-02,Monitor,Photography,3,354,1062,PayPal
1761,68,Anthony Matthews,kimberlyyoung@example.com,2024-12-03,Printer,Electronics,3,1153,3459,Cash
1762,28,Hayden Johnson,wilkinsdylan@example.com,2025-07-24,Speaker,Photography,3,1500,4500,Cash
1763,39,Leah Bowen,rstephens@example.net,2025-07-14,Monitor,Electronics,5,737,3685,Cash
1764,58,Larry Logan,rebecca40@example.com,2024-09-07,Smartphone,Accessories,5,938,4690,Cash
1765,18,Mary Rivera,ashleymatthew@example.net,2025-02-27,Printer,Electronics,2,557,1114,Cash
1766,41,Michelle Freeman,joserussell@example.org,2025-03-19,Mouse,Electronics,3,1123,3369,Cash
1767,32,Jack Wilkins,larrymartinez@example.org,2025-03-10,Monitor,Accessories,4,698,2792,Credit Card
1768,61,Jordan Jones,bellbrittany@example.com,2025-09-21,Laptop,Electronics,3,879,2637,Credit Card
1769,61,Carla Romero,lanebenjamin@example.org,2025-03-10,Laptop,Accessories,,442,0,PayPal
1770,70,Dr. Donald Taylor,njarvis@example.org,2025-12-13,Webcam,Electronics,3,289,867,Cash
1771,42,Jessica Prince,iespinoza@example.org,2025-07-29,Speaker,Photography,4,1244,4976,PayPal
1772,51,Margaret Patton,rogersrobert@example.net,2025-08-10,Webcam,Photography,1,1085,1085,Credit Card
1773,58,Tonya Cline,tnelson@example.com,2025-01-31,Tablet,Accessories,1,120,120,PayPal
1774,37,Chris Carpenter,avilabryan@example.org,2025-03-03,Webcam,Accessories,1,878,878,PayPal
1775,62,Justin Hernandez,zmclean@example.net,2026-01-01,Printer,Electronics,2,1499,2998,PayPal
1776,69,Taylor Gay,vegameghan@example.net,,Headphones,Photography,1,667,667,PayPal
1777,34,Jaclyn Hale,garyshah@example.com,2024-08-15,Mouse,Accessories,5,773,3865,PayPal
1778,29,Michael Smith,william48@example.org,2025-08-19,Headphones,Accessories,1,32,32,Cash
1779,30,Jay Gonzales,meadowslindsay@example.org,2025-01-21,Tablet,Accessories,4,957,3828,Cash
1780,21,Peter Young,owang@example.net,2024-04-09,Keyboard,Photography,2,370,740,Credit Card
1781,19,Christopher Castillo,vanessarobinson@example.com,2024-03-28,Speaker,Accessories,4,226,904,Credit Card
1782,42,Amy Anderson,robert23@example.com,2024-12-14,Keyboard,Electronics,3,361,1083,PayPal
1783,43,Jacob Wright,robert29@example.net,2025-03-19,Keyboard,Electronics,2,1114,2228,Credit Card
1784,33,Timothy Galloway,igibson@example.com,2024-06-22,Webcam,Accessories,4,293,1172,PayPal
1785,34,Carolyn Small,perrychristian@example.net,,Camera,Electronics,3,1126,3378,Cash
1786,66,Julian Jackson MD,michael50@example.com,,Tablet,Photography,2,123,246,PayPal
1787,40,Kelly Estrada,nathan43@example.net,,Printer,Accessories,3,1272,3816,PayPal
1788,23,Henry Molina,malonerobin@example.org,2025-12-19,Webcam,Electronics,3,1101,3303,Cash
1789,41,Heather Webb,garcialonnie@example.org,,Speaker,Electronics,,941,0,Cash
1790,39,James Jordan,brandon23@example.org,2024-06-14,Headphones,Photography,3,1352,4056,PayPal
1791,25,James Wood,howeashley@example.net,,Printer,Photography,3,769,2307,PayPal
1792,38,Joseph Johnson,jessicawagner@example.net,2025-06-23,Speaker,Electronics,1,113,113,Credit Card
1793,37,Alexis Jones,brittany30@example.com,2025-01-28,Tablet,Accessories,1,225,225,Credit Card
1794,28,Jack Jones,jacob34@example.org,2024-10-27,Monitor,Electronics,2,360,720,Credit Card
1795,68,,matthewjackson@example.org,2025-10-04,Webcam,Accessories,1,338,338,PayPal
1796,31,Michael Wallace,matthew41@example.com,2025-02-26,Speaker,Accessories,4,957,3828,PayPal
1797,32,Elizabeth Davis,wanda93@example.com,2024-09-24,Smartphone,Electronics,5,1077,5385,PayPal
1798,21,John Moore,jessica73@example.net,2024-05-16,Headphones,Photography,3,996,2988,Credit Card
1799,47,Jacqueline Gardner,thomas74@example.org,2025-11-28,Monitor,Electronics,3,1084,3252,Cash
1800,44,,alewis@example.com,,Printer,Electronics,2,909,1818,PayPal
1801,28,Sherry Ruiz,wwood@example.net,2024-12-12,Mouse,Accessories,2,717,1434,PayPal
1802,70,Jeff Boyd,patricia53@example.net,2025-09-05,Tablet,Photography,4,591,2364,Credit Card
1803,52,,ulewis@example.com,2025-06-01,Mouse,Photography,1,1480,1480,Credit Card
1804,44,David Bond,kennethchandler@example.net,2025-11-22,Monitor,Electronics,5,1027,5135,Credit Card
1805,56,Shawn Jones,xburke@example.net,2025-06-19,Camera,Accessories,4,1068,4272,Credit Card
1806,32,Laura May,hilleduardo@example.org,2025-10-21,Monitor,Electronics,3,211,633,Credit Card
1807,62,Jon Roberts,mckenziedebra@example.org,2025-04-06,Monitor,Accessories,4,1264,5056,PayPal
1808,49,Dorothy Moody,isimon@example.com,2025-09-14,Mouse,Photography,5,1019,5095,Cash
1809,57,,ksimmons@example.com,2025-07-11,Monitor,Electronics,1,358,358,Cash
1810,67,Tanya Bell,paul26@example.com,2025-05-15,Printer,Electronics,1,1441,1441,Cash
1811,25,Keith Arnold,edwardgreen@example.com,2025-11-03,Speaker,Electronics,3,81,243,Credit Card
1812,68,George Bennett,roymercer@example.com,2025-11-02,Speaker,Photography,3,328,984,PayPal
1813,60,Sherri Ray,williamsmichael@example.net,2024-09-01,Speaker,Electronics,3,1130,3390,PayPal
1814,52,Ross Dillon,deniseyoung@example.net,2024-09-04,Headphones,Accessories,1,1433,1433,Credit Card
1815,20,Andrew Stewart,charlesnichols@example.com,,Tablet,Photography,1,790,790,Cash
1816,47,Anna Weaver,nclark@example.com,2025-07-19,Smartphone,Photography,5,1045,5225,Credit Card
1817,57,Michael Vasquez,dean57@example.net,2025-10-29,Webcam,Photography,2,1111,2222,Cash
1818,37,Mark Rogers,smithsarah@example.com,,Tablet,Electronics,3,843,2529,PayPal
1819,34,Andrea Anderson,claudiaharrington@example.com,2024-05-16,Monitor,Electronics,3,131,393,Cash
1820,42,Dr. Daniel Torres,erika16@example.com,2024-08-17,Camera,Electronics,3,113,339,PayPal
1821,25,Shane Nelson,xwright@example.org,2025-07-30,Smartphone,Photography,4,184,736,Cash
1822,65,Bruce Montes,oconnorisaac@example.org,2025-12-07,Monitor,Photography,5,1325,6625,Credit Card
1823,33,Michael Baker,hartjacob@example.com,2025-05-23,Webcam,Photography,5,597,2985,PayPal
1824,23,Paul Cole,ssmith@example.org,2025-02-04,Tablet,Photography,2,353,706,PayPal
1825,62,Sophia Smith,johnsonamanda@example.com,2025-03-15,Monitor,Electronics,3,151,453,PayPal
1826,36,Jessica Chavez,wheelerjennifer@example.org,2025-05-11,Webcam,Photography,5,182,910,Credit Card
1827,43,Carol Pena,julierichards@example.org,2024-10-19,Keyboard,Electronics,5,706,3530,Cash
1828,28,Jack Miller,kdeleon@example.net,2024-06-11,Webcam,Electronics,1,685,685,Credit Card
1829,56,Kristine Anderson,hspencer@example.com,,Speaker,Electronics,4,1419,5676,Credit Card
1830,39,Jennifer Holmes,clairetownsend@example.net,2025-03-28,Monitor,Accessories,2,150,300,Cash
1831,62,Rebecca Marshall DDS,erinquinn@example.org,2025-02-05,Keyboard,Accessories,4,634,2536,PayPal
1832,45,Stephanie Weaver,kerry30@example.com,2025-03-18,Camera,Photography,2,1228,2456,Cash
1833,70,Laura Hamilton,krobbins@example.net,2025-03-22,Camera,Accessories,2,483,966,PayPal
1834,70,,tamara21@example.com,2025-07-20,Speaker,Accessories,5,1211,6055,PayPal
1835,65,Jacob Lopez,jeremy22@example.com,2025-05-27,Tablet,Accessories,4,297,1188,Cash
1836,32,Dawn Rios,jordanjeanne@example.com,2025-06-06,Mouse,Electronics,1,1129,1129,Credit Card
1837,69,Jennifer Martinez,brownjennifer@example.com,,Monitor,Photography,2,1487,2974,Cash
1838,50,Dr. Crystal Brown,scarlson@example.com,2024-04-08,Mouse,Electronics,3,791,2373,Credit Card
1839,62,Jason Gomez,simmonssarah@example.com,2024-03-02,Keyboard,Electronics,4,945,3780,Cash
1840,38,Christopher Washington,owilson@example.net,2024-07-17,Monitor,Photography,3,1445,4335,Credit Card
1841,68,Brian Williams,steelestephanie@example.com,2024-03-12,Smartphone,Electronics,2,494,988,Cash
1842,45,Robin Foster,bob56@example.org,2024-04-05,Monitor,Electronics,3,797,2391,Cash
1843,41,Justin Kim,chelsea61@example.org,2024-05-10,Speaker,Electronics,1,299,299,PayPal
1844,46,Jordan Robinson,hhall@example.org,2025-04-05,Webcam,Accessories,4,921,3684,Credit Card
1845,49,Donna Johnson,floresisaac@example.com,2025-10-02,Tablet,Photography,3,580,1740,Credit Card
1846,27,Jonathan Meyers,fieldscurtis@example.com,2025-11-06,Speaker,Accessories,4,1198,4792,Cash
1847,27,Andrew Todd,davidchandler@example.org,2025-11-03,Speaker,Electronics,2,1487,2974,PayPal
1848,55,Michael Garcia,smithshelby@example.net,2024-12-06,Speaker,Electronics,1,238,238,PayPal
1849,23,Nicholas Sanchez,josephdouglas@example.com,2025-05-08,Speaker,Electronics,3,937,2811,PayPal
1850,61,Nicole Walker,lopezpeter@example.net,2024-06-30,Webcam,Accessories,3,1066,3198,PayPal
1851,70,Kristy Tran,travis63@example.net,2025-03-11,Speaker,Accessories,5,960,4800,PayPal
1852,27,Ryan Ward,matthew37@example.com,2025-01-28,Monitor,Photography,5,180,900,Cash
1853,47,,jgrimes@example.org,,Headphones,Photography,3,1222,3666,Credit Card
1854,26,Rebecca Walker,whitesarah@example.org,2024-12-14,Mouse,Photography,4,1307,5228,Credit Card
1855,70,Billy Orozco,bthomas@example.com,2025-01-23,Monitor,Photography,1,806,806,PayPal
1856,47,Robert Baker,abigailmartin@example.net,2025-06-13,Webcam,Photography,3,1479,4437,Cash
1857,55,Christopher Williams,danielmendoza@example.net,2024-09-11,Monitor,Accessories,1,379,379,Cash
1858,27,Rebecca King,jessicasloan@example.org,2024-05-08,Printer,Photography,4,196,784,Cash
1859,31,Christopher Massey,steven97@example.com,2024-06-06,Tablet,Electronics,4,731,2924,PayPal
1860,60,Misty Murphy,jmacias@example.com,2025-10-31,Webcam,Accessories,3,1153,3459,Credit Card
1861,51,Shawn Boyle,courtney64@example.org,2024-08-05,Mouse,Photography,3,21,63,Cash
1862,32,Ashlee Jackson,deannahernandez@example.com,2025-09-24,Monitor,Photography,5,399,1995,PayPal
1863,35,Kenneth Johnson,michelefritz@example.org,2025-04-08,Tablet,Electronics,4,924,3696,Credit Card
1864,53,Kelly Wilson,petersonfrank@example.org,2024-04-11,Monitor,Electronics,1,558,558,Cash
1865,65,Linda Brooks,matthew36@example.org,2026-01-09,Tablet,Accessories,4,560,2240,PayPal
1866,53,Tamara Phelps,christopher20@example.net,,Mouse,Photography,4,1232,4928,Cash
1867,51,Tony Cardenas,heatherdiaz@example.net,2025-06-27,Speaker,Electronics,5,1237,6185,PayPal
1868,36,Miranda Mccormick,kewing@example.com,2024-07-09,Keyboard,Photography,1,1118,1118,PayPal
1869,32,Christopher Dawson,igonzalez@example.net,2025-01-30,Tablet,Photography,4,269,1076,PayPal
1870,25,Dana Johnson,jennifer39@example.org,2025-07-24,Mouse,Electronics,3,302,906,PayPal
1871,20,Lisa Baker,zjohnson@example.com,2024-09-15,Webcam,Electronics,4,1185,4740,Credit Card
1872,28,Erica Simmons,phillipsjonathan@example.net,2025-01-15,Monitor,Electronics,1,729,729,PayPal
1873,60,Gregory Arnold,davidtorres@example.org,2025-02-03,Camera,Electronics,2,318,636,Cash
1874,57,,angelaramirez@example.com,2024-10-14,Smartphone,Electronics,1,1133,1133,Cash
1875,21,Derrick Tyler,roberthernandez@example.org,2025-06-20,Printer,Photography,1,938,938,Cash
1876,56,Douglas Martin,brownsarah@example.com,,Smartphone,Accessories,1,913,913,PayPal
1877,51,Alexis Daniel,qwalton@example.com,2024-10-12,Tablet,Accessories,2,653,1306,PayPal
1878,28,Robert Duarte,vpatterson@example.com,,Smartphone,Photography,5,637,3185,Credit Card
1879,47,Eric Walters,schwartzwilliam@example.com,2024-11-14,Tablet,Photography,3,963,2889,PayPal
1880,63,John Miller,thomasbennett@example.net,2026-02-01,Tablet,Electronics,3,413,1239,Credit Card
1881,62,Leslie Williams,moorecindy@example.com,2024-03-28,Smartphone,Accessories,4,414,1656,Credit Card
1882,41,Betty Garner,amanda31@example.org,2024-08-22,Laptop,Photography,3,391,1173,PayPal
1883,56,Steve Clayton,christineking@example.net,2024-08-28,Mouse,Electronics,4,1111,4444,Credit Card
1884,28,Dr. Charlotte Lewis DDS,longtara@example.org,2024-09-29,Mouse,Photography,3,290,870,PayPal
1885,38,Samantha Randall,brian16@example.org,2025-12-07,Tablet,Photography,,933,0,Credit Card
1886,20,Brooke Jacobs,ramosnicholas@example.net,2025-05-07,Camera,Accessories,1,1214,1214,Cash
1887,25,Cynthia Stewart,aprilwilliams@example.net,2025-08-28,Mouse,Photography,4,599,2396,PayPal
1888,37,John Simpson,hernandezrobert@example.com,,Headphones,Photography,,1475,0,Credit Card
1889,57,Gary Bright,hopatricia@example.com,,Mouse,Electronics,3,709,2127,PayPal
1890,59,Paula Hampton,jamescalderon@example.net,2025-09-22,Smartphone,Electronics,1,72,72,Credit Card
1891,54,Diane Navarro,burnsjoshua@example.com,2025-01-04,Printer,Photography,5,1011,5055,Cash
1892,46,Anthony Todd,ericmcdonald@example.org,2025-01-12,Tablet,Accessories,1,898,898,Cash
1893,57,Jason Martin,cynthia14@example.net,2024-06-04,Laptop,Photography,5,1033,5165,Cash
1894,44,Carolyn Castaneda,jacobcrawford@example.net,2024-05-31,Keyboard,Photography,3,958,2874,Cash
1895,21,Mark Martinez,jenniferreilly@example.com,2024-03-23,Smartphone,Electronics,2,1062,2124,PayPal
1896,20,Zachary Fitzgerald,matthewflynn@example.com,2024-03-02,Keyboard,Electronics,1,854,854,Cash
1897,26,Melissa Smith,kphillips@example.com,2025-02-25,Webcam,Photography,2,996,1992,Cash
1898,63,Adam Acevedo,eallen@example.org,2025-10-03,Smartphone,Electronics,3,969,2907,PayPal
1899,63,Daniel Mills,dwaynedavis@example.org,2024-05-01,Speaker,Accessories,1,766,766,PayPal
1900,62,Travis Joseph,christine67@example.com,2024-10-22,Speaker,Electronics,2,373,746,Credit Card
1901,32,John Johnson,ncarlson@example.org,2024-09-04,Speaker,Accessories,,454,0,Credit Card
1902,70,Brenda Hart,sharon17@example.com,,Printer,Accessories,2,1322,2644,Cash
1903,19,Angel Robbins,grayjames@example.org,,Printer,Photography,2,1098,2196,Cash
1904,61,Sandra Reid DDS,felicia31@example.net,2025-06-10,Mouse,Photography,5,825,4125,Credit Card
1905,21,Christopher Pham,lunawilliam@example.org,,Monitor,Electronics,1,45,45,PayPal
1906,35,Crystal Hendrix,sarahthomas@example.org,2025-05-02,Tablet,Electronics,2,250,500,Cash
1907,24,Karen Stokes,kennethbarker@example.org,2026-02-26,Speaker,Photography,3,1157,3471,PayPal
1908,20,Mary Davis,brady02@example.com,2025-01-19,Keyboard,Electronics,4,1019,4076,Credit Card
1909,18,Craig Reyes,gaysamantha@example.net,2024-02-28,Webcam,Photography,3,1202,3606,Credit Card
1910,38,James Gray,sarachen@example.com,2024-06-28,Monitor,Accessories,1,409,409,Cash
1911,48,Taylor Schaefer,meganlang@example.com,2025-03-10,Webcam,Accessories,5,556,2780,Cash
1912,51,Julie Morris,jasonortiz@example.org,2024-04-06,Mouse,Photography,4,1212,4848,Credit Card
1913,53,Sarah Crawford,jacqueline50@example.com,2025-03-05,Headphones,Accessories,2,1265,2530,Credit Card
1914,67,David Taylor,tiffany56@example.com,2024-11-27,Laptop,Photography,1,393,393,Credit Card
1915,65,Kevin Gonzalez,sharon60@example.com,2024-03-19,Camera,Accessories,4,1414,5656,Credit Card
1916,67,,martinezbrenda@example.org,2025-08-06,Camera,Electronics,4,1336,5344,Credit Card
1917,38,Abigail Mejia,erica22@example.net,2024-05-17,Camera,Photography,2,932,1864,Credit Card
1918,24,,panderson@example.org,2024-11-12,Keyboard,Electronics,1,39,39,PayPal
1919,25,Valerie Young,maymichael@example.com,2025-03-26,Printer,Photography,2,91,182,PayPal
1920,69,Timothy Gaines,allenkyle@example.com,2025-03-08,Headphones,Electronics,2,708,1416,Credit Card
1921,39,Christopher Santana,faithtaylor@example.com,,Printer,Photography,5,1046,5230,Cash
1922,19,Adam Wagner,jessica38@example.com,2024-11-13,Headphones,Electronics,4,812,3248,Cash
1923,33,Hunter Small,justin10@example.net,2026-02-04,Camera,Accessories,4,1265,5060,PayPal
1924,47,Andrew Campbell,pbarnett@example.net,2025-07-07,Webcam,Accessories,4,1371,5484,Credit Card
1925,69,Paul Collins,fernandezashley@example.net,2025-04-07,Printer,Accessories,3,385,1155,Credit Card
1926,62,Lisa Moran,michael65@example.net,,Headphones,Accessories,4,716,2864,Credit Card
1927,61,Dennis Collins,imartinez@example.com,,Headphones,Photography,3,1178,3534,Cash
1928,43,Matthew Adams,ortizelizabeth@example.net,2026-02-06,Camera,Photography,1,432,432,Cash
1929,30,Katherine Bell,jennifermurphy@example.com,2025-09-10,Speaker,Photography,1,906,906,PayPal
1930,45,Keith Fuller,brendan57@example.org,2025-09-29,Webcam,Photography,2,1065,2130,Credit Card
1931,61,Jacob Foley,amanda66@example.net,2024-08-19,Speaker,Electronics,5,517,2585,PayPal
1932,64,Benjamin Robinson,keith46@example.com,2025-06-22,Keyboard,Accessories,1,259,259,Cash
1933,66,Jason Mills,johnsontraci@example.org,2024-03-19,Camera,Photography,1,1345,1345,Credit Card
1934,62,Brittney Campbell,lorimiller@example.net,2026-01-14,Webcam,Accessories,5,491,2455,Cash
1935,27,Richard Davis,natalierichardson@example.com,,Smartphone,Photography,2,975,1950,PayPal
1936,49,Christopher Ward,nicole98@example.net,2026-02-07,Printer,Electronics,5,1060,5300,PayPal
1937,41,Ryan Myers,robinsonjeffrey@example.net,2026-02-14,Webcam,Photography,2,105,210,Cash
1938,30,,patriciaross@example.org,,Tablet,Accessories,2,573,1146,Credit Card
1939,31,Dean Padilla,smithsherri@example.net,,Mouse,Photography,2,519,1038,PayPal
1940,63,Bridget Harris,kayla74@example.org,2025-11-09,Headphones,Electronics,3,324,972,Cash
1941,39,Nicholas Buchanan,johnsonsusan@example.net,2024-09-09,Speaker,Electronics,4,1477,5908,PayPal
1942,62,Alison Shelton,brucegeorge@example.com,2024-12-02,Monitor,Electronics,4,365,1460,PayPal
1943,62,Harry Smith,mharris@example.com,2024-12-09,Mouse,Electronics,1,1298,1298,PayPal
1944,24,Jennifer Crawford,christophermunoz@example.org,2024-04-06,Keyboard,Photography,,1020,0,Cash
1945,65,Bobby Roach,frank44@example.net,2024-10-18,Printer,Electronics,5,1410,7050,Cash
1946,35,Melissa Holmes,nathan24@example.net,2025-01-17,Tablet,Electronics,3,1234,3702,PayPal
1947,46,Kenneth Adams,uhampton@example.com,2025-07-31,Mouse,Photography,5,562,2810,Cash
1948,52,Anthony Crawford,sharonphillips@example.net,2024-12-26,Laptop,Electronics,1,1122,1122,PayPal
1949,55,Kristopher Thomas DVM,michelle55@example.com,2025-11-17,Webcam,Accessories,2,294,588,PayPal
1950,44,Dr. Hannah Hernandez,nwood@example.com,2026-02-03,Laptop,Photography,3,160,480,PayPal
1951,60,Marissa Foster,morrisondaniel@example.com,2025-10-03,Mouse,Accessories,5,262,1310,Cash
1952,44,Stacey Terry,martinezrobert@example.net,2026-01-01,Laptop,Electronics,3,1057,3171,Cash
1953,33,Andrew Jackson,zperez@example.org,2025-11-19,Monitor,Photography,2,178,356,PayPal
1954,58,Anthony Moran,johnclark@example.org,,Monitor,Photography,5,962,4810,PayPal
1955,51,Bobby Serrano,wilsondonna@example.org,2025-11-19,Keyboard,Photography,3,553,1659,Cash
1956,58,,dlawrence@example.org,2025-11-15,Camera,Accessories,5,96,480,Credit Card
1957,61,Steven Mercer,jensentheresa@example.net,2024-10-16,Tablet,Electronics,3,1097,3291,Cash
1958,49,Jennifer Macias,brendamoore@example.org,2024-05-09,Speaker,Accessories,2,34,68,Credit Card
1959,48,Samantha Lucas,maddoxbenjamin@example.org,2025-02-25,Headphones,Accessories,1,102,102,Credit Card
1960,57,Tracy Stevenson,samuelford@example.org,2025-01-25,Printer,Electronics,1,1347,1347,PayPal
1961,25,Patrick Herrera,monicagray@example.net,2024-10-21,Speaker,Photography,3,958,2874,Credit Card
1962,33,Anthony Sosa,gwatts@example.net,2024-11-29,Speaker,Accessories,2,653,1306,PayPal
1963,32,Gary Holmes,rford@example.org,2024-12-27,Monitor,Accessories,4,748,2992,Credit Card
1964,25,Danny Taylor,donna38@example.net,2024-07-25,Tablet,Electronics,2,592,1184,Credit Card
1965,57,Jennifer Parker,danielamy@example.net,2024-10-30,Printer,Accessories,3,728,2184,Credit Card
1966,47,Kathleen Mason,deborah83@example.net,2026-02-22,Keyboard,Photography,3,948,2844,PayPal
1967,37,Natasha Wolfe,tracy09@example.com,2025-03-16,Headphones,Accessories,,620,0,PayPal
1968,49,Joel Woods,meadowsangelica@example.net,2025-02-20,Keyboard,Electronics,1,1074,1074,Credit Card
1969,54,Mark Savage,matthewlarson@example.com,,Headphones,Accessories,5,166,830,Credit Card
1970,63,Jack Davis,ledwards@example.com,2024-12-21,Camera,Photography,2,1174,2348,Cash
1971,30,Yvonne Hull,james58@example.com,2024-08-28,Tablet,Photography,4,704,2816,PayPal
1972,57,Jonathan Webb,eshaw@example.com,2025-01-29,Smartphone,Photography,2,626,1252,Credit Card
1973,47,Joseph Hicks,martinezdwayne@example.org,2025-01-14,Headphones,Accessories,3,138,414,Cash
1974,59,David Anderson,iwilliams@example.com,2025-12-08,Smartphone,Accessories,2,280,560,PayPal
1975,52,Vanessa Glover,houstongregory@example.com,2024-10-16,Webcam,Electronics,4,1254,5016,Credit Card
1976,59,Lisa Patel,gclements@example.net,2024-11-02,Speaker,Electronics,2,1457,2914,PayPal
1977,49,Rachel Wallace,hilltyler@example.com,2024-11-17,Smartphone,Electronics,1,170,170,PayPal
1978,50,Mrs. Amanda Hernandez DVM,villanuevabradley@example.com,2024-09-25,Mouse,Photography,5,1448,7240,Cash
1979,34,Emily Horne,uhall@example.org,2025-02-20,Monitor,Electronics,2,914,1828,PayPal
1980,48,Lisa Anderson,graykevin@example.net,2025-11-01,Laptop,Electronics,5,1496,7480,PayPal
1981,35,Carla Bradley,ebell@example.org,2025-06-23,Tablet,Accessories,1,1456,1456,Cash
1982,53,Theresa Dixon,tiffanymiller@example.org,2024-11-04,Tablet,Electronics,3,46,138,Cash
1983,64,Nathan Gamble,olivia70@example.net,2024-03-18,Laptop,Photography,3,1134,3402,Credit Card
1984,33,David Griffin,rebeccaerickson@example.net,2025-08-22,Webcam,Electronics,5,1252,6260,Cash
1985,42,Jeffery Carter,markjones@example.org,2024-04-27,Printer,Electronics,4,427,1708,Credit Card
1986,62,Danielle Kim,ucoleman@example.net,2025-06-06,Monitor,Electronics,5,1074,5370,Credit Card
1987,46,Veronica Davis,jamie00@example.com,2024-04-10,Camera,Electronics,4,1261,5044,Cash
1988,68,Amy Melton,dana17@example.org,2025-04-05,Keyboard,Photography,2,497,994,PayPal
1989,51,David Adams,christopheracosta@example.org,2024-09-08,Printer,Accessories,3,909,2727,Credit Card
1990,27,Heather Norman,jeanette35@example.com,2026-02-14,Camera,Electronics,4,994,3976,Credit Card
1991,38,Michael Lopez,laurahood@example.org,2025-12-30,Keyboard,Photography,3,907,2721,Credit Card
1992,42,Michael Burns,warren87@example.com,2025-02-21,Headphones,Electronics,2,389,778,PayPal
1993,22,Ryan Orozco,johnny09@example.com,2025-09-27,Headphones,Accessories,,312,0,Credit Card
1994,30,,vfletcher@example.net,2024-12-26,Headphones,Photography,1,109,109,PayPal
1995,55,Hector Jenkins,stephanie61@example.org,2026-02-22,Webcam,Photography,4,985,3940,Cash
1996,60,Michael Williams,qburton@example.org,2024-08-03,Printer,Accessories,4,936,3744,Cash
1997,42,Kimberly Mays,hunderwood@example.net,2024-12-27,Smartphone,Photography,4,707,2828,PayPal
1998,35,Jennifer Moore,bakerray@example.org,2024-05-11,Webcam,Photography,5,1073,5365,Cash
1999,27,Andrew Combs,whitemackenzie@example.com,2024-03-31,Printer,Electronics,3,45,135,PayPal
2000,36,Allison Rodriguez,johnsonjoshua@example.net,2025-08-24,Printer,Electronics,3,240,720,PayPal
2001,23,Pamela Farley,nicholas11@example.com,2026-01-09,Headphones,Accessories,5,981,4905,Cash
2002,23,Gary Nunez,robinsonian@example.com,2024-03-19,Camera,Accessories,4,1339,5356,Credit Card
2003,46,Kimberly Jackson,jharris@example.org,,Monitor,Accessories,4,28,112,Cash
2004,27,Jennifer Miller,wnelson@example.net,2025-09-29,Smartphone,Accessories,4,189,756,Cash
2005,35,Brittney Smith,bennettchad@example.org,2026-01-23,Keyboard,Photography,1,367,367,PayPal
2006,49,Darlene Bauer,velasquezjuan@example.com,2024-03-22,Monitor,Photography,3,209,627,PayPal
2007,28,Dana Clark,christina42@example.net,2025-12-16,Laptop,Photography,2,133,266,Credit Card
2008,32,Tracy Weaver,jillianhunter@example.net,2024-11-20,Monitor,Electronics,2,374,748,Credit Card
2009,25,Karen Wilson,connor88@example.org,2024-12-09,Keyboard,Electronics,5,842,4210,Cash
2010,45,Joel Hall,jedwards@example.com,2025-05-08,Keyboard,Photography,1,197,197,Credit Card
2011,26,Chad Patel,ycherry@example.org,2024-05-03,Tablet,Electronics,3,1204,3612,Credit Card
2012,39,Alexander Garrett,kenneth03@example.com,2024-04-14,Smartphone,Electronics,2,100,200,PayPal
2013,50,Dominique Owens,smithmaureen@example.com,2024-09-20,Smartphone,Photography,4,1262,5048,Cash
2014,66,David Flores,emartin@example.com,2024-11-26,Monitor,Electronics,3,445,1335,PayPal
2015,69,Sherry Walton,michaelhall@example.net,2025-08-18,Tablet,Accessories,5,343,1715,Cash
2016,68,Lawrence Hansen,brittany49@example.org,2024-06-20,Speaker,Electronics,1,606,606,Cash
2017,20,Victor Miller,sheltontamara@example.net,2024-11-25,Speaker,Photography,2,59,118,Cash
2018,43,Terry Lang,josephglover@example.org,2025-05-17,Keyboard,Accessories,4,728,2912,Credit Card
2019,39,Kevin Walton,anthony99@example.com,2024-12-25,Smartphone,Accessories,4,330,1320,PayPal
2020,60,Carla Lopez,hartmanarthur@example.net,2024-12-02,Smartphone,Accessories,1,679,679,Credit Card
2021,25,Melissa Gibbs,amora@example.com,2026-01-01,Smartphone,Photography,4,826,3304,PayPal
2022,59,Lynn West,lindsey04@example.org,2025-09-10,Headphones,Electronics,2,704,1408,PayPal
2023,18,William Wood,bradley68@example.net,2025-03-29,Webcam,Photography,2,559,1118,PayPal
2024,58,Shaun Rogers,jasmine27@example.com,2026-01-11,Smartphone,Electronics,1,645,645,Credit Card
2025,58,Maria Carney,melanie57@example.org,2025-11-12,Printer,Photography,1,329,329,PayPal
2026,23,Michele Randolph,harristracy@example.com,2024-07-03,Camera,Photography,3,1247,3741,Cash
2027,62,,schristian@example.org,2024-09-15,Smartphone,Photography,2,1127,2254,Credit Card
2028,66,Alexander Edwards,watsonbrittany@example.com,2025-06-03,Headphones,Accessories,4,983,3932,Credit Card
2029,48,William Diaz,travismckenzie@example.com,2025-02-05,Smartphone,Photography,4,385,1540,Credit Card
2030,18,Henry Dominguez,markgreene@example.com,2025-05-29,Laptop,Photography,3,737,2211,PayPal
2031,18,Sean Hernandez,dawnking@example.org,2024-09-15,Smartphone,Accessories,2,1273,2546,PayPal
2032,42,Eddie Waters,ericlambert@example.net,2024-11-28,Webcam,Accessories,1,265,265,Cash
2033,48,Mary Kelly,dcurtis@example.net,,Monitor,Electronics,4,936,3744,Cash
2034,49,Jill Anderson,travis61@example.org,2025-10-08,Webcam,Photography,5,195,975,Cash
2035,52,Alexander Johnson,byrdgregory@example.org,2025-03-15,Headphones,Photography,4,1419,5676,Cash
2036,60,Eric Myers,wolfeapril@example.net,2024-04-23,Monitor,Accessories,4,732,2928,Cash
2037,34,Philip Hall,mooredustin@example.org,2024-06-21,Headphones,Photography,3,1252,3756,Cash
2038,52,Michele Turner,michael42@example.com,2025-08-12,Keyboard,Photography,2,424,848,Cash
2039,35,John Campos,mmooney@example.net,,Tablet,Accessories,3,1144,3432,PayPal
2040,37,Martin White,flee@example.com,2024-07-17,Monitor,Electronics,2,1337,2674,Credit Card
2041,34,Joseph Jordan,dbrown@example.net,2025-04-10,Keyboard,Accessories,3,1409,4227,Cash
2042,44,Robert Odom,norma23@example.net,,Camera,Accessories,5,1126,5630,Cash
2043,18,,hharrison@example.com,2025-04-17,Smartphone,Photography,4,140,560,Credit Card
2044,60,Samantha Grimes,rgordon@example.net,2025-04-30,Camera,Photography,5,720,3600,Credit Card
2045,24,Douglas Jones,hensonpatrick@example.org,2025-11-24,Monitor,Accessories,3,142,426,Cash
2046,59,Jennifer Schmitt,parkerstephanie@example.com,2024-11-20,Monitor,Accessories,2,1000,2000,PayPal
2047,49,Christy Miller,bmcgee@example.com,2025-06-21,Tablet,Accessories,5,1456,7280,Cash
2048,18,Martin Snyder,jerome47@example.com,,Printer,Electronics,5,1223,6115,PayPal
2049,59,Cody Brown,qgoodman@example.net,2024-07-11,Webcam,Photography,4,660,2640,Cash
2050,70,Leslie Miller,josephwells@example.com,2025-04-14,Monitor,Accessories,1,1488,1488,Cash
2051,47,Dennis Farley,tylerwright@example.net,2024-03-16,Speaker,Photography,4,193,772,Credit Card
2052,46,Kimberly Russell,anthonymyers@example.net,2024-08-11,Keyboard,Photography,4,1125,4500,Credit Card
2053,67,Mr. Johnny Jenkins Jr.,jennagarner@example.org,2025-11-25,Headphones,Accessories,4,892,3568,Credit Card
2054,40,Shannon Chan,williamingram@example.com,2025-07-12,Camera,Accessories,4,375,1500,PayPal
2055,69,Suzanne Reed,vanessa37@example.org,2025-06-04,Webcam,Accessories,5,1149,5745,Credit Card
2056,48,Jessica Olson,lauren58@example.net,2024-10-20,Mouse,Electronics,4,445,1780,Cash
2057,45,Benjamin Mcdonald,ramirezjeff@example.com,2024-12-16,Monitor,Electronics,4,264,1056,Cash
2058,61,Jeffery Sampson,umartinez@example.net,2025-10-17,Tablet,Photography,4,557,2228,Credit Card
2059,33,Christopher Webster,valdezhayley@example.org,2024-06-13,Webcam,Photography,5,155,775,Credit Card
2060,56,Sean Compton,jimenezamanda@example.com,2024-03-22,Webcam,Electronics,3,414,1242,Cash
2061,28,Clifford Dominguez,iharrison@example.org,2025-04-06,Camera,Accessories,1,745,745,Credit Card
2062,32,Ryan Shelton,michael81@example.com,2026-01-29,Keyboard,Electronics,1,73,73,Credit Card
2063,67,Brandon Richards,robertsjames@example.org,2026-01-04,Monitor,Accessories,5,1259,6295,Cash
2064,59,Vanessa Davis,davidsalinas@example.net,2025-04-27,Mouse,Photography,3,1280,3840,PayPal
2065,42,Mary Parker,jasonfields@example.com,2025-08-24,Keyboard,Photography,4,1250,5000,Cash
2066,24,Elizabeth Martin,moranstephanie@example.net,2026-01-10,Printer,Accessories,4,393,1572,PayPal
2067,36,Lisa Mathis,tklein@example.com,,Smartphone,Electronics,4,1323,5292,Credit Card
2068,43,Jacqueline Johnson,rodriguezbrittany@example.net,2024-12-14,Speaker,Photography,4,1158,4632,Cash
2069,50,Katrina Small,ellisonsamantha@example.org,2024-10-22,Mouse,Electronics,1,505,505,Cash
2070,33,Jeremy Kennedy,jennifer66@example.org,2025-03-13,Laptop,Electronics,2,791,1582,Cash
2071,29,Brenda Harrison,garciabrittany@example.org,2026-02-18,Tablet,Accessories,4,356,1424,Cash
2072,44,Stephanie Pham,jeffrey38@example.net,2024-10-15,Webcam,Accessories,5,271,1355,Cash
2073,67,Kyle Vega,blackjessica@example.net,2024-08-08,Speaker,Electronics,4,1036,4144,Cash
2074,42,David Mcneil,jfitzgerald@example.com,2024-04-20,Tablet,Accessories,1,691,691,PayPal
2075,52,David Boone,michaelanna@example.org,2024-12-11,Headphones,Photography,5,783,3915,Credit Card
2076,69,Tina Hill,fergusonrebecca@example.net,2025-10-03,Mouse,Electronics,4,1271,5084,Cash
2077,32,Todd Smith,nathanwhite@example.net,2024-12-01,Smartphone,Electronics,5,1442,7210,PayPal
2078,45,Jake Carroll,sparksmichael@example.com,2025-04-04,Speaker,Photography,2,450,900,Credit Card
2079,69,Mary Scott,grant47@example.com,,Mouse,Electronics,2,781,1562,Cash
2080,26,Lance Stark,nwall@example.net,2025-05-20,Speaker,Accessories,3,106,318,Cash
2081,65,,gbradley@example.net,2024-05-05,Printer,Photography,4,796,3184,PayPal
2082,29,James Thomas,kimjames@example.net,2025-03-25,Printer,Photography,1,498,498,Credit Card
2083,55,William Wang MD,bradylee@example.org,2024-07-07,Speaker,Electronics,1,790,790,Credit Card
2084,70,Chelsey Moran,sshaw@example.net,2024-10-07,Smartphone,Electronics,1,441,441,Credit Card
2085,31,Jerry Moore,ccooper@example.org,2024-08-03,Keyboard,Accessories,5,1226,6130,Credit Card
2086,60,Bryan Moore,eric52@example.net,2024-08-21,Tablet,Photography,4,881,3524,PayPal
2087,33,Christopher Stephens,andersonkimberly@example.net,2024-08-01,Webcam,Electronics,,538,0,Credit Card
2088,69,Stephen Mendez,zhanganthony@example.org,2025-12-02,Keyboard,Photography,2,956,1912,PayPal
2089,53,Joshua Thomas,xlane@example.net,2025-09-14,Webcam,Photography,4,122,488,PayPal
2090,69,Aaron Curry,haleywilkerson@example.com,2025-02-17,Monitor,Photography,1,105,105,PayPal
2091,34,Jordan Lopez,kmcintosh@example.com,2025-01-27,Keyboard,Electronics,1,1496,1496,Cash
2092,31,Mr. Scott Mcgrath MD,victoriacordova@example.net,,Speaker,Accessories,1,974,974,Credit Card
2093,18,David Rogers,msanders@example.com,2026-01-01,Smartphone,Electronics,3,862,2586,Cash
2094,66,Linda Hamilton,jocelynsimmons@example.org,2025-02-19,Headphones,Photography,1,1332,1332,Credit Card
2095,21,Lindsey Clark,bryantjenny@example.com,2025-07-31,Smartphone,Photography,1,161,161,PayPal
2096,62,Dustin Cisneros,lthomas@example.com,2025-02-18,Webcam,Photography,2,990,1980,PayPal
2097,52,Jason Reynolds,thomasreilly@example.net,,Speaker,Electronics,1,665,665,Credit Card
2098,22,Darlene Rasmussen,greenkimberly@example.net,2024-03-10,Speaker,Accessories,1,1139,1139,PayPal
2099,50,Kimberly Garza,brianliu@example.com,2026-01-21,Camera,Accessories,3,542,1626,Credit Card
2100,68,James Palmer,jonathan35@example.com,2024-07-30,Headphones,Accessories,1,1440,1440,Credit Card
2101,57,Matthew Palmer,daniellerichards@example.net,2024-09-08,Monitor,Electronics,4,804,3216,Credit Card
2102,51,John Munoz,andersondaniel@example.net,2025-10-10,Tablet,Photography,4,376,1504,Cash
2103,22,Joel Brown,jamesware@example.net,2025-07-06,Speaker,Photography,3,660,1980,PayPal
2104,30,Randy Carter,zbriggs@example.com,2025-09-03,Keyboard,Photography,3,112,336,PayPal
2105,35,Anthony Braun,wolfejeanette@example.net,2025-08-29,Headphones,Photography,5,1250,6250,Credit Card
2106,29,Jesse Anderson,jacksoncynthia@example.com,2026-02-06,Smartphone,Photography,1,1211,1211,Cash
2107,22,Melissa Bennett,laurie07@example.net,2024-08-31,Monitor,Photography,1,1316,1316,Credit Card
2108,29,Leslie Harmon,jessica82@example.org,,Monitor,Electronics,4,962,3848,PayPal
2109,62,,fdowns@example.org,2025-11-05,Headphones,Electronics,2,974,1948,PayPal
2110,28,,randy98@example.net,2024-05-11,Smartphone,Accessories,,1154,0,Cash
2111,64,Morgan Keith,ruizmary@example.org,2024-06-08,Camera,Photography,3,246,738,Credit Card
2112,70,David Hays,abaxter@example.net,2024-06-24,Webcam,Accessories,3,108,324,Credit Card
2113,31,Anna Kim,sarah60@example.org,2024-10-08,Camera,Accessories,1,950,950,PayPal
2114,43,Samantha Ramsey,hnoble@example.org,2025-05-22,Printer,Electronics,3,499,1497,Cash
2115,20,Nicole Barr,vross@example.org,2024-10-28,Monitor,Accessories,1,1329,1329,Cash
2116,48,,chavezjessica@example.com,2025-09-10,Camera,Photography,4,1239,4956,Credit Card
2117,20,Stephanie Fernandez,dpena@example.com,2026-01-10,Mouse,Photography,5,666,3330,Credit Card
2118,36,Diane Holder,tapiajeffrey@example.com,2024-11-17,Camera,Electronics,5,1092,5460,PayPal
2119,47,Mitchell Austin,adowns@example.com,2025-06-11,Smartphone,Photography,2,1040,2080,Credit Card
2120,60,Stephanie Stevenson,morrislaura@example.com,2025-04-13,Mouse,Accessories,1,391,391,Cash
2121,56,Kathleen Jimenez,aguilarnicholas@example.com,2024-08-31,Tablet,Photography,5,415,2075,PayPal
2122,59,Jeffrey Anderson,james93@example.org,,Camera,Accessories,5,1061,5305,PayPal
2123,47,Jeff Anderson,amberbaker@example.net,2024-07-22,Tablet,Accessories,4,401,1604,PayPal
2124,49,Michael Reed,ruben31@example.net,2025-05-04,Camera,Electronics,1,828,828,Cash
2125,35,William Richardson,cmedina@example.net,2024-03-05,Printer,Photography,3,505,1515,PayPal
2126,25,Julie Kim,amymassey@example.net,2025-02-01,Webcam,Electronics,4,28,112,Cash
2127,37,Eric Dixon,josephbrowning@example.org,2025-08-06,Mouse,Accessories,1,1265,1265,Cash
2128,31,Eric Wallace,ndominguez@example.org,2025-12-06,Keyboard,Accessories,2,1252,2504,PayPal
2129,24,Connor Brewer,stricklandpatrick@example.com,2025-06-13,Speaker,Photography,1,920,920,PayPal
2130,33,Stephen Fields DVM,brownmichael@example.com,2025-07-23,Headphones,Photography,2,200,400,Cash
2131,38,Steven Lawrence,boothjohn@example.net,2024-05-17,Printer,Electronics,5,986,4930,Cash
2132,22,Elaine Rose,kara23@example.org,,Monitor,Accessories,5,540,2700,Credit Card
2133,37,Susan Casey,pamela40@example.net,2025-07-17,Monitor,Photography,3,273,819,Credit Card
2134,40,Derek Santana,wendy27@example.net,2024-03-10,Laptop,Photography,3,539,1617,Cash
2135,41,Diana Rivera,jason04@example.net,2025-08-27,Tablet,Accessories,1,870,870,PayPal
2136,28,Linda Nielsen,bhooper@example.com,2024-10-19,Smartphone,Accessories,3,862,2586,Cash
2137,48,Dawn Collier MD,rebeccadunn@example.net,2025-12-10,Laptop,Electronics,4,388,1552,Credit Card
2138,65,Christopher Cantu,reyessamuel@example.net,2025-07-23,Mouse,Accessories,,1320,0,Credit Card
2139,29,Robert King,omiller@example.org,2024-03-28,Speaker,Electronics,2,691,1382,Cash
2140,31,Bernard Mcdaniel,operry@example.org,2025-11-09,Keyboard,Accessories,5,416,2080,PayPal
2141,57,,david61@example.org,2025-08-21,Printer,Accessories,1,811,811,Credit Card
2142,37,Stephanie Chen,bakermichael@example.com,2024-10-17,Keyboard,Photography,4,1443,5772,PayPal
2143,39,Tammy Smith,christensenjennifer@example.com,2024-06-13,Camera,Photography,1,1190,1190,Cash
2144,67,Henry Greer,campbelldonald@example.org,2026-01-30,Headphones,Accessories,3,1413,4239,Credit Card
2145,26,Gabriel King,melissareynolds@example.org,2025-08-14,Mouse,Accessories,2,1207,2414,PayPal
2146,69,Diana Logan,porterpamela@example.org,2024-05-08,Smartphone,Accessories,4,63,252,Credit Card
2147,32,Alexis Beck,davidking@example.com,2025-06-12,Printer,Photography,1,1342,1342,Cash
2148,52,Diana Garcia,glenda73@example.com,2025-02-16,Mouse,Accessories,2,592,1184,Cash
2149,56,Nicole Paul,rodriguezsusan@example.net,2024-04-21,Speaker,Electronics,3,1278,3834,PayPal
2150,32,Jessica Turner,adrian96@example.org,2025-10-25,Monitor,Electronics,3,467,1401,Cash
2151,36,Rebecca Martinez,josephlewis@example.net,2026-01-23,Headphones,Electronics,2,670,1340,Cash
2152,56,Ronald Hopkins,rogersaustin@example.net,2024-07-28,Headphones,Electronics,1,268,268,Credit Card
2153,39,Jonathan Taylor,stevensmichelle@example.net,2024-08-09,Keyboard,Photography,3,840,2520,Credit Card
2154,18,Ryan Moody,youngaustin@example.org,2025-01-22,Keyboard,Electronics,2,1207,2414,Credit Card
2155,33,Cory Edwards,emendoza@example.org,2025-11-22,Smartphone,Photography,1,650,650,Cash
2156,60,Angel Merritt,angelacooper@example.org,2025-03-18,Tablet,Accessories,3,921,2763,PayPal
2157,39,Kenneth Anthony,david93@example.org,2024-06-14,Printer,Accessories,5,1397,6985,PayPal
2158,51,,guerrerojeffrey@example.com,2025-11-29,Headphones,Electronics,3,1377,4131,PayPal
2159,23,Jennifer Wilson,bradramirez@example.net,2025-12-29,Webcam,Electronics,2,1046,2092,PayPal
2160,21,Donna Townsend,stephaniebond@example.com,2025-02-22,Speaker,Electronics,4,980,3920,PayPal
2161,35,Samantha Murphy,buchananjames@example.com,2025-10-16,Webcam,Electronics,4,221,884,PayPal
2162,57,Lindsey Rodriguez,ewilliams@example.org,2024-10-02,Keyboard,Accessories,5,1028,5140,Credit Card
2163,18,,jamessoto@example.com,2025-05-03,Laptop,Photography,2,1352,2704,Credit Card
2164,32,Chad Mckenzie,luis31@example.org,,Webcam,Accessories,5,488,2440,PayPal
2165,45,Angela Porter,harperalexandra@example.com,2024-10-10,Headphones,Electronics,5,1282,6410,PayPal
2166,33,Matthew Maldonado,uhurst@example.org,2025-12-06,Tablet,Photography,4,518,2072,Cash
2167,32,Kelly Powell,zmurray@example.net,,Monitor,Electronics,3,1468,4404,PayPal
2168,54,Samuel Ayers,jennifer92@example.com,2024-09-28,Webcam,Photography,1,1465,1465,PayPal
2169,25,Anthony Morris,kellycook@example.com,2025-05-24,Tablet,Accessories,1,234,234,PayPal
2170,37,Christopher Pham,belljeffery@example.net,2024-03-26,Keyboard,Photography,5,722,3610,PayPal
2171,32,Logan Charles,tranjessica@example.com,2025-07-14,Camera,Photography,3,1433,4299,PayPal
2172,54,Gary Gonzalez,tcollins@example.net,2025-08-09,Smartphone,Photography,2,53,106,Credit Card
2173,49,Jacob Gentry,rowens@example.org,2025-09-16,Headphones,Electronics,2,616,1232,PayPal
2174,55,Laura Ponce,mdougherty@example.org,2024-03-29,Webcam,Electronics,4,789,3156,Credit Card
2175,40,David Wilson,taylorbrittney@example.org,,Webcam,Photography,3,474,1422,Cash
2176,40,Lawrence Navarro,downsmarissa@example.org,,Webcam,Electronics,1,1028,1028,Credit Card
2177,25,Gwendolyn Vasquez,zcampbell@example.com,2024-06-14,Headphones,Electronics,3,1348,4044,Credit Card
2178,30,Tristan Kennedy,scott75@example.net,2025-05-24,Keyboard,Accessories,2,208,416,PayPal
2179,22,Joshua Wilson,pamelamaddox@example.org,2025-11-04,Camera,Accessories,2,301,602,Credit Card
2180,53,Charles Burke,jacobgibbs@example.org,,Mouse,Electronics,3,1471,4413,Credit Card
2181,21,Melissa Cohen,hollandamanda@example.net,,Tablet,Photography,1,1327,1327,PayPal
2182,24,Jacob Riggs,ldavis@example.com,2025-03-22,Monitor,Accessories,2,1285,2570,Credit Card
2183,27,Erica Jones,gregorycooper@example.org,,Speaker,Accessories,2,609,1218,Credit Card
2184,43,Theresa Green,andrea40@example.com,2024-11-23,Monitor,Accessories,1,1451,1451,Cash
2185,26,Timothy Sampson,jessesmith@example.net,2026-01-15,Monitor,Photography,3,841,2523,Cash
2186,40,Sarah Johns,krystalscott@example.com,2025-08-09,Speaker,Photography,4,1442,5768,Cash
2187,70,Chloe Mcfarland,susanclark@example.org,2024-12-12,Keyboard,Accessories,1,119,119,PayPal
2188,47,David Carter,dannystevens@example.org,2024-05-02,Smartphone,Accessories,3,824,2472,PayPal
2189,68,Megan Campos,josephfernandez@example.org,,Printer,Electronics,3,500,1500,Cash
2190,40,Angela Rivera,david70@example.com,2024-09-23,Camera,Photography,1,72,72,Credit Card
2191,36,,hbrown@example.net,2024-07-23,Camera,Photography,3,531,1593,PayPal
2192,47,Sheryl Rose,barrjoshua@example.org,2024-08-25,Speaker,Photography,5,281,1405,PayPal
2193,69,Brooke Graham,brianabutler@example.net,2025-02-01,Printer,Accessories,3,340,1020,Credit Card
2194,30,Tiffany Young,jason89@example.org,,Keyboard,Accessories,2,606,1212,Cash
2195,67,Jamie Monroe,jason56@example.com,2025-07-17,Speaker,Electronics,2,1052,2104,Credit Card
2196,58,Paul Logan,crystal87@example.org,2026-01-15,Mouse,Electronics,1,1458,1458,Credit Card
2197,68,Debra Morales,xrobles@example.net,2024-06-26,Printer,Photography,,1433,0,Cash
2198,52,Timothy Sawyer,mooredenise@example.net,2025-03-16,Laptop,Accessories,1,410,410,PayPal
2199,55,Jose Mason,snydersarah@example.org,2024-04-05,Headphones,Photography,1,303,303,Credit Card
2200,22,Janet Jennings,phillipstiffany@example.net,2025-06-29,Tablet,Electronics,4,908,3632,Cash
2201,25,John Walls,kathy02@example.net,2025-04-19,Smartphone,Accessories,1,216,216,PayPal
2202,44,Keith Thomas,burnsvicki@example.org,2025-02-10,Camera,Accessories,2,1435,2870,PayPal
2203,21,Nathaniel Fuller,teresa65@example.org,2025-08-24,Speaker,Accessories,5,984,4920,Credit Card
2204,69,John Callahan,uwilson@example.com,2025-08-14,Mouse,Accessories,1,857,857,PayPal
2205,25,Gregory Elliott,matthew62@example.com,2025-12-02,Printer,Photography,2,1106,2212,Credit Card
2206,18,Ryan Leon,ashley83@example.org,2024-11-02,Smartphone,Photography,2,119,238,Cash
2207,25,Jason Clark,efarmer@example.org,,Speaker,Accessories,5,1407,7035,Cash
2208,20,Michael Edwards,nicholas59@example.com,2025-03-24,Smartphone,Photography,1,920,920,Cash
2209,50,Elizabeth Taylor,tracy98@example.org,2025-01-29,Monitor,Photography,1,1282,1282,PayPal
2210,42,Anthony Sanders,morrisnancy@example.net,2024-10-04,Webcam,Photography,4,1101,4404,Cash
2211,55,Kimberly Gutierrez,johngonzalez@example.org,2024-08-10,Mouse,Photography,2,1175,2350,PayPal
2212,53,Jennifer Turner,smckinney@example.net,2024-03-27,Laptop,Accessories,5,316,1580,Cash
2213,40,Darrell Hudson,amy31@example.org,2024-04-22,Keyboard,Photography,3,396,1188,PayPal
2214,21,Patricia Castaneda,ygreen@example.net,2025-04-14,Camera,Electronics,3,794,2382,PayPal
2215,70,Kathryn Macias,romanautumn@example.com,2024-05-12,Smartphone,Accessories,1,245,245,PayPal
2216,18,Dr. Jennifer Powell DDS,rodneyacosta@example.org,2025-08-25,Mouse,Electronics,1,411,411,Cash
2217,19,Savannah Brown,jacobsonbrooke@example.com,2025-12-11,Monitor,Electronics,2,617,1234,PayPal
2218,70,Jose Sandoval,emilywilliams@example.com,2025-09-18,Laptop,Electronics,3,521,1563,PayPal
2219,28,Paul Barnett,mwhite@example.net,2024-09-19,Smartphone,Photography,1,676,676,Credit Card
2220,19,Kathryn Richards,norman87@example.com,2024-07-29,Mouse,Accessories,5,938,4690,Cash
2221,25,Melinda Myers,michaelmccarthy@example.com,2025-06-02,Smartphone,Electronics,1,1234,1234,Credit Card
2222,38,Ashley Perkins DDS,wardkaren@example.org,,Monitor,Accessories,2,48,96,Cash
2223,60,Charlene Schmidt,patricia99@example.net,2025-04-13,Smartphone,Electronics,4,780,3120,Cash
2224,50,Kimberly Jones,calvin47@example.net,2025-04-01,Laptop,Electronics,5,948,4740,Credit Card
2225,20,Charles Smith,zmueller@example.net,2025-09-26,Tablet,Photography,4,347,1388,PayPal
2226,35,Donna Lopez,whitneyhaas@example.org,2025-03-21,Webcam,Accessories,2,667,1334,Cash
2227,37,Vanessa Hernandez,christopher04@example.org,2024-09-26,Speaker,Accessories,3,224,672,Credit Card
2228,32,Danielle Ingram,npowell@example.com,2026-01-06,Printer,Photography,5,1091,5455,Cash
2229,23,Christy Odom,richard22@example.net,2025-07-30,Tablet,Photography,4,58,232,PayPal
2230,28,,markdixon@example.net,2024-03-10,Monitor,Accessories,3,1276,3828,PayPal
2231,53,Mrs. Danielle Farrell,prichard@example.com,2025-07-26,Keyboard,Accessories,2,1098,2196,Cash
2232,40,Jamie Brown,hansenkatelyn@example.com,2025-03-20,Laptop,Electronics,3,1283,3849,Cash
2233,50,James Sullivan,alicia24@example.net,2025-04-01,Webcam,Electronics,5,1399,6995,Credit Card
2234,59,Brianna Anderson,wblair@example.net,,Webcam,Accessories,5,1026,5130,Cash
2235,20,Norman Greer,oosborn@example.net,2024-09-01,Speaker,Electronics,3,673,2019,Cash
2236,22,Courtney Wood,hartteresa@example.net,2026-02-23,Headphones,Accessories,2,961,1922,PayPal
2237,24,,scottmiller@example.com,,Tablet,Accessories,4,1318,5272,Credit Card
2238,25,Melinda Graham,brandonbarry@example.net,2024-08-05,Laptop,Electronics,5,569,2845,Cash
2239,25,Shannon Smith,bmoore@example.net,2025-12-08,Webcam,Electronics,2,1145,2290,Credit Card
2240,70,,rrose@example.org,2024-04-29,Headphones,Accessories,4,1172,4688,Credit Card
2241,59,Emily Shields,francisandrea@example.net,2025-09-15,Tablet,Electronics,4,153,612,Cash
2242,30,Veronica Hodges,howardpatterson@example.net,2025-08-29,Headphones,Photography,4,63,252,Credit Card
2243,54,Cassie Johnson,erinreyes@example.com,2025-07-05,Headphones,Accessories,5,475,2375,Credit Card
2244,63,Paul Clayton,mia81@example.net,2024-12-07,Camera,Electronics,3,1469,4407,Cash
2245,37,Luis Davies,uwalter@example.org,2026-02-09,Mouse,Accessories,3,57,171,Credit Card
2246,60,David Roberts,xtravis@example.org,2024-10-01,Webcam,Electronics,4,1317,5268,Credit Card
2247,37,Anita Choi,cparker@example.net,2025-07-10,Monitor,Accessories,4,549,2196,PayPal
2248,44,Justin Reid,underwoodamy@example.org,2025-08-06,Webcam,Electronics,4,699,2796,Credit Card
2249,52,Barbara Perez,wilsonedward@example.org,2026-01-04,Printer,Accessories,1,697,697,Cash
2250,51,Brittany Cummings,nicholskristin@example.com,,Smartphone,Accessories,4,1294,5176,Credit Card
2251,53,Michelle Nelson,mortondennis@example.net,2025-07-03,Speaker,Electronics,4,41,164,Cash
2252,69,Kelsey Grant,tracey20@example.net,2024-11-30,Tablet,Accessories,2,1191,2382,Credit Card
2253,62,Kim Harris,seanstanton@example.com,2025-08-14,Speaker,Accessories,5,532,2660,PayPal
2254,56,Troy Ochoa,williammccarthy@example.net,2024-07-22,Camera,Photography,2,434,868,PayPal
2255,23,Samuel Lozano,oroberson@example.com,2025-11-15,Tablet,Photography,4,1011,4044,Credit Card
2256,47,Kelly Nguyen,andrea54@example.net,2025-04-20,Printer,Photography,2,1477,2954,PayPal
2257,59,Leon Campos,ehunt@example.net,2026-02-03,Tablet,Electronics,4,1191,4764,PayPal
2258,30,Steven Torres,christopher35@example.org,2024-12-13,Tablet,Photography,5,610,3050,Credit Card
2259,37,John Williams,theresahall@example.com,,Monitor,Photography,2,1253,2506,Credit Card
2260,69,Mrs. Alison Ortiz,cassieriley@example.com,,Speaker,Photography,4,549,2196,Cash
2261,47,,guzmanbrittany@example.com,2025-10-02,Keyboard,Photography,5,1256,6280,Credit Card
2262,59,Kevin Beard,ericlee@example.net,,Printer,Electronics,3,450,1350,Cash
2263,37,Janet Barton,gregali@example.net,2024-05-29,Printer,Photography,5,823,4115,PayPal
2264,43,Taylor Mills,robert98@example.com,2024-09-11,Mouse,Electronics,3,754,2262,PayPal
2265,36,Cathy Riddle,angelreed@example.org,2024-10-26,Headphones,Electronics,3,631,1893,Cash
2266,48,Elizabeth Moreno,brendawagner@example.org,2025-01-12,Printer,Photography,5,513,2565,Credit Card
2267,34,Lori Brown,philipanderson@example.net,2024-12-15,Headphones,Photography,4,218,872,Credit Card
2268,65,Kristie Michael,srodriguez@example.org,2024-11-20,Speaker,Electronics,3,475,1425,PayPal
2269,54,Nicholas Santiago,cmartin@example.org,2024-12-15,Camera,Photography,5,1081,5405,PayPal
2270,30,Linda Carter,coopercarol@example.net,2024-11-14,Webcam,Accessories,2,956,1912,Credit Card
2271,41,,stevensonjonathan@example.net,2024-03-24,Smartphone,Accessories,3,935,2805,PayPal
2272,32,Kyle Wong,ashleybrown@example.org,2025-02-13,Laptop,Electronics,4,916,3664,PayPal
2273,21,Christine Clark,moorejames@example.net,2024-06-22,Camera,Electronics,3,1247,3741,Cash
2274,67,Lindsey Webb,rogerjones@example.com,2026-02-14,Mouse,Photography,5,160,800,Credit Card
2275,37,Randy Griffin,joshua40@example.com,2026-02-27,Smartphone,Photography,2,248,496,Credit Card
2276,57,Jessica Copeland,jeremy53@example.com,,Mouse,Photography,3,1409,4227,Cash
2277,33,Joshua Rios,williamthornton@example.org,2025-06-13,Monitor,Photography,2,216,432,Cash
2278,47,John Young,ctaylor@example.org,2024-04-14,Keyboard,Electronics,1,648,648,Cash
2279,42,Tanya Burnett,wallacetimothy@example.net,,Printer,Electronics,4,237,948,Cash
2280,22,Max Medina,villarrealbrianna@example.org,2024-10-20,Camera,Photography,1,1410,1410,Credit Card
2281,61,Melinda Allen,hmorgan@example.org,2025-02-23,Printer,Accessories,2,354,708,PayPal
2282,64,Jonathan Rose,michelle89@example.net,2024-11-13,Webcam,Photography,2,343,686,Credit Card
2283,51,Stacey Torres,garciadanny@example.com,2025-05-16,Headphones,Photography,4,55,220,PayPal
2284,50,Jason Miller,kelseybaker@example.org,2025-05-13,Speaker,Electronics,2,1449,2898,PayPal
2285,41,James Castillo,velazquezsusan@example.com,,Smartphone,Electronics,3,829,2487,PayPal
2286,21,Vickie Wright,johnsonsarah@example.net,,Mouse,Accessories,2,874,1748,Credit Card
2287,26,Adam Maldonado,wongfrank@example.org,2025-02-14,Mouse,Electronics,2,1227,2454,Credit Card
2288,44,Olivia King,wilsonjennifer@example.com,2025-07-03,Printer,Accessories,2,542,1084,Credit Card
2289,47,Maria Allen,qrodriguez@example.net,2025-05-16,Keyboard,Photography,1,1124,1124,Credit Card
2290,54,Melissa Richardson,djones@example.net,2024-07-12,Keyboard,Photography,3,1208,3624,PayPal
2291,59,Megan Moore,danielsjennifer@example.org,2026-01-25,Tablet,Electronics,1,1030,1030,PayPal
2292,25,Michael Thompson,thenderson@example.org,2024-06-02,Printer,Photography,3,306,918,PayPal
2293,50,Linda Nelson MD,nmendoza@example.net,,Printer,Accessories,4,1436,5744,PayPal
2294,20,Joseph Yu,christophermoreno@example.org,2026-01-22,Mouse,Photography,2,647,1294,Cash
2295,64,,janetpayne@example.com,,Smartphone,Electronics,3,454,1362,PayPal
2296,24,Wanda Johnson,tyrone11@example.com,2025-06-29,Mouse,Photography,2,1444,2888,Cash
2297,50,Frederick Lopez,brogers@example.com,2024-09-22,Printer,Electronics,5,382,1910,Cash
2298,30,John Bray,donald37@example.com,2025-09-01,Printer,Electronics,1,753,753,Cash
2299,60,Rachael Richards,connie99@example.org,2024-12-22,Headphones,Electronics,2,448,896,Credit Card
2300,37,James Johnson,joshuascott@example.com,2025-07-27,Smartphone,Accessories,1,635,635,PayPal
2301,28,Sharon Gould,brianna76@example.org,2025-05-24,Printer,Photography,2,1291,2582,Cash
2302,56,Linda Burns,garciamichael@example.net,2025-05-11,Laptop,Accessories,2,1125,2250,Cash
2303,46,Wendy Lee,jonsmith@example.org,2025-11-03,Keyboard,Accessories,1,1086,1086,PayPal
2304,62,Scott Smith,daviddunlap@example.com,2025-07-01,Keyboard,Electronics,5,1258,6290,PayPal
2305,41,Casey Terry,nchandler@example.org,2024-11-23,Smartphone,Photography,3,797,2391,Credit Card
2306,51,Courtney Wright,pwhite@example.net,2024-11-28,Tablet,Electronics,5,613,3065,PayPal
2307,31,Caleb Garza,amanda58@example.net,2025-11-30,Mouse,Accessories,1,356,356,Credit Card
2308,19,Jennifer Clarke,timpage@example.net,2024-03-29,Speaker,Photography,2,1211,2422,Credit Card
2309,22,Elizabeth Warner,weaversteven@example.org,2025-03-18,Keyboard,Accessories,3,861,2583,Credit Card
2310,29,Ernest Flores,toddkevin@example.org,2025-06-24,Laptop,Accessories,5,728,3640,Credit Card
2311,53,Scott Watts,alexandramorgan@example.org,,Mouse,Accessories,2,127,254,Cash
2312,70,Christopher Gardner,stucker@example.com,,Camera,Accessories,5,924,4620,Cash
2313,30,Crystal Hill,jane17@example.com,2025-05-17,Laptop,Accessories,5,626,3130,Credit Card
2314,43,Michelle Brown,manningmatthew@example.net,2024-03-13,Webcam,Photography,3,1239,3717,Credit Card
2315,58,Christina Barber DVM,allenwalter@example.net,2025-08-02,Tablet,Accessories,2,54,108,Credit Card
2316,46,Andrew Williams,swatts@example.org,2024-10-25,Webcam,Photography,2,704,1408,Credit Card
2317,58,Jason Jones,amygibson@example.org,2024-04-25,Mouse,Photography,4,793,3172,PayPal
2318,65,Travis Lang,smithpatrick@example.net,2026-01-24,Tablet,Electronics,2,490,980,Credit Card
2319,50,Malik Price,tarias@example.org,2025-04-19,Webcam,Electronics,3,691,2073,Credit Card
2320,21,Cristian Noble,ytravis@example.org,2025-01-23,Keyboard,Electronics,5,1005,5025,Credit Card
2321,27,Kristin Wilkins,cruzchad@example.net,2024-04-17,Keyboard,Electronics,4,1018,4072,PayPal
2322,51,Peter Schmidt,hernandezwilliam@example.net,2025-11-11,Headphones,Photography,3,747,2241,Cash
2323,52,Cathy Nelson,mirandaharris@example.org,2024-11-02,Webcam,Electronics,3,362,1086,Cash
2324,59,Madison Chambers,jamesmason@example.com,2025-08-06,Smartphone,Electronics,1,707,707,Credit Card
2325,44,Kevin Ward,tylervincent@example.com,2024-12-18,Keyboard,Electronics,3,1463,4389,Cash
2326,23,Ashley Manning,ycaldwell@example.net,2025-02-27,Mouse,Accessories,3,162,486,Credit Card
2327,66,Dawn Jackson,xruiz@example.org,2025-04-30,Keyboard,Photography,4,514,2056,Cash
2328,57,Mark Barrera,sandra74@example.org,2025-05-29,Printer,Accessories,3,600,1800,Cash
2329,60,Lori Davis,veronicamoreno@example.com,2025-03-21,Webcam,Photography,2,1259,2518,Cash
2330,60,Robert Brown,nicolecohen@example.net,2024-09-24,Speaker,Photography,3,1018,3054,Cash
2331,43,Nicole Gomez,danielsullivan@example.com,2025-01-25,Monitor,Accessories,5,1199,5995,Credit Card
2332,52,Kelly Martinez,ablackwell@example.net,2025-03-21,Webcam,Electronics,1,991,991,Cash
2333,56,Kayla Good,nicolerussell@example.net,2025-06-28,Camera,Photography,5,528,2640,Credit Card
2334,60,Deborah Wilson,mschmidt@example.com,2024-11-22,Keyboard,Electronics,1,107,107,Cash
2335,46,Ariana David,mullenthomas@example.org,2025-04-24,Monitor,Photography,4,1104,4416,PayPal
2336,56,Richard Kim,russelljordan@example.net,2026-01-31,Speaker,Accessories,5,542,2710,PayPal
2337,24,Valerie Glover,anthonybailey@example.net,2025-07-03,Camera,Photography,1,528,528,Cash
2338,50,Maria Weaver,jameswhite@example.net,2024-05-13,Tablet,Accessories,3,100,300,Cash
2339,59,Stephanie Moore,igriffin@example.org,2024-12-14,Printer,Electronics,4,807,3228,PayPal
2340,28,Laura Glass,sking@example.org,2024-07-01,Mouse,Photography,1,859,859,Credit Card
2341,47,Morgan Paul,kimberly88@example.com,,Tablet,Photography,3,1105,3315,Cash
2342,65,Daniel Hughes,wolfejohn@example.com,2025-11-14,Printer,Photography,3,878,2634,Credit Card
2343,65,Brian Hartman,michealjensen@example.com,2024-10-31,Tablet,Photography,1,146,146,Cash
2344,26,Elizabeth Sandoval,nbrooks@example.net,2025-10-15,Camera,Photography,3,482,1446,PayPal
2345,36,Katie Wyatt,mccarthyadam@example.com,2024-08-21,Smartphone,Photography,2,217,434,Credit Card
2346,40,Jill Thornton,nancy70@example.net,2025-09-24,Keyboard,Photography,4,1039,4156,Credit Card
2347,33,Scott Shaw,daniel21@example.org,2025-09-25,Smartphone,Photography,3,98,294,PayPal
2348,66,Ronald Meyers,bross@example.net,2025-01-11,Smartphone,Accessories,5,914,4570,PayPal
2349,20,Joseph Williams,alicia18@example.com,,Keyboard,Accessories,4,443,1772,Credit Card
2350,44,Jacqueline Singh DVM,wilsonstephanie@example.com,2025-12-05,Speaker,Accessories,3,817,2451,Cash
2351,24,Susan Bell,lyoung@example.net,2025-04-12,Printer,Photography,5,1117,5585,Credit Card
2352,46,Michelle Jarvis,thaynes@example.net,2025-07-31,Mouse,Electronics,1,1133,1133,PayPal
2353,62,Jimmy Carlson,hsmith@example.net,2024-04-25,Smartphone,Photography,4,138,552,Credit Card
2354,35,Darren Vasquez,kyle21@example.org,2024-05-29,Monitor,Photography,2,1402,2804,Cash
2355,20,Lauren Anthony,carla17@example.com,2024-11-19,Keyboard,Accessories,5,1224,6120,Cash
2356,64,Amy Tran,buckleymarcus@example.org,2026-01-25,Speaker,Accessories,4,408,1632,Credit Card
2357,59,Madison Mendoza,leonardbrewer@example.org,2025-12-22,Headphones,Photography,3,857,2571,Credit Card
2358,25,Meagan Smith,anthonycooper@example.org,2024-09-05,Speaker,Electronics,2,47,94,Cash
2359,55,Jessica Wilson,nathan36@example.org,2025-01-06,Speaker,Accessories,2,1239,2478,Cash
2360,38,Alexandra Peterson,brian67@example.net,2026-02-24,Keyboard,Accessories,1,996,996,Credit Card
2361,35,Erin Frost,ryanchristopher@example.org,2025-06-01,Webcam,Accessories,2,919,1838,PayPal
2362,18,Clifford Rowe,bowmanmaureen@example.com,2024-07-28,Laptop,Electronics,3,497,1491,Cash
2363,29,Joshua Barnes,frostrobert@example.org,2024-09-16,Mouse,Electronics,3,1283,3849,PayPal
2364,49,Tonya Church,debramercado@example.net,2024-03-07,Headphones,Accessories,4,222,888,Credit Card
2365,49,Katherine Mills,craigrenee@example.com,2024-08-05,Smartphone,Electronics,4,454,1816,Cash
2366,26,Michael Wilson,gcastro@example.org,2026-01-10,Laptop,Electronics,3,820,2460,Credit Card
2367,29,Richard Jackson,averyhoward@example.com,2024-11-22,Smartphone,Photography,2,1088,2176,Credit Card
2368,69,Joseph Peterson,davistrevor@example.net,,Webcam,Photography,2,1314,2628,PayPal
2369,68,Michelle Mcknight,lopezlauren@example.org,2024-11-14,Speaker,Photography,3,70,210,Credit Card
2370,30,,jameszachary@example.org,2025-06-08,Monitor,Electronics,3,806,2418,PayPal
2371,64,,robertrush@example.com,2025-06-17,Headphones,Photography,5,801,4005,Cash
2372,68,Angela Hudson,shane46@example.net,2025-03-08,Tablet,Accessories,3,687,2061,Credit Card
2373,46,Carlos Young,mariawoods@example.com,2025-02-08,Smartphone,Electronics,4,485,1940,PayPal
2374,54,,mary77@example.org,2025-11-04,Laptop,Electronics,3,206,618,Credit Card
2375,53,Jeanne Hill,johnalvarado@example.net,2025-05-22,Smartphone,Photography,4,1175,4700,Cash
2376,64,William Johnson,donnavaldez@example.com,2024-11-10,Monitor,Accessories,2,1056,2112,Cash
2377,25,Jill Burke,catherine59@example.net,,Smartphone,Accessories,1,530,530,PayPal
2378,45,Richard Hess,edward42@example.com,2024-03-31,Keyboard,Electronics,5,670,3350,Credit Card
2379,49,Christina Solis,dhunter@example.com,2025-04-29,Webcam,Photography,3,1283,3849,PayPal
2380,27,Mary Vaughan,jacobswilliam@example.org,2025-02-17,Mouse,Photography,,661,0,Credit Card
2381,67,John Wilson,mark61@example.com,2024-08-13,Mouse,Electronics,4,1212,4848,PayPal
2382,65,Kelly Luna,beckvalerie@example.com,2024-04-08,Printer,Photography,4,1319,5276,Credit Card
2383,26,Steven Huber,anthony26@example.net,2024-10-28,Speaker,Photography,2,407,814,PayPal
2384,30,Kristine Ortiz,omorgan@example.org,2025-05-14,Speaker,Accessories,3,1303,3909,Cash
2385,20,Jesus Williams,laneian@example.org,2025-04-22,Speaker,Photography,3,97,291,Credit Card
2386,61,David Harper,debra92@example.com,2025-01-04,Mouse,Photography,4,888,3552,Cash
2387,45,Matthew Wright,kevinsnyder@example.com,2024-11-27,Printer,Photography,3,816,2448,Credit Card
2388,23,Sarah Murphy,jasonparker@example.org,2025-12-26,Mouse,Electronics,4,1463,5852,Credit Card
2389,36,Angela Richardson,cummingscody@example.net,2024-09-20,Mouse,Photography,5,560,2800,Cash
2390,28,Tamara Ford,michael95@example.net,2024-05-28,Laptop,Electronics,3,893,2679,Credit Card
2391,28,,icarroll@example.com,,Headphones,Photography,4,399,1596,Cash
2392,23,Jessica Long,stantonthomas@example.org,2024-10-25,Tablet,Photography,3,492,1476,Credit Card
2393,19,Derrick Hicks,amanda01@example.com,2024-07-04,Camera,Accessories,2,117,234,Cash
2394,45,Carol Shields,virginia47@example.com,2025-06-27,Webcam,Photography,4,1382,5528,Cash
2395,42,Brandon West,emarshall@example.com,2024-08-20,Printer,Electronics,5,801,4005,Credit Card
2396,24,Mrs. Christine Matthews,priscillajohnson@example.com,2025-11-28,Printer,Photography,3,78,234,Credit Card
2397,36,Maria Herrera,tacosta@example.org,2026-02-06,Monitor,Accessories,1,1352,1352,Cash
2398,36,John Roberson,kimelizabeth@example.org,2024-07-19,Headphones,Accessories,2,1359,2718,Credit Card
2399,18,Eric Miller,vsmith@example.net,2024-07-25,Headphones,Electronics,1,1430,1430,Credit Card
2400,49,Ruth Greene,crice@example.org,2024-11-25,Speaker,Photography,4,964,3856,Credit Card
2401,51,Martha Foster,liueric@example.org,2024-11-19,Laptop,Accessories,1,1165,1165,Cash
2402,45,Autumn Kaiser,shawnguerra@example.org,,Laptop,Accessories,4,1349,5396,Credit Card
2403,32,Kathryn Payne,judyjohnson@example.com,2025-11-23,Camera,Electronics,4,754,3016,Credit Card
2404,39,Whitney Myers,maria90@example.org,2024-04-23,Speaker,Photography,5,818,4090,Credit Card
2405,65,Jennifer Johnston,vsexton@example.net,2025-08-20,Speaker,Photography,4,1300,5200,Cash
2406,52,Sabrina Anderson,hilljessica@example.com,2024-06-12,Smartphone,Photography,5,195,975,Credit Card
2407,30,Mr. Gary Johnson,christine66@example.org,2024-04-05,Laptop,Electronics,5,1146,5730,PayPal
2408,22,,mckeelaura@example.com,2025-07-14,Camera,Photography,2,595,1190,Credit Card
2409,57,Brenda Barnes,morenoapril@example.net,,Laptop,Accessories,4,646,2584,Cash
2410,33,Amy Sandoval,dpayne@example.org,2025-09-01,Headphones,Photography,2,49,98,PayPal
2411,29,Joseph Patel,dodsonpeter@example.com,2026-01-25,Printer,Photography,1,812,812,Credit Card
2412,61,Brandon Hill,djohnson@example.org,2024-03-19,Tablet,Photography,5,395,1975,Cash
2413,59,Frances Campbell,freemanmatthew@example.org,,Speaker,Electronics,1,1141,1141,Credit Card
2414,24,Valerie Golden,thendrix@example.com,2024-04-18,Headphones,Electronics,1,488,488,Cash
2415,39,Kimberly Roberson,katherinereed@example.org,2024-04-13,Mouse,Electronics,1,824,824,PayPal
2416,39,Kathy Powers,harrisevan@example.net,,Speaker,Accessories,4,412,1648,Credit Card
2417,18,Patrick Miller,rodrigueztony@example.com,2025-02-21,Camera,Photography,4,713,2852,Cash
2418,47,Bailey Murphy,nconrad@example.net,2025-11-20,Mouse,Photography,2,376,752,Credit Card
2419,29,Kathy Harrison,cgarcia@example.com,2025-07-01,Printer,Accessories,4,520,2080,PayPal
2420,24,Jasmine Torres,christina83@example.net,2024-08-03,Camera,Electronics,1,1261,1261,Cash
2421,57,Ivan Reeves,cathy19@example.org,2024-04-27,Monitor,Photography,2,1346,2692,Credit Card
2422,27,Nina James,hmurphy@example.org,2024-11-24,Mouse,Accessories,4,1396,5584,Cash
2423,59,Jennifer Schroeder,fhayden@example.net,2024-09-26,Smartphone,Accessories,5,138,690,Credit Card
2424,30,Sheila Anderson,juanthompson@example.org,2025-11-04,Camera,Photography,4,883,3532,Cash
2425,64,Maurice Johnson,kyle78@example.com,2026-02-01,Mouse,Accessories,2,625,1250,PayPal
2426,41,Laura Vasquez,roachsteven@example.net,2025-04-07,Speaker,Photography,4,227,908,PayPal
2427,68,Lisa Johnson,danielprice@example.net,2024-03-10,Keyboard,Accessories,5,1323,6615,Cash
2428,38,Austin Thomas,pacetracy@example.net,2024-10-20,Tablet,Photography,2,1319,2638,Cash
2429,64,Brian Clark,woodsjean@example.com,2024-11-19,Headphones,Electronics,1,167,167,Cash
2430,22,Kenneth Ellis,gary98@example.com,2025-11-16,Speaker,Accessories,4,371,1484,Cash
2431,57,Pamela Cochran,prestonjames@example.net,2024-04-13,Camera,Accessories,5,1278,6390,PayPal
2432,25,Cheryl Johnson,edwardtran@example.net,2026-01-19,Webcam,Electronics,2,714,1428,PayPal
2433,61,James Alvarez MD,ijennings@example.net,2025-07-24,Keyboard,Accessories,1,418,418,PayPal
2434,43,Lorraine Jenkins,thomas95@example.com,2025-02-22,Mouse,Photography,1,1234,1234,Cash
2435,32,Terrence Hall,mcdonaldjeffrey@example.org,2025-02-20,Keyboard,Photography,4,882,3528,Credit Card
2436,47,Trevor Marsh,thompsondana@example.com,2024-06-29,Keyboard,Photography,4,1304,5216,Cash
2437,58,Courtney Spears,jadeburgess@example.com,2024-09-11,Speaker,Accessories,4,1346,5384,Credit Card
2438,32,Katelyn Sosa,delgadoalexandra@example.org,2025-04-08,Headphones,Accessories,1,768,768,PayPal
2439,49,Sandra Klein,kbutler@example.com,2024-09-27,Webcam,Accessories,5,1457,7285,PayPal
2440,55,Jonathan Richmond,kathrynmartin@example.net,2025-10-20,Laptop,Electronics,1,98,98,PayPal
2441,68,David Perez,gsummers@example.net,2024-09-20,Tablet,Photography,1,79,79,Credit Card
2442,47,Tracy Michael,scott11@example.com,2024-04-10,Tablet,Accessories,2,1181,2362,Cash
2443,41,William Bennett,andrew40@example.org,2024-09-09,Printer,Accessories,1,1029,1029,Credit Card
2444,23,Lindsey Young,bmanning@example.net,2025-09-05,Mouse,Photography,3,762,2286,Credit Card
2445,22,Melissa Jackson,william94@example.net,2025-08-17,Laptop,Photography,5,472,2360,Cash
2446,38,Elizabeth Fields,sowens@example.net,2025-06-16,Tablet,Photography,4,104,416,Credit Card
2447,26,Jason Johnson,pstewart@example.com,2025-06-13,Mouse,Accessories,2,758,1516,PayPal
2448,24,Cynthia Hughes,xfreeman@example.net,2024-11-03,Smartphone,Electronics,1,1334,1334,Cash
2449,62,Latasha Monroe,ncooper@example.com,,Laptop,Accessories,2,390,780,PayPal
2450,54,Rebecca Curtis,aharris@example.net,2024-07-30,Tablet,Photography,2,42,84,Cash
2451,52,,jonathan37@example.net,,Mouse,Accessories,1,573,573,PayPal
2452,65,Christopher Nixon MD,sandrabailey@example.org,2025-07-22,Headphones,Photography,3,1258,3774,PayPal
2453,24,Robert Guerra,longmark@example.net,2024-05-29,Laptop,Photography,1,676,676,PayPal
2454,27,Ashley Gonzalez,michellegarcia@example.net,2024-09-29,Printer,Accessories,2,551,1102,PayPal
2455,24,Alyssa Lindsey,sotoapril@example.net,,Speaker,Electronics,5,553,2765,PayPal
2456,26,Marc Holland,garciamichael@example.com,2026-02-09,Speaker,Accessories,1,1278,1278,Cash
2457,40,Stephen Scott,randrews@example.org,2025-09-10,Smartphone,Photography,3,217,651,PayPal
2458,37,Dennis Burgess,crystallandry@example.net,2025-09-19,Laptop,Photography,1,1158,1158,Cash
2459,44,Jacqueline Wallace,anthony65@example.com,2024-08-02,Smartphone,Electronics,3,531,1593,Credit Card
2460,31,Audrey Harris,goodmanthomas@example.org,2024-12-20,Tablet,Electronics,4,1095,4380,Credit Card
2461,24,Timothy Flowers,kristendavis@example.net,2024-12-10,Smartphone,Photography,5,1094,5470,Cash
2462,51,Stephanie Edwards,fprice@example.org,2025-07-31,Webcam,Photography,1,768,768,Cash
2463,35,Daniel Simmons,mrivers@example.net,2025-02-11,Webcam,Accessories,1,844,844,Credit Card
2464,49,Carol Clark,ohenderson@example.com,,Camera,Photography,1,876,876,Cash
2465,55,Kathy Curry,steven00@example.com,2025-12-05,Keyboard,Electronics,2,242,484,Credit Card
2466,36,,robertvasquez@example.com,2025-01-01,Mouse,Photography,2,1183,2366,Cash
2467,35,Donald Klein,brewerjames@example.com,2025-09-19,Mouse,Electronics,5,1108,5540,Cash
2468,55,Heather Terrell,mckaybarbara@example.net,2024-03-13,Camera,Photography,3,211,633,Cash
2469,36,Jesus Morris,pamela95@example.net,2025-09-29,Tablet,Accessories,1,735,735,Cash
2470,33,Scott Deleon,tonya00@example.net,2025-11-23,Laptop,Accessories,,486,0,Cash
2471,34,Tina Nguyen,williamsmelissa@example.com,2025-08-01,Keyboard,Accessories,4,256,1024,Cash
2472,29,Carla Schaefer,jamesbarber@example.com,2024-11-19,Smartphone,Electronics,2,263,526,Cash
2473,32,Amanda Ramirez,emmanelson@example.net,2025-07-04,Monitor,Electronics,4,1375,5500,Credit Card
2474,66,Richard Hughes,hhenderson@example.com,2024-03-02,Mouse,Photography,2,373,746,PayPal
2475,30,Jennifer Mitchell,danielhammond@example.org,2025-03-26,Tablet,Photography,1,1047,1047,PayPal
2476,65,Sarah Kim,nicholas85@example.org,,Headphones,Photography,1,322,322,Credit Card
2477,57,Riley Bender,tranarthur@example.net,2025-07-12,Keyboard,Electronics,3,48,144,PayPal
2478,28,Larry Garner,adambenjamin@example.com,2024-04-14,Mouse,Electronics,4,1269,5076,PayPal
2479,55,Mr. Daniel Lee DDS,timothy84@example.net,2024-12-28,Smartphone,Accessories,3,1010,3030,PayPal
2480,39,Dennis Buchanan,valeriestafford@example.net,2025-04-07,Camera,Electronics,1,1406,1406,Cash
2481,56,Susan Landry,kingkrystal@example.com,2024-11-27,Mouse,Photography,2,1038,2076,PayPal
2482,69,Kristen Thompson,scontreras@example.net,2024-07-28,Keyboard,Electronics,3,515,1545,Credit Card
2483,58,Dr. Darius Hansen,pashley@example.com,2024-06-22,Keyboard,Accessories,3,1118,3354,Credit Card
2484,35,Marc Spencer,xsmith@example.com,2026-01-16,Mouse,Electronics,3,259,777,Credit Card
2485,20,Alejandro Davis,dmitchell@example.net,2024-07-18,Camera,Photography,4,1393,5572,PayPal
2486,66,Daniel Gonzalez,xlopez@example.com,,Headphones,Electronics,3,850,2550,Cash
2487,70,Douglas Reynolds,john08@example.com,2025-12-14,Mouse,Accessories,5,1039,5195,Credit Card
2488,62,Bradley Knight,torreskatherine@example.org,2025-09-06,Laptop,Electronics,1,1220,1220,Cash
2489,47,Robert Andrews,harringtonjames@example.net,,Tablet,Electronics,2,1151,2302,Cash
2490,53,Brianna Miller,fstevens@example.net,2025-10-16,Headphones,Photography,5,1332,6660,Credit Card
2491,38,Philip Macias,reevestonya@example.net,2024-07-11,Webcam,Accessories,1,81,81,PayPal
2492,26,Elizabeth Estrada,adamsanna@example.net,2025-11-08,Printer,Accessories,5,1331,6655,Cash
2493,69,Mitchell White,jaredjames@example.org,2025-02-25,Laptop,Accessories,4,1124,4496,PayPal
2494,61,Zachary Miller,robbinskimberly@example.org,2025-09-06,Smartphone,Electronics,2,1212,2424,PayPal
2495,48,Frederick Rogers,brittanyharmon@example.com,2024-04-10,Camera,Accessories,3,1200,3600,Credit Card
2496,58,Stephanie Salas,wfleming@example.com,2025-10-18,Laptop,Electronics,4,641,2564,PayPal
2497,59,Heather Hoffman,frodriguez@example.com,2024-04-25,Monitor,Electronics,4,437,1748,PayPal
2498,52,Natalie Matthews,mcfarlandjoseph@example.com,2025-06-04,Smartphone,Electronics,1,1037,1037,Credit Card
2499,31,Andrew Dixon Jr.,craigvanessa@example.org,2025-09-13,Tablet,Accessories,1,484,484,Cash
2500,44,Caleb Dean,mccarthyjoel@example.org,2025-08-17,Headphones,Photography,4,46,184,PayPal
2501,62,Cynthia Perez,barbara77@example.org,2025-11-05,Printer,Accessories,2,728,1456,Cash
2502,33,Heather Garcia,ryan18@example.com,2024-10-24,Mouse,Photography,3,290,870,Credit Card
2503,39,Jason Larson,toni39@example.net,2025-01-05,Speaker,Electronics,4,835,3340,PayPal
2504,23,Kevin Washington,jorge95@example.com,2025-05-01,Smartphone,Accessories,2,463,926,Cash
2505,37,Devin Jackson,rsanchez@example.org,2025-10-19,Mouse,Photography,,881,0,Cash
2506,43,Theresa Howard,amedina@example.net,2025-09-28,Tablet,Accessories,5,262,1310,Cash
2507,37,Mark Lee,daniel15@example.org,2024-11-09,Keyboard,Photography,3,391,1173,Cash
2508,59,Melissa Ramirez,michellewarren@example.org,2024-10-24,Printer,Electronics,1,720,720,Credit Card
2509,48,Peter Wallace,nterry@example.org,2024-10-31,Headphones,Electronics,,861,0,Cash
2510,69,Travis Shaw,parkalexandra@example.org,2024-10-03,Tablet,Photography,3,385,1155,Cash
2511,54,Jessica Cooper,robinsonalexander@example.com,2025-11-16,Laptop,Photography,1,1295,1295,Credit Card
2512,26,Monica Jones,vjones@example.org,2026-02-25,Laptop,Electronics,2,991,1982,Cash
2513,45,Brandy Mendez,ophillips@example.com,2024-08-09,Speaker,Electronics,3,1092,3276,Cash
2514,68,Jamie Young,guzmankarina@example.net,2025-11-29,Keyboard,Electronics,5,424,2120,Cash
2515,29,Christopher Williamson,asmith@example.net,2025-03-08,Tablet,Accessories,5,392,1960,Cash
2516,21,Ryan Dunlap,fshaw@example.org,2024-05-18,Tablet,Electronics,1,791,791,PayPal
2517,66,Christine Fletcher,fernandezadam@example.net,2024-12-22,Webcam,Photography,5,275,1375,Credit Card
2518,56,Jacqueline Beck,anna15@example.net,2025-06-14,Smartphone,Accessories,5,128,640,PayPal
2519,27,Jeremy Shepherd,karlsullivan@example.com,,Webcam,Photography,4,885,3540,PayPal
2520,51,James Figueroa,holderrobert@example.com,,Laptop,Accessories,5,431,2155,Credit Card
2521,50,Teresa Davidson,schmidtjennifer@example.com,2024-04-06,Tablet,Photography,4,628,2512,Cash
2522,31,Joseph Mays,paulconrad@example.net,2024-06-13,Speaker,Accessories,2,29,58,Cash
2523,38,Kevin Chavez,timothy79@example.com,2024-09-26,Headphones,Electronics,2,1432,2864,PayPal
2524,55,Thomas Woods,katherine56@example.org,2024-05-19,Speaker,Accessories,2,719,1438,PayPal
2525,37,Jose Cooley,michaelhuber@example.com,2024-03-10,Headphones,Accessories,1,1292,1292,PayPal
2526,31,Elizabeth Ramirez DDS,cathy15@example.net,2025-07-31,Speaker,Accessories,5,1005,5025,Credit Card
2527,23,Christopher Obrien,uaguirre@example.net,2024-05-24,Camera,Electronics,3,1248,3744,Cash
2528,59,Laura Anderson,thompsonconnor@example.com,,Laptop,Photography,2,433,866,PayPal
2529,60,James Garcia,qdean@example.org,2025-01-31,Monitor,Accessories,4,1264,5056,Cash
2530,43,Brian Morales,megan32@example.org,2025-07-05,Smartphone,Accessories,1,742,742,PayPal
2531,38,Renee Alexander,jeffrey09@example.net,2024-05-14,Keyboard,Photography,2,1206,2412,Credit Card
2532,70,John Carlson,thomascynthia@example.com,2025-08-06,Headphones,Electronics,1,738,738,Cash
2533,51,Krista Beasley,baxterrobert@example.net,2024-11-09,Webcam,Accessories,4,1017,4068,PayPal
2534,61,Kevin Myers,flowersandre@example.com,2024-12-23,Laptop,Photography,1,1352,1352,PayPal
2535,61,Briana Schaefer,caitlynwolfe@example.com,,Monitor,Electronics,1,340,340,PayPal
2536,69,Curtis Douglas,alvaradokyle@example.net,2024-10-02,Laptop,Accessories,5,1207,6035,Credit Card
2537,18,Brandon Smith,craig34@example.org,2025-02-09,Mouse,Photography,5,637,3185,Cash
2538,36,Lindsay Mclaughlin,ericajames@example.net,2026-01-03,Printer,Electronics,3,813,2439,Cash
2539,42,Tamara Conner DDS,elizabeth29@example.net,2025-05-22,Keyboard,Accessories,2,1285,2570,PayPal
2540,32,Travis Johnson,matthew31@example.com,2024-10-30,Tablet,Electronics,4,273,1092,Cash
2541,26,Jeffery Armstrong,sherripeters@example.net,2025-10-23,Headphones,Electronics,5,39,195,PayPal
2542,37,Jason Dickerson,james88@example.com,2024-06-11,Tablet,Photography,3,1157,3471,Credit Card
2543,47,Dr. Michael Brown,craig59@example.com,2024-08-22,Speaker,Accessories,1,1349,1349,PayPal
2544,60,Benjamin Mann,christysilva@example.net,2024-03-05,Tablet,Photography,5,994,4970,Cash
2545,68,Brandi Padilla,michaelhamilton@example.org,,Monitor,Electronics,2,1427,2854,Credit Card
2546,20,Maria Holmes DVM,wendy79@example.net,2024-06-13,Speaker,Accessories,2,1487,2974,Cash
2547,60,Laura Dyer,richard42@example.org,2025-09-08,Mouse,Accessories,5,1404,7020,Credit Card
2548,41,,corey67@example.com,2025-08-06,Mouse,Photography,4,97,388,Credit Card
2549,55,Sergio Murphy,angela60@example.net,2025-12-29,Monitor,Electronics,1,1376,1376,PayPal
2550,69,Jose Davis,kharper@example.org,2025-12-26,Monitor,Photography,5,178,890,Credit Card
2551,38,Scott Martinez,leephyllis@example.org,2024-11-28,Monitor,Photography,5,1355,6775,Cash
2552,39,Kelly Hudson,liupatty@example.net,2024-03-31,Mouse,Electronics,1,749,749,PayPal
2553,52,Elizabeth Brady,tracy68@example.net,2024-12-12,Printer,Accessories,5,70,350,Credit Card
2554,46,Brittany Watson,maryluna@example.com,2024-10-17,Webcam,Photography,4,768,3072,Cash
2555,27,Christy Sandoval,prestonlopez@example.net,2025-10-20,Printer,Electronics,4,435,1740,Credit Card
2556,62,Derrick Perez,timothyaguirre@example.org,2025-06-16,Laptop,Accessories,2,1014,2028,PayPal
2557,39,Christopher James,adam77@example.com,2025-08-30,Keyboard,Accessories,4,174,696,PayPal
2558,67,Daniel Vasquez MD,josephpugh@example.org,2024-02-28,Laptop,Accessories,2,1172,2344,PayPal
2559,27,Austin Lewis,johnsonteresa@example.org,2025-09-14,Speaker,Accessories,2,406,812,Credit Card
2560,28,Jill Carroll,malloryscott@example.com,2025-10-08,Monitor,Electronics,1,702,702,Credit Card
2561,45,Michael Jones,arnoldlaura@example.net,2025-09-30,Camera,Electronics,4,735,2940,Credit Card
2562,38,Terri Moore,manuel16@example.org,2025-03-12,Tablet,Photography,3,422,1266,Cash
2563,55,Matthew Green,jrussell@example.net,2025-09-13,Laptop,Photography,5,1046,5230,PayPal
2564,45,Angel Wilson,sarahtran@example.net,2025-05-11,Keyboard,Photography,5,753,3765,Cash
2565,60,Bianca Brown,kyle70@example.com,2025-04-11,Laptop,Electronics,1,702,702,Cash
2566,52,Billy Baldwin,carriewalker@example.org,2025-08-18,Headphones,Photography,1,559,559,Credit Card
2567,29,Patricia Miller,rodriguezjames@example.net,2024-11-21,Monitor,Accessories,5,933,4665,Cash
2568,57,Andrea Brown,xharrison@example.net,2024-08-19,Printer,Electronics,1,773,773,Credit Card
2569,20,Scott Martinez,shannondavis@example.net,2025-07-05,Printer,Photography,5,1059,5295,Cash
2570,46,Allison Jones,donald77@example.net,2024-05-27,Speaker,Electronics,1,1217,1217,Cash
2571,31,Joseph Bass,antonio53@example.net,2025-08-17,Monitor,Photography,2,464,928,PayPal
2572,48,James Riley,bestadam@example.net,2025-12-09,Keyboard,Accessories,5,1157,5785,PayPal
2573,54,Randall Mckee,georgegould@example.net,2024-07-19,Tablet,Electronics,4,1189,4756,Cash
2574,42,Amanda Nash,michellemiddleton@example.net,2024-10-29,Mouse,Accessories,4,732,2928,PayPal
2575,44,Danielle Martinez,ashley44@example.org,2025-03-12,Webcam,Electronics,5,1364,6820,PayPal
2576,50,Vickie Osborne,qburgess@example.org,2025-08-31,Mouse,Electronics,5,350,1750,PayPal
2577,45,Amanda Wright,arnoldbenjamin@example.com,2025-12-24,Speaker,Photography,5,1123,5615,PayPal
2578,53,Natalie Rogers,proctorgary@example.com,2025-08-30,Smartphone,Electronics,2,1286,2572,PayPal
2579,43,Christina Ortiz,hullkenneth@example.com,2025-03-26,Mouse,Electronics,2,284,568,Cash
2580,19,Kristin Kennedy,kelsey67@example.org,2024-03-28,Speaker,Photography,4,463,1852,Cash
2581,49,Douglas Mason,lnguyen@example.net,2025-05-25,Tablet,Electronics,2,1107,2214,PayPal
2582,31,Rachel Walker,sancheztroy@example.org,2024-04-07,Smartphone,Accessories,3,1330,3990,Credit Card
2583,50,Jessica Vega,jharris@example.net,2025-06-29,Smartphone,Photography,1,209,209,PayPal
2584,29,Ian Stewart,kevinperry@example.com,2024-09-22,Smartphone,Accessories,5,450,2250,Credit Card
2585,37,Michael Blair,mbrown@example.net,,Laptop,Accessories,2,549,1098,Credit Card
2586,36,William Kim,kimcollier@example.org,2025-12-15,Headphones,Electronics,1,1014,1014,Cash
2587,32,Susan Peterson,ysantiago@example.org,2024-11-16,Laptop,Electronics,1,1357,1357,PayPal
2588,61,Richard Kaiser,delgadojustin@example.org,2026-01-04,Laptop,Photography,3,1294,3882,Credit Card
2589,34,Mr. Joseph Hampton DVM,nguyenallison@example.org,,Headphones,Photography,4,156,624,Cash
2590,68,Philip Odom,williamfleming@example.org,2024-06-16,Camera,Photography,4,176,704,PayPal
2591,20,Katrina Jensen,avilajessica@example.org,2025-09-28,Headphones,Electronics,1,975,975,PayPal
2592,63,Christopher Stewart,washingtonalexandra@example.net,2025-01-11,Printer,Photography,3,278,834,PayPal
2593,57,,brian33@example.com,2025-10-29,Tablet,Accessories,1,557,557,PayPal
2594,51,Shawn Snyder,kimdenise@example.net,2025-06-15,Keyboard,Photography,2,216,432,Credit Card
2595,69,Jonathan Carter,ashleywilson@example.org,2025-10-10,Webcam,Electronics,4,468,1872,Credit Card
2596,47,Kurt Graham,tanyawalker@example.net,2025-02-22,Printer,Photography,4,845,3380,Credit Card
2597,30,Donna Hernandez,tammyyang@example.com,2025-12-07,Monitor,Electronics,5,1199,5995,Credit Card
2598,64,Steven Rogers,manuel27@example.net,2025-10-22,Camera,Accessories,2,1364,2728,Cash
2599,50,Miguel Henderson,icraig@example.net,2025-02-03,Webcam,Electronics,5,452,2260,PayPal
2600,68,Jennifer Phillips,fnewman@example.org,2026-02-23,Laptop,Electronics,4,898,3592,Cash
2601,70,,calvin51@example.com,2024-12-07,Monitor,Electronics,3,671,2013,Credit Card
2602,46,Samuel Garrison,castillopeggy@example.net,2025-01-14,Tablet,Electronics,4,576,2304,PayPal
2603,39,Christine Campbell,heidi76@example.com,2024-03-25,Printer,Accessories,4,1044,4176,Cash
2604,69,,sean41@example.com,2024-09-27,Keyboard,Accessories,3,100,300,PayPal
2605,45,Kelli Bailey,ctorres@example.com,2025-09-16,Speaker,Accessories,3,653,1959,Cash
2606,69,Kelly Lara,jane44@example.org,2024-03-28,Laptop,Accessories,3,1007,3021,Credit Card
2607,50,Savannah Heath,kelsey45@example.org,2025-05-07,Laptop,Accessories,1,1041,1041,PayPal
2608,22,Wendy Long,richardanderson@example.com,2026-01-23,Headphones,Photography,2,1420,2840,PayPal
2609,68,Dana Williams,angelicaramirez@example.org,2025-12-05,Webcam,Electronics,2,320,640,Credit Card
2610,18,Charles Dean,eric28@example.org,2024-04-30,Keyboard,Accessories,3,1314,3942,Credit Card
2611,38,Gloria Robinson,gpaul@example.com,2025-12-13,Webcam,Electronics,3,168,504,PayPal
2612,61,Nathaniel French,davisjuan@example.org,2025-10-30,Monitor,Photography,5,1283,6415,PayPal
2613,23,Joseph Gutierrez,katrina80@example.com,2025-01-08,Camera,Accessories,2,1406,2812,Cash
2614,47,Mary Flores,hullmadeline@example.net,2025-09-27,Monitor,Photography,4,1184,4736,PayPal
2615,32,Cody Lynch,harrisrobin@example.org,2025-10-16,Camera,Accessories,1,1229,1229,PayPal
2616,55,Mrs. Courtney Powell DVM,zharper@example.net,2025-12-21,Laptop,Photography,1,709,709,PayPal
2617,35,Amanda Patterson,whall@example.com,2024-10-19,Tablet,Electronics,4,605,2420,Cash
2618,23,Brandon Perez,cookbrian@example.com,2025-12-07,Laptop,Accessories,1,772,772,Cash
2619,19,David Ochoa,troy81@example.net,2024-08-18,Speaker,Photography,2,1125,2250,Cash
2620,48,Todd Perry,fitzgeraldmarcus@example.org,2024-11-27,Smartphone,Photography,2,1451,2902,Cash
2621,25,Jacob Hill,wlopez@example.org,2025-06-13,Webcam,Electronics,3,582,1746,PayPal
2622,39,Valerie Newton,hbrown@example.net,2024-03-20,Tablet,Accessories,1,1013,1013,Cash
2623,47,,ealvarez@example.com,2025-10-05,Webcam,Photography,4,789,3156,Cash
2624,62,Richard Phillips,blancharddavid@example.com,2025-04-28,Keyboard,Electronics,3,501,1503,Cash
2625,67,Melissa Young,rwilkerson@example.com,2025-12-15,Mouse,Accessories,2,567,1134,Credit Card
2626,56,Christopher Sanchez,felicia07@example.org,2024-10-26,Printer,Electronics,2,1284,2568,Cash
2627,57,Amy Steele,colleenshelton@example.com,2026-01-22,Camera,Accessories,2,789,1578,Credit Card
2628,34,,jsmith@example.com,2024-11-01,Tablet,Accessories,3,529,1587,Cash
2629,24,Kimberly Lopez,ginabrown@example.org,2024-11-28,Webcam,Photography,2,775,1550,Cash
2630,52,Kayla Hendricks,lindameyer@example.org,,Mouse,Electronics,2,938,1876,Cash
2631,47,Kristopher Glover,kpeck@example.org,2025-04-24,Tablet,Accessories,4,360,1440,Cash
2632,46,Robin Morales,dlivingston@example.net,2025-01-20,Laptop,Accessories,4,907,3628,PayPal
2633,28,Rebecca Long,matthewbarnett@example.com,2024-09-15,Monitor,Accessories,2,1453,2906,Cash
2634,23,Michael Black,hansenmark@example.com,2024-08-03,Monitor,Electronics,2,368,736,Cash
2635,56,Alex Willis,emills@example.net,2026-01-20,Smartphone,Accessories,4,516,2064,Credit Card
2636,30,,mitchelltimothy@example.com,,Keyboard,Photography,3,321,963,PayPal
2637,38,Ryan Glover,wchen@example.org,2026-02-19,Laptop,Electronics,4,1383,5532,PayPal
2638,44,Justin Gallagher,jillian92@example.net,2026-02-15,Monitor,Electronics,5,143,715,Credit Card
2639,38,Denise Macias,julian52@example.net,2025-07-06,Keyboard,Electronics,2,1376,2752,Cash
2640,65,Shawna Johnston,hmata@example.com,2024-04-17,Camera,Accessories,3,669,2007,PayPal
2641,66,Kimberly Reynolds,nataliewalters@example.org,2024-12-14,Webcam,Accessories,2,175,350,PayPal
2642,44,Duane Davis,lortega@example.org,2024-03-06,Tablet,Accessories,5,1367,6835,Credit Card
2643,29,Linda Sosa DVM,morenoleslie@example.com,2025-02-01,Mouse,Photography,1,1395,1395,PayPal
2644,21,Teresa Osborne,susanray@example.net,2024-08-01,Headphones,Electronics,1,893,893,Credit Card
2645,43,Abigail Terry,michele43@example.org,2025-11-30,Speaker,Accessories,2,392,784,Credit Card
2646,70,Sherri Roach,michellehernandez@example.net,2024-03-09,Tablet,Accessories,4,252,1008,Cash
2647,66,Jennifer Villanueva,kingtina@example.org,2024-09-05,Printer,Accessories,2,1013,2026,Cash
2648,66,John Clark,andreaweiss@example.org,2025-07-23,Smartphone,Electronics,5,511,2555,Cash
2649,42,Kenneth Huang,jean46@example.org,2025-07-31,Mouse,Electronics,5,903,4515,Cash
2650,56,Rachael Roberts,apham@example.com,2024-09-30,Tablet,Photography,4,66,264,Cash
2651,51,Steven Powers,wushane@example.com,2024-05-12,Printer,Photography,4,156,624,PayPal
2652,64,Thomas Jones,pwelch@example.org,2026-02-21,Printer,Photography,1,1350,1350,Cash
2653,40,Sandra Ross,patricia92@example.net,2024-06-02,Headphones,Electronics,4,579,2316,Credit Card
2654,23,Trevor Pearson,elizabeth05@example.com,2025-04-17,Webcam,Accessories,4,91,364,PayPal
2655,19,Justin Franklin,vgray@example.com,2025-03-09,Speaker,Photography,4,343,1372,Cash
2656,19,Glenn Cooper,jenna52@example.org,2025-09-29,Laptop,Electronics,5,405,2025,Credit Card
2657,28,,luisbooker@example.org,2026-01-13,Tablet,Electronics,3,1307,3921,PayPal
2658,69,Melissa Meyer,elizabeth95@example.org,2024-05-20,Camera,Accessories,3,274,822,PayPal
2659,54,Nicole Bryant,loriphillips@example.net,,Printer,Accessories,1,1470,1470,PayPal
2660,23,Levi Bell,xjohnson@example.net,2025-01-24,Speaker,Accessories,5,424,2120,Cash
2661,22,Mary Williams,fthompson@example.com,2024-05-11,Tablet,Photography,1,682,682,Cash
2662,32,,djohnson@example.com,2024-05-06,Camera,Accessories,3,630,1890,Credit Card
2663,47,Heather Greene,omckenzie@example.com,2025-03-18,Laptop,Accessories,5,1394,6970,Cash
2664,25,Diana West,lawsonandrew@example.com,2026-01-05,Keyboard,Electronics,5,107,535,Cash
2665,21,Robert Obrien,cwashington@example.com,2025-01-23,Mouse,Accessories,2,973,1946,Cash
2666,27,Sheila Reeves,davisjacqueline@example.net,2024-12-11,Headphones,Electronics,4,1309,5236,Cash
2667,40,Mary Cunningham,bautistamichael@example.net,2026-01-13,Speaker,Accessories,5,686,3430,Cash
2668,41,Monica Williams,logan22@example.net,2024-08-12,Camera,Accessories,3,1456,4368,PayPal
2669,29,Julia Willis,denise04@example.net,,Laptop,Accessories,5,774,3870,PayPal
2670,60,Amanda Bell,jessicachandler@example.org,2025-07-25,Webcam,Photography,2,1025,2050,Credit Card
2671,31,,wthompson@example.org,2025-01-11,Webcam,Accessories,1,41,41,Credit Card
2672,18,Edward Rivera,joanna08@example.com,2024-06-02,Tablet,Electronics,2,1291,2582,Cash
2673,61,Felicia Thomas,stephanie45@example.net,2025-10-18,Speaker,Photography,3,1400,4200,Cash
2674,54,Mark Walsh,gregorymichael@example.net,2024-09-15,Keyboard,Photography,2,662,1324,Cash
2675,47,Kyle Ellis,brian23@example.net,2024-08-28,Headphones,Accessories,2,375,750,PayPal
2676,44,Antonio King,aolson@example.net,2024-03-02,Monitor,Electronics,4,1146,4584,Credit Card
2677,27,,rhoward@example.org,2024-03-08,Speaker,Photography,4,1430,5720,PayPal
2678,50,Heather Murphy,whendricks@example.org,2025-04-01,Smartphone,Accessories,1,920,920,Cash
2679,39,Steven Davidson,xwilliams@example.net,2025-06-30,Monitor,Photography,3,131,393,Cash
2680,49,Courtney Brown,ryangarza@example.net,2024-08-07,Webcam,Accessories,4,1296,5184,Cash
2681,40,Michael Jones,zbowman@example.com,2025-04-26,Laptop,Accessories,4,556,2224,Cash
2682,39,George Pearson,haynescasey@example.net,2024-05-21,Laptop,Accessories,4,613,2452,Cash
2683,18,Zachary Norman,stewartwilliam@example.com,2025-02-10,Printer,Accessories,5,1254,6270,Cash
2684,38,Eric Bender,daniel52@example.org,2025-12-04,Headphones,Accessories,2,1045,2090,PayPal
2685,28,Jennifer Davis,hoconnell@example.com,2025-05-21,Smartphone,Photography,4,1468,5872,Credit Card
2686,60,Katherine Leonard,erica49@example.net,2024-12-15,Headphones,Electronics,5,441,2205,Cash
2687,44,Philip Flores,richardsvanessa@example.com,2025-03-27,Speaker,Photography,4,1486,5944,PayPal
2688,23,Nathan Davis,simschristian@example.org,,Monitor,Photography,2,815,1630,PayPal
2689,22,Antonio Walters,pwang@example.com,2024-10-26,Mouse,Electronics,4,1318,5272,Cash
2690,31,James Gregory,hmiller@example.net,2025-12-06,Keyboard,Electronics,5,1019,5095,Credit Card
2691,41,William Wolfe,jimmyharris@example.com,2026-01-29,Headphones,Electronics,5,833,4165,Cash
2692,58,Catherine Ellis,sheila95@example.com,2025-01-30,Tablet,Electronics,2,1193,2386,Credit Card
2693,29,Christy Gordon,ibailey@example.net,2024-04-01,Mouse,Photography,5,1223,6115,PayPal
2694,65,Eric Patel,david29@example.net,2024-06-11,Headphones,Accessories,4,1360,5440,PayPal
2695,47,Jennifer Kent,sabrinamunoz@example.net,2024-11-24,Camera,Electronics,4,980,3920,Cash
2696,51,Andrew Garcia,michealwallace@example.net,,Keyboard,Electronics,5,160,800,Cash
2697,69,Pamela Lindsey,jennifernichols@example.com,2024-11-07,Headphones,Electronics,3,854,2562,Credit Card
2698,70,Jonathon Mcneil,zmaldonado@example.org,2025-01-17,Camera,Electronics,3,1153,3459,Cash
2699,53,Raymond Peterson,ashleyross@example.net,2025-08-22,Mouse,Electronics,1,1108,1108,PayPal
2700,40,Michael Caldwell,holly02@example.org,2025-03-29,Speaker,Photography,1,874,874,Cash
2701,18,Tammy Wilson,joshua84@example.com,2025-02-03,Tablet,Electronics,2,730,1460,PayPal
2702,66,Sandra Miller,casey61@example.net,2024-08-22,Tablet,Electronics,3,631,1893,Cash
2703,40,Shane Chavez,william37@example.com,2024-10-08,Tablet,Accessories,2,1053,2106,Credit Card
2704,45,Brett Martin,adam92@example.net,2025-12-26,Camera,Photography,2,1171,2342,Cash
2705,52,Wesley Duncan,elizabethcruz@example.net,2026-01-29,Mouse,Accessories,1,1481,1481,Cash
2706,68,Ashley Howard,jennifer23@example.com,2025-02-24,Webcam,Electronics,1,687,687,PayPal
2707,48,Dawn Miller,ray86@example.com,2025-03-10,Monitor,Accessories,2,31,62,PayPal
2708,66,Eric Gilmore,alexander24@example.org,2025-04-13,Printer,Accessories,3,892,2676,Credit Card
2709,65,,markmorales@example.net,2025-08-24,Headphones,Accessories,1,1447,1447,Credit Card
2710,31,Lisa Yates,wilsondarius@example.com,,Camera,Electronics,2,1028,2056,PayPal
2711,37,,probinson@example.org,,Smartphone,Accessories,2,1365,2730,PayPal
2712,64,Daniel Reynolds,richardramirez@example.org,2024-10-10,Speaker,Accessories,2,648,1296,PayPal
2713,66,Kari Johnson,smithmarie@example.net,2025-12-20,Speaker,Accessories,2,446,892,PayPal
2714,62,Joshua Johnson,wdeleon@example.org,2025-05-05,Smartphone,Accessories,3,609,1827,PayPal
2715,44,Vanessa Stewart,pgreen@example.com,,Mouse,Photography,4,1434,5736,Credit Card
2716,35,,daleibarra@example.net,2025-07-03,Monitor,Electronics,2,1251,2502,Cash
2717,70,Daniel Stone,mirandacastillo@example.net,2024-04-27,Smartphone,Photography,5,1451,7255,Cash
2718,30,Jennifer Fritz,lpark@example.com,2024-09-15,Monitor,Photography,1,1335,1335,Cash
2719,70,James Williams,gary17@example.net,2024-12-21,Printer,Photography,4,394,1576,Credit Card
2720,40,Paul Foster,candice89@example.org,2025-10-28,Printer,Electronics,3,1152,3456,Credit Card
2721,39,Diane Bailey,xsweeney@example.net,2025-05-27,Printer,Electronics,5,113,565,Cash
2722,29,Lance Brown,amanda23@example.net,2025-05-01,Webcam,Electronics,3,416,1248,Cash
2723,39,Maria Smith,michael54@example.net,2024-12-14,Webcam,Photography,1,1350,1350,Cash
2724,66,Vickie Alvarado,monroehaley@example.com,2024-10-14,Laptop,Electronics,,577,0,PayPal
2725,63,Nicole Malone,hmiller@example.com,2025-01-08,Mouse,Photography,5,898,4490,Credit Card
2726,27,Wendy Wong DDS,monica46@example.com,2025-07-10,Laptop,Electronics,2,905,1810,Cash
2727,32,Krista Martinez,castillodenise@example.com,2025-11-24,Smartphone,Photography,1,1127,1127,PayPal
2728,51,Brittney Anderson,fryjeffrey@example.net,2024-04-11,Tablet,Photography,3,1438,4314,Cash
2729,18,Peter Wilson,stacey76@example.com,,Headphones,Accessories,5,912,4560,Cash
2730,20,Joann Humphrey,patrickguerrero@example.com,2024-11-12,Webcam,Accessories,4,1425,5700,Credit Card
2731,26,Yolanda Tanner,daniel50@example.net,2025-11-26,Smartphone,Electronics,3,482,1446,Cash
2732,22,Mark Smith,nancymurphy@example.org,2024-11-22,Keyboard,Photography,5,1058,5290,PayPal
2733,22,Teresa Marquez,luishudson@example.com,2024-03-11,Headphones,Photography,4,403,1612,Credit Card
2734,66,Paul Escobar,emmagreen@example.org,2024-05-06,Mouse,Electronics,1,1423,1423,Credit Card
2735,28,Carla Fowler,rharrison@example.com,2024-05-21,Laptop,Electronics,1,1237,1237,Cash
2736,23,Raymond Shaw,janet28@example.net,2024-10-25,Tablet,Electronics,5,1025,5125,Credit Card
2737,41,Ricky Johnston,aguzman@example.com,,Mouse,Accessories,4,30,120,PayPal
2738,29,Kelly Perez,qhiggins@example.com,2024-05-06,Laptop,Accessories,5,1137,5685,Cash
2739,62,Rachel Singh,penakristen@example.net,2025-04-06,Camera,Photography,4,800,3200,Credit Card
2740,65,Phillip Casey,leehenderson@example.org,2024-03-20,Laptop,Accessories,5,645,3225,Credit Card
2741,44,Jordan Brown,kristopher06@example.org,2025-12-24,Camera,Electronics,5,764,3820,PayPal
2742,48,Jasmine Day,lklein@example.org,2024-09-03,Tablet,Electronics,2,320,640,Cash
2743,37,Melissa Chase,taylorbrandon@example.org,,Headphones,Accessories,5,1319,6595,Credit Card
2744,51,Pamela Obrien,adam11@example.com,2025-03-29,Printer,Photography,2,44,88,Credit Card
2745,44,Scott Cohen,fergusonkathy@example.com,,Headphones,Electronics,5,966,4830,PayPal
2746,35,Dylan Lin,melissa54@example.org,,Headphones,Photography,4,1377,5508,Credit Card
2747,65,Mark Blevins,shammond@example.org,2024-03-09,Keyboard,Electronics,1,234,234,Credit Card
2748,41,Christina Wallace,wwallace@example.com,2024-02-28,Webcam,Accessories,4,406,1624,Cash
2749,58,Michael Parker,woodardcharles@example.org,2025-07-31,Keyboard,Accessories,4,435,1740,PayPal
2750,63,Jason Taylor,othomas@example.org,2025-08-14,Webcam,Accessories,1,1066,1066,Cash
2751,37,Samantha Martinez,nzamora@example.net,2025-08-23,Monitor,Photography,3,1185,3555,PayPal
2752,53,Jeffrey Henderson,leemelissa@example.com,2025-03-27,Headphones,Accessories,1,164,164,Credit Card
2753,70,Kiara Allison,herringdiane@example.net,,Camera,Photography,3,642,1926,PayPal
2754,54,,jfields@example.com,2025-08-19,Smartphone,Accessories,4,900,3600,PayPal
2755,36,Susan Scott,abryant@example.net,2026-01-10,Mouse,Electronics,5,389,1945,Credit Card
2756,23,Stephanie Kramer,tara74@example.net,2025-02-01,Speaker,Electronics,5,1128,5640,Cash
2757,31,Mary Fernandez,aedwards@example.com,,Tablet,Accessories,4,1200,4800,Credit Card
2758,33,Haley Bradley,wellskevin@example.com,2024-04-15,Headphones,Accessories,1,980,980,PayPal
2759,20,William Scott,matthewmartinez@example.net,2024-09-07,Mouse,Accessories,5,473,2365,PayPal
2760,50,,anthonybaker@example.com,2024-11-01,Laptop,Photography,,842,0,PayPal
2761,37,Michael Long,annetteellis@example.net,2025-08-21,Mouse,Photography,3,903,2709,PayPal
2762,65,Cynthia York,fbrown@example.org,,Speaker,Accessories,5,707,3535,PayPal
2763,55,Alexandria Trevino,evanberger@example.org,2024-07-20,Laptop,Accessories,5,270,1350,PayPal
2764,63,Kenneth Ramsey MD,antoniobrady@example.net,2025-05-25,Keyboard,Accessories,4,870,3480,PayPal
2765,67,Stacy Griffith,adamskathryn@example.com,,Webcam,Electronics,1,1484,1484,PayPal
2766,25,Jake Mitchell,michael44@example.net,2024-04-03,Monitor,Photography,5,183,915,Cash
2767,37,Sarah Bell,jenniferlevine@example.net,2025-10-31,Camera,Accessories,2,925,1850,Credit Card
2768,54,Andrew Reyes,qbrock@example.net,2024-05-27,Monitor,Electronics,2,985,1970,Credit Card
2769,55,Alexander Saunders,nathan64@example.com,2024-06-06,Printer,Accessories,1,732,732,Credit Card
2770,69,Gloria Thompson,avilaelizabeth@example.net,,Monitor,Electronics,3,109,327,Cash
2771,61,William White,rebecca09@example.org,,Tablet,Electronics,4,664,2656,PayPal
2772,32,Peter Jones,james39@example.com,2025-06-10,Mouse,Photography,5,593,2965,Credit Card
2773,52,Laura Li,darleneperez@example.com,2024-12-10,Camera,Electronics,3,97,291,PayPal
2774,61,Jennifer Wilson,davissharon@example.com,2025-04-06,Tablet,Electronics,5,1400,7000,Cash
2775,31,Terry Moss,david86@example.com,2025-02-12,Smartphone,Photography,1,1219,1219,Cash
2776,32,Stephen Oliver,ewilliams@example.org,2025-08-18,Webcam,Accessories,3,734,2202,Credit Card
2777,22,,miranda84@example.net,2025-12-06,Printer,Photography,2,395,790,PayPal
2778,24,Aimee Davidson,christina46@example.org,2025-10-03,Camera,Accessories,2,713,1426,PayPal
2779,41,Lisa Jimenez,mark31@example.org,2024-07-02,Mouse,Electronics,1,766,766,Cash
2780,54,Olivia Anderson,carrieanderson@example.org,2025-03-18,Camera,Electronics,1,396,396,PayPal
2781,50,David Perez,robertbutler@example.org,2024-06-18,Printer,Accessories,1,261,261,PayPal
2782,25,Victor Schneider,josephjohnson@example.com,2024-09-24,Smartphone,Photography,4,633,2532,Cash
2783,40,Elizabeth Kaiser,walkerroger@example.org,2025-07-16,Keyboard,Electronics,3,1300,3900,PayPal
2784,42,Justin Hoffman,rebecca96@example.org,2024-10-11,Smartphone,Electronics,1,590,590,Credit Card
2785,24,Steven Goodman,russellmaureen@example.net,2025-05-30,Speaker,Photography,1,685,685,Cash
2786,32,Brianna Fry,colleenmcguire@example.org,2026-02-21,Monitor,Photography,3,1491,4473,Credit Card
2787,44,Dakota Adams,mikebaker@example.com,2025-09-20,Mouse,Photography,2,549,1098,PayPal
2788,53,John Collins,ibauer@example.com,2024-10-14,Webcam,Photography,3,826,2478,Cash
2789,26,Kimberly Page,ritterrenee@example.net,2025-07-20,Tablet,Accessories,1,654,654,Credit Card
2790,36,Heather Ray,anne95@example.net,2025-01-22,Smartphone,Accessories,4,59,236,PayPal
2791,51,Erica Harris,kaylafrost@example.net,2026-02-12,Laptop,Photography,2,753,1506,Credit Card
2792,51,Jason Perez,daniel51@example.net,2025-12-27,Keyboard,Photography,3,670,2010,Cash
2793,60,Melanie Hanna,ybarker@example.net,,Laptop,Accessories,3,1046,3138,Cash
2794,31,Jared Jones,jamesreynolds@example.org,2025-12-28,Smartphone,Electronics,4,497,1988,Credit Card
2795,36,Amanda Ortiz,weaverthomas@example.org,2025-06-18,Speaker,Photography,2,29,58,PayPal
2796,24,Ann Tran,jerry64@example.com,2025-12-30,Webcam,Electronics,2,1304,2608,PayPal
2797,65,Sean Bruce,justin56@example.com,,Mouse,Photography,4,146,584,PayPal
2798,23,Erica Carter,wendybrown@example.org,2025-04-15,Printer,Electronics,1,1252,1252,Cash
2799,21,Rose Mckay,mharris@example.net,2025-04-06,Camera,Accessories,3,342,1026,Credit Card
2800,68,Elizabeth Hall,dwilliams@example.org,,Smartphone,Photography,2,655,1310,Credit Card
2801,22,Douglas Jones,courtney09@example.com,2024-06-29,Webcam,Photography,1,1463,1463,PayPal
2802,67,Haley Edwards,parsonseric@example.com,2026-01-13,Tablet,Electronics,,96,0,Credit Card
2803,61,Deborah Duke,gabrielasolomon@example.net,2024-11-11,Keyboard,Electronics,3,1103,3309,Credit Card
2804,66,Angela Rodriguez,staceyhuffman@example.com,,Tablet,Electronics,1,99,99,PayPal
2805,40,Glenn Drake,derek78@example.org,,Laptop,Accessories,5,1278,6390,Cash
2806,55,Christopher Beck,barnettchristopher@example.org,2025-03-16,Printer,Photography,2,200,400,Cash
2807,37,Holly Boyd,melissa78@example.org,2025-11-27,Mouse,Accessories,3,189,567,Credit Card
2808,21,Thomas Thomas,kimberly57@example.com,2024-06-08,Keyboard,Accessories,2,1368,2736,PayPal
2809,38,Kevin Barrera,makaylamunoz@example.com,2025-10-19,Laptop,Accessories,4,452,1808,Cash
2810,37,Whitney Mack,rebeccawilliams@example.net,2024-07-08,Monitor,Electronics,4,156,624,PayPal
2811,39,Joshua Gonzales,jacobdoyle@example.net,,Printer,Photography,3,780,2340,Cash
2812,21,Megan Beck,elizabeth49@example.net,2025-08-28,Speaker,Electronics,5,364,1820,PayPal
2813,59,Anthony Carter,johnwilliams@example.com,2025-12-31,Smartphone,Photography,1,868,868,PayPal
2814,56,Holly Williams,scottknight@example.com,2024-05-23,Tablet,Electronics,3,1034,3102,Credit Card
2815,43,Susan Welch,wallmary@example.org,2025-04-08,Mouse,Electronics,5,802,4010,Credit Card
2816,37,Alfred Parker,clifford74@example.org,2025-09-12,Keyboard,Electronics,,590,0,Cash
2817,67,Andrew Smith,martinronald@example.net,2025-06-29,Headphones,Photography,4,40,160,Credit Card
2818,34,Cynthia Baldwin,john45@example.org,2025-02-15,Camera,Photography,4,800,3200,Cash
2819,52,Melissa Walters,robinparker@example.net,2025-06-14,Keyboard,Photography,3,877,2631,Cash
2820,28,Dakota Cooper,halljulie@example.org,2024-05-31,Keyboard,Accessories,5,223,1115,Credit Card
2821,48,Anthony Gibson,wademary@example.org,2025-01-29,Laptop,Electronics,4,627,2508,Credit Card
2822,20,Brandon Brown,rvaldez@example.com,2024-10-31,Smartphone,Electronics,5,1365,6825,Cash
2823,52,Nicholas Delgado,barreraangela@example.net,2024-03-19,Headphones,Photography,5,138,690,PayPal
2824,51,Gregory Khan,millerjill@example.com,2024-09-11,Speaker,Accessories,4,1264,5056,Cash
2825,24,Rachel Smith,adam45@example.com,2024-09-05,Mouse,Electronics,4,530,2120,Credit Card
2826,65,Sara Solomon,snyderjesse@example.net,2024-12-02,Keyboard,Photography,4,501,2004,PayPal
2827,41,Debbie Reyes,scott21@example.com,,Printer,Electronics,4,1169,4676,Credit Card
2828,43,Holly French,edavenport@example.org,2025-04-30,Keyboard,Accessories,1,1159,1159,PayPal
2829,59,Gregg Davis,lopezerica@example.org,2024-09-26,Webcam,Accessories,4,697,2788,Cash
2830,30,Katherine Roberts,swilliams@example.net,2025-07-17,Monitor,Photography,3,683,2049,Cash
2831,58,Angela Luna,marthajohnson@example.net,2025-10-31,Headphones,Electronics,5,990,4950,Credit Card
2832,62,Melissa Moore,trodriguez@example.net,2024-04-28,Camera,Photography,5,189,945,PayPal
2833,38,Shawn Mccullough,dstanton@example.net,2024-07-14,Headphones,Accessories,1,832,832,PayPal
2834,68,Craig Rice,nicole55@example.org,2026-02-24,Mouse,Accessories,1,195,195,Credit Card
2835,58,Alexandra Smith,qyoung@example.org,2024-03-07,Webcam,Electronics,4,501,2004,PayPal
2836,60,Jeremy Clark,rodriguezmary@example.com,2026-02-16,Laptop,Accessories,2,1490,2980,PayPal
2837,59,Michael Lewis,simonelizabeth@example.net,2024-05-07,Monitor,Photography,4,233,932,Cash
2838,58,Justin Todd,ukelly@example.com,,Monitor,Accessories,1,1065,1065,Credit Card
2839,51,Linda Spears,philip08@example.com,2025-05-23,Printer,Accessories,3,1468,4404,Credit Card
2840,44,Maria Scott,connor15@example.net,2024-04-10,Mouse,Electronics,4,1473,5892,Credit Card
2841,49,Danielle Terry,jeffreymendez@example.com,2025-09-03,Mouse,Electronics,4,425,1700,PayPal
2842,45,Brian Wright,turnerkristen@example.org,,Webcam,Photography,1,257,257,Cash
2843,60,Jeff Contreras,jim55@example.net,,Headphones,Accessories,3,1199,3597,Cash
2844,34,Wendy Cruz,gallaghersheri@example.com,2024-05-11,Mouse,Electronics,3,234,702,PayPal
2845,48,Lauren Garcia,floresjames@example.org,2024-09-12,Webcam,Accessories,4,531,2124,Credit Card
2846,62,Kayla Martin,cunninghamelizabeth@example.net,2025-02-06,Webcam,Accessories,2,1323,2646,Cash
2847,65,Richard Keith,blakegraham@example.org,2025-05-27,Smartphone,Electronics,2,796,1592,Cash
2848,35,Kimberly Hamilton,gilesnicole@example.org,2025-08-03,Smartphone,Photography,5,1415,7075,Credit Card
2849,59,Gina Stevens,rhutchinson@example.org,2026-02-23,Printer,Electronics,2,1199,2398,Credit Card
2850,40,Kelly Andrews,shane74@example.net,2025-10-20,Printer,Photography,1,319,319,Cash
2851,53,Kristina Hoffman,hduffy@example.com,2025-11-08,Laptop,Accessories,4,83,332,Credit Card
2852,68,Richard Andrade MD,coopersean@example.net,2025-09-14,Printer,Photography,3,543,1629,Cash
2853,36,Johnny Smith,andrewgarcia@example.org,2024-03-17,Mouse,Electronics,4,684,2736,Credit Card
2854,57,Matthew Dean,garzarichard@example.net,2025-06-21,Webcam,Electronics,1,89,89,Cash
2855,44,Steven Baker,hmorgan@example.net,2024-12-03,Printer,Accessories,3,847,2541,PayPal
2856,59,Ashley Daugherty,kristinabarnes@example.com,2025-11-18,Tablet,Photography,4,1068,4272,PayPal
2857,25,Sara Bowman,hardyjohn@example.com,2025-09-05,Tablet,Electronics,4,497,1988,Credit Card
2858,37,Ashlee Yang,pkelly@example.org,2024-06-16,Camera,Photography,5,1197,5985,Cash
2859,46,Marissa Blair,jarvismary@example.org,2025-02-10,Camera,Electronics,1,1045,1045,Cash
2860,33,Sean Glenn,elizabeththompson@example.net,2024-03-19,Camera,Electronics,2,910,1820,Cash
2861,19,Connor Gomez,michaelli@example.net,2025-08-15,Keyboard,Photography,2,725,1450,Cash
2862,40,Cody Barnes,rcompton@example.org,,Printer,Photography,3,774,2322,PayPal
2863,54,Jennifer Klein,kimberlygonzalez@example.net,2025-07-27,Speaker,Accessories,3,1031,3093,Cash
2864,20,Mark Gray,kristopher67@example.net,2024-04-19,Printer,Accessories,5,115,575,Credit Card
2865,56,Thomas Richardson,mike10@example.net,2025-06-08,Webcam,Electronics,4,529,2116,Cash
2866,19,Jordan Vega,millerangela@example.com,2026-01-10,Camera,Photography,,696,0,Cash
2867,69,James Williams,bryan04@example.net,2025-12-06,Headphones,Electronics,4,947,3788,PayPal
2868,21,Sara Powers,tbrooks@example.com,2024-11-22,Mouse,Accessories,4,173,692,Cash
2869,44,Judith Fleming,zreynolds@example.net,2024-06-24,Headphones,Electronics,3,1152,3456,Credit Card
2870,44,Taylor Santiago,angela73@example.org,2025-11-19,Tablet,Photography,2,575,1150,Credit Card
2871,23,Stephanie Chavez,zwolfe@example.net,,Printer,Accessories,3,135,405,Credit Card
2872,30,,kperez@example.org,2024-10-30,Laptop,Photography,4,1265,5060,PayPal
2873,46,Katie Kennedy,gibsoncaitlin@example.org,2025-05-17,Headphones,Electronics,1,1326,1326,PayPal
2874,21,Kristen Ray,shannonpowers@example.net,2025-04-21,Webcam,Electronics,3,548,1644,Cash
2875,51,Melanie Huerta PhD,isimmons@example.com,2024-07-17,Speaker,Accessories,1,1130,1130,PayPal
2876,64,James Robinson,ysimpson@example.net,2025-11-24,Camera,Electronics,4,1081,4324,Credit Card
2877,51,Victor Lamb,hopkinsjonathan@example.com,2025-12-17,Webcam,Accessories,4,731,2924,Cash
2878,44,Daniel Mitchell,lisa60@example.org,2024-03-16,Camera,Photography,1,196,196,Credit Card
2879,39,Sandra Frye,stacygreen@example.org,2024-12-23,Smartphone,Accessories,5,410,2050,Credit Card
2880,64,Dustin Cox,rryan@example.org,2025-05-28,Headphones,Electronics,5,160,800,Cash
2881,48,Christina Cortez DDS,melissatucker@example.org,2024-03-07,Keyboard,Accessories,3,735,2205,Cash
2882,26,,nlopez@example.com,2026-02-23,Camera,Photography,,729,0,Cash
2883,38,John Gibson,bwhitaker@example.com,2024-09-22,Speaker,Photography,2,1291,2582,PayPal
2884,24,Jennifer Dunn,xibarra@example.org,2026-01-11,Monitor,Photography,4,784,3136,Cash
2885,43,Patrick Taylor,wwright@example.net,2026-01-23,Speaker,Electronics,3,166,498,Cash
2886,39,Julie Benson,castronicole@example.com,2025-04-18,Speaker,Photography,3,1474,4422,Credit Card
2887,53,Teresa Hall,byates@example.com,2025-06-05,Headphones,Accessories,3,1282,3846,Cash
2888,66,Matthew Thomas,thorntonjeffrey@example.org,2025-08-10,Camera,Electronics,3,274,822,PayPal
2889,43,Janet Hill,stephaniestevens@example.com,2024-12-30,Laptop,Photography,1,1032,1032,Credit Card
2890,49,Diane Odom,simserica@example.net,2025-01-18,Webcam,Electronics,3,687,2061,PayPal
2891,56,Amanda Stewart,wjones@example.org,2026-01-28,Tablet,Electronics,3,951,2853,Cash
2892,65,Michelle Hernandez,clarksarah@example.com,2026-02-17,Headphones,Accessories,2,830,1660,PayPal
2893,40,Barbara Torres,bellgary@example.org,2024-09-12,Headphones,Accessories,3,332,996,Cash
2894,66,Robert Ward,thomas22@example.net,2024-11-14,Keyboard,Electronics,2,187,374,Credit Card
2895,53,Joanne Bailey,patrickware@example.net,2025-02-08,Webcam,Accessories,4,351,1404,Cash
2896,51,Mr. Matthew Faulkner,robin73@example.com,2024-06-30,Mouse,Photography,3,1461,4383,Cash
2897,68,William Foster,asnow@example.net,2024-08-11,Printer,Photography,2,404,808,PayPal
2898,41,Denise Norris,mike58@example.org,2024-06-07,Keyboard,Electronics,2,625,1250,Credit Card
2899,40,Cheryl Bailey,kenneth20@example.org,2025-01-06,Monitor,Accessories,1,1379,1379,Credit Card
2900,36,Keith Walters,lroberts@example.org,2025-02-14,Smartphone,Photography,5,58,290,Credit Card
2901,27,Christina York,martin68@example.com,2024-04-13,Smartphone,Accessories,3,50,150,Cash
2902,37,Sarah Hill,nicole05@example.com,2024-04-12,Monitor,Electronics,3,1309,3927,Cash
2903,62,Richard Lopez,norman32@example.net,2024-11-11,Monitor,Photography,,499,0,Credit Card
2904,39,Tamara Williams,harryjackson@example.com,2024-12-03,Speaker,Accessories,3,683,2049,Cash
2905,51,Cody Li,mfischer@example.com,2025-03-06,Speaker,Photography,5,733,3665,Cash
2906,20,Matthew Ross,karen69@example.com,2024-09-14,Headphones,Photography,1,254,254,PayPal
2907,52,Sarah Dillon,leblancsarah@example.org,2024-11-22,Mouse,Electronics,3,623,1869,PayPal
2908,46,Kristi Rodriguez,josephwilson@example.com,,Webcam,Electronics,3,704,2112,Cash
2909,67,Natasha Boone,ramossandra@example.com,2025-10-12,Webcam,Electronics,3,150,450,PayPal
2910,69,Rebecca Wright,cherylbrown@example.net,2024-09-29,Printer,Accessories,1,1301,1301,Credit Card
2911,50,James Graham,rwoodard@example.net,2025-09-11,Tablet,Accessories,4,272,1088,Cash
2912,38,Tammy Long,jimmy64@example.org,2024-11-17,Printer,Electronics,1,1259,1259,Credit Card
2913,39,Veronica Clark,robin58@example.com,2024-08-28,Mouse,Electronics,4,1012,4048,Credit Card
2914,22,Jose Andrade PhD,staceymills@example.com,2024-03-21,Speaker,Photography,2,572,1144,PayPal
2915,34,Tanner Moore,jkim@example.com,2025-08-13,Headphones,Electronics,2,814,1628,PayPal
2916,27,Mike Hines,joanna26@example.net,2025-09-27,Printer,Photography,3,756,2268,Cash
2917,55,Abigail Miller,ericrobinson@example.net,2025-08-08,Mouse,Accessories,2,1072,2144,Credit Card
2918,62,Matthew Melton,smithnathan@example.net,2025-12-18,Speaker,Photography,1,1318,1318,Cash
2919,18,Brandon Adams,thomasthompson@example.org,2025-09-24,Tablet,Electronics,,337,0,Credit Card
2920,35,Stephanie Gamble,gonzalezkimberly@example.com,,Tablet,Electronics,4,911,3644,Credit Card
2921,65,Lauren Williams,william45@example.com,2025-03-31,Webcam,Electronics,4,716,2864,Credit Card
2922,28,Christine Bennett,zmartinez@example.org,2024-04-26,Camera,Photography,4,1115,4460,Cash
2923,18,,monicaharding@example.org,2025-08-23,Printer,Photography,2,1414,2828,Cash
2924,34,Elizabeth Green,christopher71@example.org,2024-05-08,Printer,Electronics,1,656,656,Credit Card
2925,61,Veronica Huffman,nelsonrachel@example.com,2024-07-25,Headphones,Accessories,5,1458,7290,PayPal
2926,51,Kimberly Kelley,jessicagibbs@example.com,2025-10-22,Monitor,Accessories,2,1452,2904,Cash
2927,18,Alexis Cooper,sherylandrews@example.org,2025-10-22,Keyboard,Accessories,3,406,1218,PayPal
2928,62,Charles Palmer,michael21@example.org,2026-01-13,Smartphone,Electronics,4,88,352,Cash
2929,54,Dawn Leach,petersonjack@example.org,2025-02-28,Speaker,Electronics,5,470,2350,Credit Card
2930,58,Jennifer Sampson,joejohnson@example.net,2024-09-02,Printer,Electronics,3,530,1590,PayPal
2931,58,Jason Gutierrez,heidiortiz@example.org,2024-03-10,Tablet,Photography,1,794,794,Cash
2932,65,Jessica Moreno,sjones@example.org,2025-01-04,Webcam,Accessories,1,347,347,Credit Card
2933,54,Ronald Hudson,angela35@example.org,2024-10-09,Mouse,Accessories,4,1025,4100,Credit Card
2934,19,Monica Crawford,nicole15@example.net,2025-12-07,Speaker,Electronics,2,654,1308,Credit Card
2935,62,Linda Gilbert,longmary@example.net,2025-11-13,Tablet,Accessories,1,688,688,Credit Card
2936,44,Mr. Sean Lewis,cooperholly@example.com,2025-08-12,Speaker,Accessories,4,1496,5984,PayPal
2937,20,Laura Lewis,amy59@example.com,2025-06-11,Monitor,Accessories,3,1137,3411,PayPal
2938,34,Elizabeth Beck,bryanmartinez@example.org,2025-12-08,Webcam,Electronics,2,1413,2826,PayPal
2939,66,Darren Mills,umiller@example.net,2025-07-04,Printer,Electronics,4,439,1756,Credit Card
2940,56,Alison Murray,christina00@example.net,2025-01-09,Keyboard,Accessories,4,794,3176,Cash
2941,49,Jeffery Nunez,xlowery@example.org,2025-10-24,Mouse,Electronics,3,408,1224,Credit Card
2942,60,Travis Wells,jerry85@example.com,2024-05-27,Headphones,Electronics,3,679,2037,PayPal
2943,49,Cassandra Anderson,mariadawson@example.com,2024-05-16,Mouse,Accessories,5,285,1425,Credit Card
2944,47,David Snyder,cwatson@example.com,2024-10-24,Webcam,Electronics,2,328,656,Credit Card
2945,39,Diana Fuller,bobby31@example.com,2024-10-05,Speaker,Photography,2,1241,2482,PayPal
2946,39,Steven Mooney,angeladavis@example.org,2025-02-20,Keyboard,Accessories,1,1393,1393,Cash
2947,34,Herbert Graham,summersclaudia@example.com,2025-09-23,Camera,Photography,5,59,295,Credit Card
2948,32,John Harrington,johnsonelizabeth@example.com,2025-12-28,Laptop,Accessories,5,425,2125,PayPal
2949,53,Joyce Burke,morriskelly@example.net,2025-07-26,Printer,Accessories,5,999,4995,Cash
2950,61,Rhonda Moon,wyoung@example.net,2025-03-11,Speaker,Photography,1,49,49,Credit Card
2951,58,Rose Roberson,wilsonjeremiah@example.com,2024-08-21,Webcam,Accessories,3,1448,4344,Cash
2952,54,Alexis Houston,sheribauer@example.org,2024-09-28,Keyboard,Electronics,1,231,231,Credit Card
2953,18,Michael Bryan,lindsaythomas@example.org,,Smartphone,Electronics,5,1027,5135,Cash
2954,39,Alexandra Wall,robertchan@example.net,,Laptop,Photography,1,1456,1456,Cash
2955,31,Dawn Skinner,darrellharrison@example.net,2025-02-27,Mouse,Electronics,4,66,264,Credit Card
2956,51,Hannah Martinez,amanda31@example.net,,Laptop,Photography,1,347,347,PayPal
2957,34,Nicholas Wright,barkercaitlin@example.net,2025-11-29,Monitor,Photography,3,597,1791,PayPal
2958,66,Megan Williams,wilsonjohn@example.org,2025-03-24,Laptop,Photography,5,258,1290,Cash
2959,52,Melissa Soto,maria30@example.com,2026-01-23,Printer,Photography,3,1043,3129,Credit Card
2960,37,Elizabeth Calderon,brandon30@example.net,2024-06-08,Monitor,Accessories,1,689,689,Credit Card
2961,63,Mallory Leonard,zhangtabitha@example.org,,Speaker,Photography,2,312,624,Cash
2962,65,Mathew Bell,snowthomas@example.com,2024-06-25,Tablet,Electronics,4,60,240,Credit Card
2963,52,Dan Kline,kingbrenda@example.com,2026-01-22,Webcam,Photography,3,687,2061,Cash
2964,40,,ugill@example.net,,Laptop,Accessories,3,195,585,PayPal
2965,62,Ivan Hodge,bradley69@example.net,2024-06-10,Keyboard,Photography,2,790,1580,PayPal
2966,33,Kevin Henry,amanda62@example.org,2024-08-14,Headphones,Photography,5,218,1090,PayPal
2967,19,Kelly Brewer,williammarshall@example.org,2025-12-01,Keyboard,Accessories,3,1229,3687,PayPal
2968,51,Jack Neal,coffeypriscilla@example.org,2024-05-18,Headphones,Photography,4,1183,4732,PayPal
2969,18,Mary Johnson,tbell@example.net,2025-07-08,Smartphone,Accessories,4,665,2660,PayPal
2970,59,Alison Shaffer,helliott@example.org,2024-10-11,Mouse,Photography,1,1211,1211,Credit Card
2971,36,Erica Cook,april67@example.org,2024-03-17,Smartphone,Photography,5,144,720,Cash
2972,61,Amanda Bryant,thorntonrachel@example.net,2025-10-03,Printer,Electronics,4,1425,5700,PayPal
2973,18,Tara Sanchez,znixon@example.net,2024-04-14,Webcam,Accessories,4,1026,4104,Credit Card
2974,32,Noah Newman,margaret37@example.org,2024-03-02,Tablet,Electronics,5,617,3085,PayPal
2975,27,Amanda Sanders,debbie32@example.org,2024-09-15,Mouse,Accessories,5,408,2040,PayPal
2976,24,Seth Johnson,martineznicholas@example.com,2024-03-25,Headphones,Photography,2,173,346,PayPal
2977,69,Dawn Brennan,ronaldtorres@example.org,2025-01-22,Monitor,Accessories,3,656,1968,PayPal
2978,21,Tammy White,jerrywilliams@example.net,2025-04-14,Smartphone,Accessories,4,206,824,Cash
2979,43,Beth Elliott,michelle84@example.org,2025-01-10,Headphones,Electronics,3,1062,3186,Credit Card
2980,19,Blake Banks,kristakrueger@example.org,2025-04-10,Mouse,Accessories,1,1442,1442,Cash
2981,54,Alyssa Leon,stuartkim@example.com,2025-12-02,Tablet,Electronics,2,442,884,Credit Card
2982,68,,gregoryroberts@example.org,2024-03-10,Speaker,Photography,2,150,300,PayPal
2983,38,Caitlin Estrada,sharon94@example.net,2024-08-31,Laptop,Photography,2,1070,2140,PayPal
2984,35,Stacey Payne,michaelrodriguez@example.org,2026-01-04,Tablet,Photography,4,79,316,PayPal
2985,46,Christopher Bradley,charleswilliams@example.net,2025-12-10,Laptop,Accessories,1,724,724,Credit Card
2986,70,Audrey Stevens,wallacekyle@example.org,2025-05-09,Smartphone,Accessories,5,515,2575,Credit Card
2987,50,Frank Murphy,annespinoza@example.org,2025-03-07,Headphones,Electronics,1,164,164,Cash
2988,37,John Phelps,walkereric@example.net,2025-02-01,Tablet,Photography,2,1450,2900,Credit Card
2989,43,Katie Benitez,valeriemitchell@example.com,2025-05-13,Monitor,Photography,1,421,421,PayPal
2990,48,Amanda Wilson,duncanlori@example.com,,Printer,Electronics,2,272,544,Cash
2991,38,Matthew Pena,mwallace@example.net,2025-01-14,Laptop,Photography,3,241,723,Credit Card
2992,33,Paula Acosta,brooke70@example.com,2024-06-01,Headphones,Photography,5,354,1770,Credit Card
2993,50,Jennifer Wright,mcintyredaniel@example.org,2024-11-25,Tablet,Photography,3,874,2622,PayPal
2994,60,David Nguyen,brandyarmstrong@example.net,2024-03-10,Printer,Electronics,4,396,1584,Credit Card
2995,56,Jonathan Duncan,erik57@example.org,2024-03-01,Tablet,Electronics,3,1177,3531,Cash
2996,49,Dr. Leonard Rojas,prosales@example.org,,Monitor,Photography,1,1151,1151,PayPal
2997,25,Thomas Adams,meltonadam@example.com,2024-11-20,Headphones,Electronics,1,806,806,Cash
2998,41,Claudia Watson,marksdana@example.net,2024-12-20,Keyboard,Electronics,5,1227,6135,Cash
2999,20,Alex Hopkins,kimberly92@example.org,2025-12-17,Camera,Accessories,3,788,2364,Credit Card
3000,59,Christopher Nixon,allencampos@example.com,2024-10-17,Laptop,Electronics,5,625,3125,Cash
3001,20,Carlos Johnson,bcohen@example.com,,Tablet,Accessories,1,209,209,Credit Card
3002,65,Megan Khan,ichurch@example.org,2025-11-25,Laptop,Photography,4,736,2944,Credit Card
3003,37,Haley Logan,bburns@example.org,2025-08-04,Keyboard,Accessories,5,1143,5715,PayPal
3004,42,Andrew Dudley,joyce30@example.com,2025-07-03,Speaker,Accessories,2,765,1530,Credit Card
3005,39,Angel Wilson,onguyen@example.org,2025-07-22,Headphones,Photography,4,818,3272,Cash
3006,32,Thomas Jefferson,jennifermartin@example.net,,Laptop,Electronics,1,347,347,PayPal
3007,34,Mark Estrada,zbuckley@example.org,2024-07-16,Speaker,Photography,2,236,472,Cash
3008,57,Dylan Edwards,jwallace@example.com,2024-05-10,Webcam,Electronics,4,1435,5740,PayPal
3009,55,Kayla Moore,amanda65@example.org,2025-04-23,Smartphone,Electronics,1,1340,1340,PayPal
3010,56,Angela Church,henrypaul@example.net,,Mouse,Electronics,5,1201,6005,PayPal
3011,51,Kendra Barrett,sandra13@example.org,2024-06-09,Monitor,Photography,1,673,673,PayPal
3012,59,Mary Porter,ejohnson@example.org,2025-06-16,Mouse,Photography,3,616,1848,Cash
3013,40,Sierra Fry,alyssa74@example.net,2025-04-19,Laptop,Electronics,1,261,261,Credit Card
3014,46,Henry Zavala,greenrebecca@example.net,2025-11-30,Speaker,Electronics,3,753,2259,Cash
3015,32,Andrew Johnson,schultzjack@example.org,2024-12-09,Speaker,Photography,5,1458,7290,Cash
3016,47,,harrismercedes@example.net,2024-07-19,Mouse,Electronics,2,1059,2118,Cash
3017,51,Jason Nelson,mcbriderobert@example.com,,Headphones,Photography,3,847,2541,Credit Card
3018,63,Andrea Berger,cesar27@example.org,2025-04-05,Laptop,Photography,3,438,1314,Credit Card
3019,66,Cindy White,millerandrew@example.com,2026-01-09,Printer,Accessories,2,507,1014,Cash
3020,48,Robin Williams,ncurtis@example.com,2025-09-27,Printer,Photography,2,173,346,PayPal
3021,37,Traci Moore,pwalker@example.net,2024-08-16,Speaker,Photography,2,398,796,PayPal
3022,53,Angela Johnson,nhawkins@example.org,2024-11-05,Tablet,Photography,4,734,2936,Credit Card
3023,29,Christopher Jones,april14@example.com,2024-07-05,Headphones,Photography,5,1252,6260,Cash
3024,47,Donna Hansen,smithkristen@example.org,2025-01-06,Headphones,Accessories,1,401,401,PayPal
3025,33,Monica Thompson,tyler97@example.com,2024-04-09,Keyboard,Photography,5,1154,5770,Cash
3026,22,Jennifer Allison,pdiaz@example.org,2025-11-03,Keyboard,Accessories,2,1182,2364,PayPal
3027,19,Miranda Douglas,qrocha@example.net,2024-05-21,Tablet,Accessories,3,1375,4125,PayPal
3028,63,Erik Pope,tweber@example.org,2025-05-17,Tablet,Photography,1,356,356,Cash
3029,47,Rebecca Sharp,kaufmankristin@example.com,2024-04-03,Monitor,Photography,3,172,516,Cash
3030,69,Bridget Ramos,mary89@example.com,2025-07-04,Monitor,Photography,3,582,1746,PayPal
3031,56,Amanda Horton,breanna05@example.net,2024-12-01,Keyboard,Photography,4,572,2288,PayPal
3032,53,Thomas Taylor DDS,daniellemartin@example.com,,Laptop,Accessories,1,898,898,PayPal
3033,66,Theresa Douglas,jason91@example.com,2024-11-03,Monitor,Accessories,5,969,4845,Credit Card
3034,28,Brooke Franco,lhenry@example.org,,Keyboard,Accessories,4,1394,5576,PayPal
3035,67,Diana York,scotttanner@example.org,2024-08-26,Keyboard,Photography,2,472,944,Credit Card
3036,23,Aaron Pineda,stevensullivan@example.org,2025-10-22,Webcam,Accessories,1,977,977,Credit Card
3037,40,Andrea Rodgers,lewiswilliam@example.net,2025-05-15,Speaker,Accessories,2,544,1088,Credit Card
3038,29,Julian Morrison,houstonheather@example.com,2025-09-16,Headphones,Electronics,5,313,1565,PayPal
3039,49,Melissa Butler,jgraves@example.net,2024-06-06,Camera,Accessories,4,597,2388,Credit Card
3040,49,Daniel Barrett,john15@example.org,2024-05-08,Mouse,Photography,4,151,604,Cash
3041,54,Jacob Bryant,gabriel11@example.com,,Keyboard,Accessories,5,1225,6125,PayPal
3042,40,Michael Mccoy,tedwards@example.net,2025-11-30,Speaker,Accessories,4,429,1716,Credit Card
3043,28,Mr. Zachary Evans,kwilson@example.net,2025-07-24,Printer,Accessories,5,387,1935,Credit Card
3044,24,Angelica Li,nicholas42@example.org,2025-06-13,Mouse,Electronics,1,1430,1430,PayPal
3045,31,Brandon Wood,joshua03@example.com,2025-06-30,Printer,Photography,4,908,3632,Cash
3046,32,Terrance Gibson,uortiz@example.com,2024-10-27,Smartphone,Electronics,5,998,4990,Cash
3047,49,Aaron Saunders,jacksonjason@example.net,,Mouse,Photography,5,298,1490,Cash
3048,30,Ashley Everett,douglastara@example.com,2025-01-25,Keyboard,Accessories,5,1486,7430,Credit Card
3049,23,Russell Luna,alicia29@example.com,2024-10-11,Tablet,Photography,3,1312,3936,Cash
3050,48,Monica Erickson,justin51@example.net,2025-05-11,Webcam,Electronics,1,913,913,Cash
3051,38,Gilbert James,bcamacho@example.net,2024-07-29,Speaker,Accessories,3,1492,4476,Cash
3052,38,,jacksonolivia@example.com,2025-02-22,Smartphone,Accessories,2,158,316,PayPal
3053,41,Aaron White,derekmay@example.com,2025-07-22,Headphones,Accessories,1,1037,1037,Cash
3054,43,Anthony Dunlap,tedwards@example.com,2026-01-27,Monitor,Accessories,3,1083,3249,Credit Card
3055,67,Andres Cox III,cjohnson@example.net,2024-07-16,Printer,Electronics,3,94,282,PayPal
3056,41,Jeffrey Powers,kelly36@example.net,2024-07-14,Printer,Electronics,5,1258,6290,PayPal
3057,19,Jeremy Blake,camerontheresa@example.com,2026-02-15,Printer,Photography,1,941,941,Credit Card
3058,35,Darius Martinez,danielalan@example.net,2025-10-11,Speaker,Accessories,2,746,1492,PayPal
3059,31,Charles Garcia,april25@example.net,,Camera,Accessories,2,224,448,Credit Card
3060,18,Emily Berg,samuelyoung@example.org,2024-05-29,Laptop,Electronics,4,27,108,Cash
3061,33,Robert Mcconnell,oporter@example.net,2026-01-17,Headphones,Photography,1,1370,1370,Cash
3062,53,Sandra Nguyen,lindsey62@example.net,2025-09-14,Speaker,Electronics,4,685,2740,Credit Card
3063,59,Laurie Flores,whitney52@example.com,2024-03-08,Printer,Electronics,1,1100,1100,Credit Card
3064,39,Carrie Ryan,burkestephanie@example.org,2024-08-20,Monitor,Electronics,4,1371,5484,Credit Card
3065,58,Kimberly Jacobs,jefferymccann@example.net,2026-02-13,Tablet,Accessories,2,232,464,Credit Card
3066,65,Samuel Benjamin,travisparker@example.com,2025-05-27,Monitor,Accessories,2,905,1810,PayPal
3067,55,Mrs. Madison Mack,brian22@example.org,2024-12-13,Headphones,Accessories,3,266,798,Cash
3068,70,Darin Porter,robertlandry@example.org,2026-01-25,Mouse,Electronics,5,650,3250,PayPal
3069,26,Daniel Wilson,bvillanueva@example.org,2025-11-29,Printer,Photography,1,871,871,Cash
3070,67,Kimberly Lewis,ebrown@example.org,2024-03-08,Mouse,Photography,2,171,342,Cash
3071,25,Lauren Richards,toddlawson@example.org,2025-08-29,Camera,Accessories,3,267,801,PayPal
3072,20,Karen Smith,joshua02@example.net,2025-04-04,Webcam,Electronics,3,420,1260,PayPal
3073,54,Tina Davis,bespinoza@example.com,2025-10-21,Mouse,Photography,1,991,991,PayPal
3074,32,Erin Collier,msanders@example.org,2025-09-21,Speaker,Photography,2,723,1446,PayPal
3075,58,Kara Meyer,kellerbrittany@example.com,2024-12-07,Keyboard,Photography,5,341,1705,PayPal
3076,64,Sylvia Moody,cperez@example.com,2024-10-26,Smartphone,Photography,1,200,200,Credit Card
3077,41,Richard Steele,john62@example.net,2024-05-21,Speaker,Photography,5,955,4775,Credit Card
3078,35,Mark Jimenez,harpercynthia@example.net,2024-06-18,Mouse,Accessories,5,1437,7185,Credit Card
3079,51,Terri Bradley,kmartinez@example.org,2025-04-09,Smartphone,Photography,3,1197,3591,PayPal
3080,42,Victoria Alvarez,juannelson@example.org,2025-08-25,Keyboard,Electronics,3,1192,3576,PayPal
3081,33,Veronica Payne,qbrown@example.org,2025-02-27,Mouse,Photography,3,1101,3303,Credit Card
3082,19,David Reid,michaeljackson@example.com,2025-12-02,Camera,Accessories,3,174,522,Credit Card
3083,60,Miguel Crane,williamgarrett@example.com,2025-05-23,Camera,Accessories,5,1354,6770,Cash
3084,37,Tony Greene,gregorylee@example.org,2024-12-31,Mouse,Accessories,4,534,2136,Credit Card
3085,56,Nicole Moody,kevinbell@example.com,2025-05-27,Webcam,Accessories,4,1325,5300,PayPal
3086,57,Regina Ortega,brian04@example.com,2024-05-10,Printer,Electronics,3,952,2856,Credit Card
3087,50,Katherine Mahoney,moorejessica@example.org,2024-06-16,Webcam,Electronics,5,318,1590,Credit Card
3088,32,Michelle Jordan,carrie47@example.org,2024-05-15,Tablet,Accessories,1,1492,1492,PayPal
3089,69,William Campbell,troy17@example.com,2024-08-14,Camera,Accessories,2,401,802,Cash
3090,30,Olivia Mcintosh,wardwilliam@example.org,2025-06-03,Printer,Photography,2,1444,2888,Credit Card
3091,60,Calvin Thompson,franklinjoseph@example.com,2025-04-17,Tablet,Accessories,3,955,2865,Cash
3092,37,Jacqueline Garcia,smithpaul@example.net,2025-03-13,Laptop,Photography,5,1109,5545,PayPal
3093,40,Deanna Rodriguez,riceandrew@example.org,2025-12-06,Printer,Accessories,3,585,1755,PayPal
3094,39,Kenneth Terry,amberallen@example.com,2024-05-10,Camera,Photography,2,653,1306,Cash
3095,55,Mario Davis,porterroy@example.com,2025-01-04,Monitor,Photography,3,132,396,Credit Card
3096,68,Jeremy Miller,valenzuelabilly@example.org,2024-11-27,Keyboard,Photography,4,352,1408,Cash
3097,47,Lisa Smith,sarah70@example.org,2025-02-05,Tablet,Photography,4,1469,5876,PayPal
3098,41,Sean Rodriguez,fernando83@example.net,2025-06-25,Monitor,Electronics,1,261,261,Cash
3099,40,Christopher Johnson,greencassandra@example.org,2025-03-28,Smartphone,Electronics,5,1154,5770,Cash
3100,21,Richard Miles,elizabethhart@example.com,2025-06-18,Camera,Electronics,5,1476,7380,Cash
3101,23,George Grant,meganbrown@example.org,2025-12-16,Headphones,Electronics,4,876,3504,PayPal
3102,39,Daisy Lee,bennettmichelle@example.net,2025-06-11,Tablet,Electronics,5,351,1755,Cash
3103,37,Kelsey Bishop,swatson@example.net,2025-11-21,Laptop,Accessories,1,131,131,PayPal
3104,24,Mandy Stevens,emily69@example.com,2025-08-18,Smartphone,Photography,3,250,750,Cash
3105,30,Mr. Billy Anderson,nixonkristine@example.net,2025-06-24,Headphones,Accessories,3,105,315,Cash
3106,45,Nathan Riley,veronica15@example.net,2024-06-03,Keyboard,Accessories,2,1151,2302,Cash
3107,52,Sean Boyer,knightjessica@example.org,2026-01-29,Keyboard,Electronics,2,835,1670,Cash
3108,35,Jose Garcia,dunnjessica@example.com,2025-08-20,Tablet,Electronics,4,645,2580,Cash
3109,61,Robert Brown,athomas@example.net,2024-03-10,Headphones,Photography,5,152,760,Cash
3110,29,Paula Hart,davidsonruth@example.org,2025-08-28,Laptop,Electronics,4,962,3848,PayPal
3111,54,Mark Chapman,deniseburke@example.net,2024-06-04,Monitor,Electronics,2,332,664,PayPal
3112,49,Catherine York,rodneycarney@example.com,,Monitor,Photography,4,1444,5776,PayPal
3113,61,Angela Martinez,tara70@example.net,2025-04-09,Camera,Accessories,,1417,0,Credit Card
3114,57,Kevin Bradford,andersonsteven@example.org,2025-12-12,Monitor,Photography,1,899,899,Credit Card
3115,27,Shannon Holden,thomas24@example.com,2025-09-04,Laptop,Electronics,5,372,1860,Cash
3116,42,David Carson,thompsonmichael@example.org,2025-06-13,Webcam,Accessories,1,1198,1198,PayPal
3117,58,Victor Silva,umcguire@example.net,2025-11-14,Mouse,Photography,2,1342,2684,Credit Card
3118,44,Lisa Evans,apruitt@example.net,,Mouse,Electronics,5,74,370,Credit Card
3119,55,Christopher Clark,kennethbeard@example.com,2025-08-15,Smartphone,Photography,3,743,2229,Cash
3120,44,Samantha Maynard,hshort@example.net,2024-05-22,Tablet,Photography,1,320,320,Cash
3121,51,Chris Jacobs,gturner@example.org,2025-09-02,Mouse,Electronics,4,879,3516,Cash
3122,21,Ernest Walker,jordan25@example.org,2025-01-29,Camera,Accessories,3,64,192,PayPal
3123,36,Angela King,robertroach@example.org,2025-09-18,Tablet,Electronics,1,875,875,Credit Card
3124,47,Todd Sparks,wendy67@example.net,,Monitor,Electronics,2,703,1406,Credit Card
3125,43,Robert Warren,zrodgers@example.net,2025-10-21,Tablet,Photography,5,645,3225,Credit Card
3126,52,James Giles,mbrowning@example.org,2024-10-16,Webcam,Electronics,4,666,2664,Credit Card
3127,30,,ericlee@example.org,2025-03-18,Monitor,Accessories,1,249,249,Cash
3128,70,Mrs. Jill Martin,yhess@example.net,2025-04-04,Keyboard,Accessories,4,266,1064,Credit Card
3129,52,John Rodgers,ajenkins@example.net,2025-11-07,Tablet,Photography,4,1241,4964,Cash
3130,53,Jose Hogan,uhines@example.net,2025-01-05,Webcam,Accessories,5,864,4320,Credit Card
3131,41,Christina Travis,weberjaclyn@example.com,2026-01-07,Camera,Accessories,4,1111,4444,Cash
3132,52,Joseph Malone,ledwards@example.net,2024-09-01,Printer,Electronics,3,1178,3534,Cash
3133,27,Stephanie Mcclure,kathleenowen@example.com,2025-01-14,Tablet,Photography,2,131,262,Cash
3134,65,Michael Hobbs,crodriguez@example.net,2024-11-22,Mouse,Electronics,4,708,2832,Credit Card
3135,67,Jose Williams,victoria54@example.com,,Webcam,Photography,4,153,612,Credit Card
3136,60,John Jensen,klinejohn@example.net,2024-11-02,Keyboard,Electronics,3,1096,3288,PayPal
3137,18,Evan Davis,jameshamilton@example.net,2024-03-17,Smartphone,Electronics,5,442,2210,Credit Card
3138,28,Kristin Roberts,gonzalezrichard@example.net,2024-09-21,Smartphone,Accessories,1,1029,1029,Cash
3139,57,Billy Mckenzie,wmayo@example.net,2025-07-21,Mouse,Accessories,1,1364,1364,Credit Card
3140,60,Kimberly Mason,rfields@example.org,2026-01-22,Laptop,Photography,4,1281,5124,PayPal
3141,21,Robert Hamilton,nicholas93@example.org,2025-06-21,Speaker,Electronics,5,536,2680,Cash
3142,57,Logan Simmons,cynthiamartin@example.com,2025-05-03,Headphones,Photography,2,172,344,Credit Card
3143,48,Joshua Rice Jr.,victor00@example.net,,Mouse,Electronics,1,999,999,Cash
3144,67,,paulgrant@example.org,2025-05-22,Camera,Photography,4,895,3580,Credit Card
3145,65,Julie Rodriguez,michaelhowe@example.net,2024-08-20,Tablet,Accessories,4,420,1680,Cash
3146,54,,rosaleskaren@example.org,2025-01-12,Tablet,Photography,1,747,747,Credit Card
3147,69,Stephanie Wilson,ryanfreeman@example.net,2025-02-21,Tablet,Accessories,4,1252,5008,Credit Card
3148,49,April Davis,andersonthomas@example.net,2024-07-27,Webcam,Photography,3,1371,4113,PayPal
3149,34,Mary Carpenter,iwoodward@example.net,2024-11-25,Headphones,Photography,3,1423,4269,Cash
3150,21,Rachel Murray,weissandrew@example.com,,Headphones,Electronics,3,856,2568,PayPal
3151,57,Terrance Fitzpatrick,pearsonmark@example.org,2025-08-06,Monitor,Photography,5,24,120,PayPal
3152,38,Bradley Campos,kendra20@example.net,2025-06-11,Mouse,Photography,1,343,343,Credit Card
3153,58,Miranda Berger,theresacain@example.com,,Tablet,Electronics,4,1046,4184,Credit Card
3154,66,Michael Bryan,brandywilliams@example.net,2024-06-18,Webcam,Electronics,3,1306,3918,Cash
3155,41,Laura Garza,sarabarrett@example.net,2025-12-17,Headphones,Electronics,5,651,3255,PayPal
3156,31,Kimberly Willis,nancyhubbard@example.org,2025-03-24,Webcam,Electronics,2,1352,2704,Credit Card
3157,43,Alexis Gordon,jwright@example.com,2025-08-23,Mouse,Electronics,1,504,504,Cash
3158,65,,andersonleslie@example.com,2024-09-24,Laptop,Accessories,5,1326,6630,Credit Card
3159,29,Katherine Eaton,zoekrueger@example.com,2024-05-24,Keyboard,Accessories,5,1199,5995,PayPal
3160,42,,richardsonryan@example.net,2025-07-03,Camera,Electronics,2,218,436,PayPal
3161,35,Danielle Carpenter,daniel04@example.net,2025-10-25,Monitor,Electronics,1,1354,1354,Cash
3162,18,Barry Mills,ykhan@example.net,2025-09-10,Laptop,Accessories,1,550,550,Cash
3163,20,Sarah Lester,molly82@example.com,2025-01-17,Keyboard,Photography,5,1068,5340,Cash
3164,54,Catherine Horton,danielcarr@example.net,2025-03-10,Monitor,Accessories,5,1440,7200,Credit Card
3165,47,Ashley Andrews,jasonwade@example.net,2025-01-15,Keyboard,Photography,2,1425,2850,Cash
3166,41,Kelly Holmes,umayer@example.com,2025-04-29,Headphones,Electronics,5,753,3765,Cash
3167,41,Derek Hill,john17@example.com,,Keyboard,Photography,2,1487,2974,Credit Card
3168,36,David Ramirez,todd76@example.org,2025-05-19,Speaker,Accessories,5,30,150,Credit Card
3169,37,Amanda Adams,jenkinsmaria@example.com,2025-06-01,Keyboard,Accessories,2,178,356,Credit Card
3170,69,Brandy Spears,cindy02@example.net,2025-02-11,Laptop,Photography,5,1407,7035,PayPal
3171,34,Dorothy Carter,jerome38@example.com,2024-09-22,Speaker,Accessories,5,194,970,Credit Card
3172,65,Anne Smith,mchapman@example.net,2024-08-06,Keyboard,Photography,2,369,738,PayPal
3173,69,,wilsonkeith@example.com,2024-03-21,Camera,Photography,3,1194,3582,Credit Card
3174,61,Peter Hall,vreese@example.com,2024-03-07,Mouse,Electronics,2,1155,2310,Credit Card
3175,69,Matthew Clark,baxterdonna@example.net,2025-10-13,Smartphone,Accessories,,728,0,Credit Card
3176,66,Karen Lopez,tbenson@example.net,2024-04-13,Mouse,Photography,3,1125,3375,Credit Card
3177,59,Sharon Garcia,buckleyfaith@example.org,2025-01-30,Tablet,Electronics,1,1021,1021,Credit Card
3178,46,Roger Deleon,linkevin@example.net,2025-10-11,Tablet,Electronics,2,519,1038,Credit Card
3179,18,Douglas Wilson,denniselizabeth@example.net,2024-07-19,Speaker,Electronics,5,974,4870,Cash
3180,63,Renee Nguyen,amanda53@example.net,2025-11-19,Monitor,Photography,1,61,61,Credit Card
3181,39,,scott53@example.net,2025-01-04,Printer,Photography,2,1387,2774,Cash
3182,55,Rachael Nguyen,icortez@example.net,2024-03-29,Monitor,Photography,4,861,3444,PayPal
3183,28,Jennifer Rodriguez,katieschneider@example.org,2024-04-06,Headphones,Electronics,1,33,33,Credit Card
3184,34,Jessica Mcconnell,matthewkennedy@example.net,2024-12-15,Mouse,Photography,2,627,1254,PayPal
3185,47,Michael Estes,andrewstamara@example.com,2025-01-24,Tablet,Electronics,2,1262,2524,PayPal
3186,53,Connie Lozano,mrichards@example.org,2025-04-19,Keyboard,Accessories,2,113,226,Credit Card
3187,62,Erin Flores,hudsoneduardo@example.org,2025-11-24,Monitor,Accessories,5,860,4300,Credit Card
3188,50,Brittney Valencia,xsanchez@example.com,2025-06-18,Mouse,Accessories,3,120,360,PayPal
3189,24,Jane Smith,williamsvictor@example.net,2025-07-10,Monitor,Electronics,3,407,1221,Credit Card
3190,67,Robin Lewis,woodsronald@example.com,2025-03-22,Webcam,Electronics,3,595,1785,Cash
3191,58,Steven Atkinson,lisa70@example.com,2025-05-29,Keyboard,Accessories,3,1244,3732,Cash
3192,47,Christopher Martinez,amandaalvarez@example.org,2025-09-22,Headphones,Accessories,4,650,2600,Cash
3193,61,Courtney May,terrybrandon@example.com,,Camera,Electronics,4,972,3888,PayPal
3194,31,Melanie Zamora,emilyhaney@example.org,2025-04-21,Smartphone,Electronics,2,838,1676,Cash
3195,50,Michelle Delgado,michaelspencer@example.com,2024-12-11,Camera,Photography,5,860,4300,Credit Card
3196,62,Zachary Roberson,donaldnelson@example.com,2024-06-02,Webcam,Photography,4,362,1448,Credit Card
3197,23,Justin Long,plong@example.org,,Headphones,Accessories,2,645,1290,Cash
3198,51,Jasmine Valentine,jackie52@example.com,2024-04-08,Headphones,Electronics,1,1188,1188,PayPal
3199,25,David Price,duffyjonathan@example.com,2024-12-23,Keyboard,Photography,4,988,3952,Cash
3200,56,Tyler Armstrong,njones@example.com,2024-08-16,Camera,Photography,3,626,1878,PayPal
3201,44,Victoria Kramer,johnwilliams@example.net,2024-12-18,Webcam,Photography,5,581,2905,Cash
3202,46,Caleb Holden,matthewbranch@example.net,2024-03-06,Webcam,Accessories,2,248,496,Cash
3203,34,William Perkins,nicolehernandez@example.com,,Headphones,Accessories,3,874,2622,Cash
3204,39,Jacob Levy,wallacesydney@example.com,2026-01-08,Tablet,Electronics,2,747,1494,Credit Card
3205,25,James Smith,kennethgarner@example.com,2024-12-27,Webcam,Electronics,3,491,1473,Credit Card
3206,25,Raymond Thomas,asullivan@example.com,2026-01-27,Camera,Accessories,4,139,556,Credit Card
3207,48,Amy Roman,jared03@example.com,2025-10-10,Smartphone,Photography,1,840,840,Credit Card
3208,32,Cory Jackson,louiswaters@example.com,,Headphones,Electronics,2,1250,2500,Credit Card
3209,25,Melissa Ortega,qbaldwin@example.com,2024-08-11,Camera,Electronics,5,1247,6235,PayPal
3210,61,Maria Nixon,jmccarty@example.net,2024-06-19,Smartphone,Photography,1,60,60,Cash
3211,18,Elizabeth Bush,andrea24@example.com,2025-02-21,Tablet,Photography,3,111,333,Credit Card
3212,26,Alan Martin,garyunderwood@example.com,2025-11-28,Speaker,Photography,3,396,1188,Cash
3213,59,Mary Parker MD,mosleyamy@example.org,,Camera,Electronics,4,481,1924,PayPal
3214,32,Beth Martinez,jonathan04@example.org,2025-01-16,Mouse,Electronics,4,757,3028,PayPal
3215,46,Michael Houston,holly80@example.org,2025-01-02,Tablet,Accessories,4,849,3396,PayPal
3216,26,Daniel Hawkins,dennisblankenship@example.com,2025-09-19,Camera,Accessories,1,1387,1387,Credit Card
3217,43,Susan Allen,justinhuynh@example.org,2024-06-12,Keyboard,Electronics,2,841,1682,PayPal
3218,24,Loretta Nicholson,pfitzgerald@example.com,2024-11-10,Laptop,Electronics,2,851,1702,PayPal
3219,53,Amber Lucas,morenoaaron@example.net,2024-12-20,Webcam,Photography,5,1336,6680,Credit Card
3220,58,Luke Dillon,rcohen@example.org,2025-11-12,Webcam,Photography,3,617,1851,PayPal
3221,51,Sarah Cain MD,creynolds@example.com,2026-01-30,Smartphone,Accessories,1,1251,1251,Credit Card
3222,21,Jonathan Roberson,holly46@example.net,2025-12-12,Webcam,Photography,4,155,620,Cash
3223,30,Richard Smith,jacobsharp@example.com,2026-02-02,Printer,Electronics,2,957,1914,Cash
3224,23,Erika Marquez,smiller@example.net,2024-04-18,Mouse,Photography,2,456,912,Cash
3225,70,Ryan Morales,sanderskenneth@example.com,2025-10-11,Webcam,Accessories,2,1298,2596,Credit Card
3226,51,Gregory Warren,andreacrawford@example.com,2025-01-28,Headphones,Photography,5,610,3050,Cash
3227,54,Dalton Bailey,oliviabrown@example.org,2025-05-20,Webcam,Electronics,2,804,1608,Credit Card
3228,35,Amber Edwards,amykey@example.net,,Smartphone,Photography,4,429,1716,Credit Card
3229,63,Marie Barnes,andrew68@example.com,2024-07-22,Mouse,Photography,2,1500,3000,Credit Card
3230,60,Tiffany Davis,daniel84@example.org,2025-03-01,Headphones,Accessories,5,771,3855,Cash
3231,67,Julie Brooks,smithmitchell@example.org,2025-08-07,Webcam,Photography,1,1408,1408,Cash
3232,34,Justin Harris,gstevenson@example.org,2024-11-28,Monitor,Accessories,2,1467,2934,PayPal
3233,57,Rita Mccoy,csanchez@example.org,2025-09-23,Webcam,Accessories,3,212,636,Credit Card
3234,18,Melanie Brewer,ggreen@example.org,2024-05-31,Mouse,Photography,2,708,1416,PayPal
3235,56,Elizabeth Williams,abarnes@example.net,,Monitor,Electronics,4,541,2164,PayPal
3236,24,Megan Bryan,tamara86@example.org,,Headphones,Electronics,4,1335,5340,PayPal
3237,22,Russell Brennan,fishertyler@example.org,,Smartphone,Accessories,5,94,470,Cash
3238,67,,beverly11@example.net,2025-02-10,Keyboard,Electronics,5,78,390,Credit Card
3239,37,Colleen Stark,aaronbarnes@example.com,2026-01-21,Laptop,Accessories,5,325,1625,PayPal
3240,18,Dr. Alan Smith,combsbailey@example.org,2025-06-06,Speaker,Photography,2,325,650,PayPal
3241,21,Andrew Hall,jeffreygamble@example.org,2025-06-07,Monitor,Photography,2,811,1622,Cash
3242,56,John Adams,weeksjimmy@example.org,2024-05-26,Mouse,Accessories,1,320,320,PayPal
3243,67,,ibarnes@example.com,2025-11-14,Camera,Accessories,2,167,334,Credit Card
3244,29,Carrie Clark,alicia69@example.org,2026-02-04,Webcam,Accessories,3,458,1374,PayPal
3245,40,David Hood,thomasholly@example.com,2026-01-17,Speaker,Electronics,4,741,2964,PayPal
3246,61,Jacob Moore,lauriedelacruz@example.com,2024-11-08,Monitor,Electronics,2,827,1654,Cash
3247,40,Tracy Williams,juarezemily@example.org,2025-08-30,Webcam,Electronics,3,801,2403,Credit Card
3248,18,Rebecca Benitez,roger33@example.net,2024-05-13,Mouse,Photography,2,1030,2060,Credit Card
3249,19,April Moyer,lynnrobertson@example.com,2024-04-12,Headphones,Accessories,2,23,46,Cash
3250,56,Mrs. Cathy Knight DDS,ysanders@example.org,2025-12-21,Tablet,Accessories,1,968,968,Cash
3251,18,Jeffrey Oconnell,thompsonlogan@example.org,2025-08-30,Headphones,Electronics,2,869,1738,Credit Card
3252,34,Raymond Peterson,mgarcia@example.org,2024-03-31,Smartphone,Photography,1,1438,1438,Cash
3253,62,Amy Mitchell,heather17@example.com,2024-04-18,Laptop,Electronics,4,949,3796,PayPal
3254,26,Heather Berry,thomasparker@example.org,2025-08-30,Smartphone,Accessories,2,739,1478,Cash
3255,30,Megan Norris,mejiachristopher@example.net,2024-04-07,Keyboard,Electronics,2,965,1930,Credit Card
3256,37,Jacqueline Fleming,rebekah10@example.org,2024-10-20,Mouse,Accessories,3,1482,4446,Credit Card
3257,54,Christina Davis DDS,svaughn@example.com,2025-01-02,Tablet,Electronics,4,535,2140,Cash
3258,38,Adrian Wilson,christineharris@example.org,2024-07-30,Speaker,Photography,5,285,1425,PayPal
3259,37,John Yates,richardjohnson@example.net,2025-07-07,Smartphone,Electronics,3,41,123,PayPal
3260,18,James Hogan,rossallison@example.net,2024-10-31,Camera,Accessories,5,1417,7085,Cash
3261,49,Carmen Castro,wareroberto@example.com,2024-08-18,Webcam,Accessories,4,28,112,Credit Card
3262,53,Ryan Daniels MD,elizabeth39@example.org,,Monitor,Accessories,5,798,3990,PayPal
3263,24,Karen Maxwell,osawyer@example.net,2024-09-04,Speaker,Photography,2,935,1870,PayPal
3264,46,Kayla Brown,kaylascott@example.org,2025-01-18,Keyboard,Photography,2,707,1414,Credit Card
3265,23,William Brooks,willieaguilar@example.org,2024-09-26,Keyboard,Electronics,2,58,116,Credit Card
3266,49,Jesse Roberts,ihoffman@example.net,2026-01-24,Tablet,Accessories,2,780,1560,Credit Card
3267,32,Scott Vasquez,karenwalker@example.net,2026-01-11,Mouse,Accessories,4,1398,5592,Cash
3268,39,Joshua Harper,tdixon@example.org,,Mouse,Accessories,3,1422,4266,Cash
3269,37,Nathan Hall,kjones@example.com,2024-12-21,Tablet,Photography,5,239,1195,PayPal
3270,19,,turnerandrew@example.net,2024-10-22,Smartphone,Accessories,4,697,2788,PayPal
3271,36,Michele Shaw,anthony37@example.org,2024-11-01,Smartphone,Photography,3,770,2310,PayPal
3272,61,Joel Vega,cunninghamdennis@example.org,2025-04-25,Headphones,Photography,4,1027,4108,Credit Card
3273,28,Ronald Ortiz,angelicaarcher@example.net,2025-06-17,Webcam,Electronics,2,1404,2808,Credit Card
3274,42,Christopher Figueroa,cheyenne41@example.net,2024-11-08,Headphones,Accessories,4,1185,4740,Cash
3275,34,Adam Lane,tara15@example.com,2025-09-09,Webcam,Electronics,1,1096,1096,Credit Card
3276,58,Cameron Johnson DDS,joshuanguyen@example.net,2025-04-16,Speaker,Photography,4,92,368,PayPal
3277,22,Michelle Ortiz,jennifer25@example.net,2025-02-10,Speaker,Photography,2,638,1276,PayPal
3278,47,Misty Franco,richardsmith@example.com,2026-01-29,Webcam,Electronics,2,1313,2626,PayPal
3279,40,Kristin Matthews,richardanderson@example.net,2025-06-03,Monitor,Electronics,3,455,1365,Cash
3280,34,,andrewterry@example.net,2025-05-19,Mouse,Accessories,5,1032,5160,PayPal
3281,70,Kaylee Allen,glopez@example.org,2024-05-25,Headphones,Photography,1,1270,1270,Cash
3282,42,Frank Walker,emilyjenkins@example.com,2025-02-14,Smartphone,Photography,4,869,3476,Credit Card
3283,53,Amy Doyle,ray11@example.com,,Tablet,Electronics,2,906,1812,PayPal
3284,48,Jack Robles,ryanhughes@example.org,2024-10-26,Smartphone,Accessories,3,614,1842,Credit Card
3285,57,Amanda Spencer,andersonedward@example.com,2026-01-19,Printer,Electronics,5,1190,5950,Cash
3286,30,Meghan Miller,samanthamata@example.org,2025-05-09,Camera,Photography,5,600,3000,PayPal
3287,55,Michele Long,esparks@example.org,2025-01-11,Keyboard,Photography,1,276,276,Cash
3288,26,Renee Bautista,darrylwhite@example.net,,Webcam,Accessories,2,1320,2640,Cash
3289,49,David George,chernandez@example.com,2024-06-01,Laptop,Photography,3,1461,4383,Credit Card
3290,70,Donald Beasley,james45@example.org,,Monitor,Photography,4,1378,5512,Credit Card
3291,64,Tara Mahoney,jeffreysimpson@example.org,2024-04-20,Monitor,Photography,5,1183,5915,Credit Card
3292,70,Sherri Gardner,jean49@example.net,2025-04-02,Mouse,Electronics,3,738,2214,Credit Card
3293,20,Ana Franco,jodi29@example.net,2024-07-12,Smartphone,Electronics,3,594,1782,Cash
3294,46,Jonathan Snyder,harrisjames@example.com,,Tablet,Photography,2,1319,2638,PayPal
3295,44,Carolyn Ward,shess@example.com,2025-03-15,Laptop,Accessories,2,630,1260,Credit Card
3296,21,Stephanie Chase,lanejustin@example.com,,Smartphone,Electronics,1,878,878,PayPal
3297,31,Natalie Smith,jbenitez@example.org,2025-11-22,Printer,Accessories,1,1190,1190,Cash
3298,35,Ryan Ramirez,wroberts@example.net,,Headphones,Accessories,3,246,738,PayPal
3299,66,Robin Peters,wattstiffany@example.org,2024-07-19,Webcam,Photography,4,945,3780,Credit Card
3300,48,Eric May,fhess@example.com,2025-11-15,Laptop,Electronics,3,981,2943,Credit Card
3301,30,Rachel West,kevinwilliamson@example.com,2025-02-16,Headphones,Accessories,1,75,75,PayPal
3302,26,Ryan Hinton,hrosario@example.com,,Tablet,Electronics,1,1045,1045,Credit Card
3303,64,William Roberts,ryan79@example.org,2026-01-31,Camera,Electronics,4,1112,4448,Credit Card
3304,55,Nicole Scott,jonesedward@example.org,,Webcam,Photography,2,1292,2584,Cash
3305,19,Deborah Hickman,frankwalker@example.com,2024-03-26,Printer,Photography,1,912,912,Cash
3306,49,,dianapatterson@example.com,2025-08-12,Smartphone,Accessories,5,531,2655,Cash
3307,32,Laura Carroll,taylor25@example.com,2026-02-11,Camera,Photography,2,1184,2368,PayPal
3308,49,Christy David,alexmccarthy@example.net,2024-07-05,Speaker,Electronics,3,139,417,PayPal
3309,39,Logan Hicks,marcusroberts@example.org,2025-05-28,Printer,Accessories,5,173,865,Cash
3310,29,Trevor Baker,pbriggs@example.net,2025-04-23,Printer,Electronics,5,535,2675,Cash
3311,33,Linda Garcia,cynthiachandler@example.org,2024-06-21,Webcam,Electronics,3,1320,3960,PayPal
3312,70,Matthew Thompson,joshuawebb@example.org,2024-03-02,Mouse,Accessories,3,360,1080,PayPal
3313,35,Ryan Garcia,robertlopez@example.org,2025-10-14,Monitor,Accessories,5,928,4640,Credit Card
3314,49,Regina Howard,anthony31@example.com,2025-04-28,Speaker,Photography,3,842,2526,Cash
3315,59,Melissa David,traciberg@example.org,2024-12-13,Speaker,Photography,5,1397,6985,Cash
3316,51,,erin66@example.org,2025-06-12,Speaker,Accessories,1,386,386,Cash
3317,32,Jessica Watson,mckenzie71@example.net,2024-12-23,Monitor,Photography,5,866,4330,Cash
3318,54,Thomas Gutierrez,blakejames@example.com,2026-01-28,Tablet,Photography,3,865,2595,PayPal
3319,18,Michael Ellis,dennistaylor@example.org,2025-12-15,Headphones,Electronics,3,1191,3573,Credit Card
3320,48,Lauren Brown DVM,christopherconley@example.net,2024-04-26,Speaker,Accessories,1,555,555,Credit Card
3321,27,Jose Gray,michaeljohnson@example.net,2025-12-06,Printer,Photography,1,62,62,PayPal
3322,63,Samantha Harper,terri39@example.org,2024-07-17,Smartphone,Photography,2,1496,2992,PayPal
3323,47,Alice Burke,travis24@example.com,2024-10-18,Monitor,Electronics,5,1310,6550,PayPal
3324,58,Tammy Gonzalez,hernandezmichael@example.net,2025-05-20,Printer,Accessories,3,840,2520,PayPal
3325,59,Brittany Edwards,beltranmorgan@example.org,2024-09-15,Mouse,Photography,3,227,681,Cash
3326,45,Anthony Sosa,megan70@example.org,2025-12-10,Smartphone,Photography,3,173,519,Credit Card
3327,53,Heidi Sanchez,diazgrace@example.com,2024-05-29,Printer,Electronics,4,1407,5628,PayPal
3328,33,Christopher Bryant,thomas57@example.com,2024-04-23,Laptop,Electronics,1,521,521,PayPal
3329,41,Michael Taylor,christinesullivan@example.net,2024-10-14,Speaker,Photography,3,500,1500,Credit Card
3330,21,Christopher Davis,steven93@example.org,,Webcam,Photography,1,1492,1492,Cash
3331,21,Robin Miller,jesselopez@example.com,2025-03-15,Keyboard,Photography,5,170,850,Cash
3332,23,Alexis Willis,samanthamora@example.com,2024-07-16,Smartphone,Photography,1,315,315,Cash
3333,45,Ronald Johnson,robert70@example.com,2025-12-04,Camera,Accessories,3,614,1842,PayPal
3334,60,Glenda Gill,mistyrogers@example.org,2024-12-14,Monitor,Accessories,1,1464,1464,Cash
3335,21,Maria Mills,tinacastillo@example.org,2025-02-01,Mouse,Photography,4,1473,5892,Cash
3336,37,John Whitehead,brittany98@example.com,2024-11-18,Laptop,Accessories,3,1223,3669,PayPal
3337,53,Joshua Mckee,paulmartin@example.org,2024-03-13,Smartphone,Accessories,1,1207,1207,Cash
3338,30,Michelle Watson,katherine69@example.com,2024-09-27,Monitor,Photography,4,1137,4548,PayPal
3339,22,Joshua Ford,qburton@example.net,,Tablet,Photography,1,627,627,Credit Card
3340,30,Michael Mendoza,elizabethberry@example.com,2024-03-16,Monitor,Photography,3,968,2904,PayPal
3341,67,Mary Solomon,hansenjames@example.com,2025-05-06,Webcam,Photography,2,294,588,PayPal
3342,58,Kaitlyn Jimenez,johnscott@example.org,2025-09-09,Smartphone,Photography,5,1126,5630,Credit Card
3343,55,Brian Mitchell,trujillozachary@example.net,2024-09-30,Keyboard,Photography,5,1123,5615,PayPal
3344,57,Jeanette Sanders,qyoung@example.com,2025-06-19,Webcam,Accessories,3,511,1533,Cash
3345,63,Sandra Miles,kmitchell@example.org,2024-05-09,Speaker,Electronics,5,938,4690,Cash
3346,51,John Green,aliciamason@example.net,2025-11-08,Printer,Accessories,4,605,2420,PayPal
3347,70,Tami Todd,alyssasimon@example.org,2025-01-02,Mouse,Electronics,5,780,3900,Credit Card
3348,56,Ricardo Vasquez,terrence45@example.net,2025-10-28,Tablet,Accessories,1,676,676,Cash
3349,40,,michael08@example.com,,Laptop,Accessories,1,792,792,PayPal
3350,55,Elizabeth Fuller,htaylor@example.org,,Tablet,Electronics,4,84,336,PayPal
3351,68,Laura Walker,erobbins@example.org,2025-11-13,Speaker,Electronics,2,1062,2124,Cash
3352,46,Patricia Gonzales,kristen05@example.org,2024-03-30,Keyboard,Electronics,1,635,635,PayPal
3353,47,,monica29@example.net,2025-05-26,Tablet,Electronics,1,1385,1385,Credit Card
3354,69,William Torres,william35@example.net,,Smartphone,Accessories,2,1464,2928,Credit Card
3355,43,Stephen Boyle,psilva@example.net,2024-06-19,Camera,Electronics,2,748,1496,PayPal
3356,37,,whitejennifer@example.net,2024-12-03,Mouse,Photography,,228,0,Cash
3357,48,Corey Copeland,christophermurray@example.org,2025-12-19,Speaker,Accessories,4,745,2980,Credit Card
3358,63,Mark Taylor,ericahernandez@example.net,2025-01-10,Printer,Photography,3,350,1050,PayPal
3359,18,Alan Ingram,nicholassmith@example.net,2025-04-29,Headphones,Accessories,5,685,3425,PayPal
3360,18,John Hunter,irobinson@example.net,2025-07-13,Printer,Electronics,5,1368,6840,Credit Card
3361,49,Dakota Mills,kkim@example.org,,Printer,Accessories,3,1404,4212,Cash
3362,45,Edwin Hill,krodriguez@example.net,2025-08-26,Webcam,Accessories,3,838,2514,Credit Card
3363,26,Taylor Holloway,ashleyparrish@example.org,2025-02-06,Laptop,Photography,3,896,2688,Cash
3364,61,Corey Watson,timothysmith@example.net,2025-01-15,Speaker,Photography,1,779,779,Cash
3365,47,Elizabeth Lamb,christianmosley@example.com,,Printer,Electronics,1,571,571,Credit Card
3366,40,Benjamin Williams,castroscott@example.org,2025-10-30,Keyboard,Photography,1,941,941,Cash
3367,45,Kimberly Jones,zcrawford@example.com,2024-07-23,Webcam,Accessories,3,640,1920,PayPal
3368,49,Cindy Berry,eford@example.com,2024-11-07,Smartphone,Electronics,5,1254,6270,Credit Card
3369,21,Kathleen Davis,emilywhite@example.net,,Speaker,Photography,5,747,3735,Cash
3370,60,Katelyn Smith,fosterjames@example.org,2025-01-16,Tablet,Accessories,1,1373,1373,PayPal
3371,37,Bill Bell,savannah01@example.org,2026-02-07,Mouse,Electronics,1,313,313,Credit Card
3372,36,Ashley Phillips,washingtonjames@example.org,2026-02-03,Webcam,Photography,4,261,1044,Credit Card
3373,42,Chelsea Cohen,christinepowell@example.com,2024-09-11,Camera,Accessories,2,746,1492,Credit Card
3374,19,Jeffrey Perry,marynguyen@example.org,2024-08-31,Speaker,Accessories,1,1388,1388,Credit Card
3375,46,Kevin Wilson,jhernandez@example.com,2024-08-14,Smartphone,Electronics,2,277,554,Cash
3376,43,Ronald Velasquez,brandon24@example.com,2024-10-07,Speaker,Photography,,185,0,PayPal
3377,44,Ashlee Mullins,johnsonanthony@example.com,2025-11-17,Webcam,Accessories,3,361,1083,PayPal
3378,68,Jon Young,donaldlewis@example.com,2024-04-20,Headphones,Accessories,2,641,1282,PayPal
3379,20,Jennifer Sloan,acampos@example.net,,Tablet,Accessories,1,1427,1427,Cash
3380,40,,nobleamanda@example.net,2025-01-30,Printer,Accessories,5,275,1375,PayPal
3381,67,Benjamin Burnett DVM,xconner@example.net,2024-05-27,Smartphone,Photography,2,560,1120,PayPal
3382,47,Edwin Brooks,guy88@example.net,2024-10-26,Printer,Photography,3,140,420,Credit Card
3383,37,Tanya Martin,daniel06@example.org,2024-04-21,Camera,Electronics,3,1282,3846,Cash
3384,45,Nicole Matthews,joshuahunter@example.com,2024-12-15,Headphones,Photography,5,432,2160,Credit Card
3385,57,Omar Green,iturner@example.org,2026-01-26,Tablet,Photography,2,185,370,Credit Card
3386,30,William Johnson,williamsreginald@example.org,2024-06-23,Mouse,Photography,4,1039,4156,Credit Card
3387,59,James Harris,samanthamartin@example.com,2024-08-04,Laptop,Photography,5,298,1490,Credit Card
3388,47,Joseph Cherry,mary38@example.org,2025-10-12,Printer,Accessories,3,33,99,Credit Card
3389,28,Valerie King,parkerpierce@example.com,,Smartphone,Accessories,4,1044,4176,PayPal
3390,20,Vanessa Young,hwalters@example.org,2025-03-04,Webcam,Photography,5,1232,6160,Cash
3391,50,Debbie Eaton,hglover@example.org,2024-08-26,Tablet,Electronics,1,1274,1274,Credit Card
3392,25,,blackwelljanet@example.com,2025-02-25,Monitor,Accessories,4,1489,5956,PayPal
3393,66,Mia Mitchell,rachel77@example.net,2025-01-22,Camera,Accessories,5,129,645,Credit Card
3394,44,Tim White,michael39@example.net,2025-08-27,Laptop,Accessories,5,648,3240,Cash
3395,22,Douglas Robles,hhernandez@example.net,2025-03-03,Mouse,Photography,4,1477,5908,Credit Card
3396,52,Jennifer Farrell,cruzdouglas@example.net,2026-02-17,Laptop,Photography,4,380,1520,Cash
3397,28,Shannon Williams,treed@example.org,,Tablet,Photography,4,641,2564,PayPal
3398,58,Daniel Henry,reedzachary@example.com,2025-10-05,Keyboard,Accessories,5,128,640,PayPal
3399,47,Manuel Abbott,yriley@example.org,2024-11-25,Headphones,Photography,5,692,3460,PayPal
3400,32,Chad Key,collinsanne@example.net,2025-04-21,Keyboard,Photography,3,430,1290,PayPal
3401,58,Lawrence White III,zwilliams@example.org,2025-12-09,Camera,Electronics,5,357,1785,Cash
3402,64,Cynthia Douglas,zbrown@example.org,2025-08-09,Laptop,Photography,5,452,2260,Cash
3403,68,Nicole Garcia,linda95@example.com,2025-11-11,Keyboard,Photography,3,227,681,Credit Card
3404,47,Carl Owen,jenniferrowe@example.org,2024-04-08,Headphones,Photography,1,316,316,Cash
3405,27,Darlene Moreno,haleyklein@example.net,2026-02-17,Camera,Electronics,1,350,350,Cash
3406,60,Austin Miller,ericwalters@example.net,,Webcam,Photography,3,1094,3282,Cash
3407,61,Madeline Hancock,julierobinson@example.org,2024-08-11,Monitor,Photography,2,1209,2418,PayPal
3408,52,,ppeterson@example.net,2024-12-09,Keyboard,Accessories,4,1354,5416,Cash
3409,23,Gina Garcia,mendezrobert@example.org,2025-12-18,Mouse,Photography,5,314,1570,PayPal
3410,41,Mark Rios,igonzales@example.net,2024-10-17,Headphones,Photography,1,807,807,Cash
3411,35,Melissa Smith,erikamiller@example.org,2025-04-16,Webcam,Electronics,5,994,4970,Cash
3412,48,Eric Williams,fwilson@example.com,2025-08-18,Speaker,Accessories,4,917,3668,Cash
3413,40,Lisa Everett,devin93@example.net,2025-06-29,Monitor,Accessories,4,161,644,PayPal
3414,70,Robert Branch,traceysmith@example.com,2026-01-20,Printer,Accessories,4,1367,5468,PayPal
3415,69,Kelly Waters,nhumphrey@example.org,2026-02-16,Laptop,Accessories,4,363,1452,Cash
3416,66,William Klein,nlittle@example.net,2024-11-08,Smartphone,Accessories,5,1073,5365,PayPal
3417,44,Grace Watson,foxvictoria@example.net,2024-03-11,Webcam,Accessories,2,1001,2002,Credit Card
3418,47,Kevin Morgan,donsullivan@example.org,2025-09-20,Keyboard,Accessories,3,238,714,PayPal
3419,28,John Sherman,kelly10@example.org,2025-07-20,Printer,Accessories,2,673,1346,PayPal
3420,44,Patricia Maynard,stephanie47@example.com,,Camera,Accessories,4,1498,5992,Credit Card
3421,31,Eric Weiss,katherine03@example.com,2024-09-10,Tablet,Accessories,3,867,2601,PayPal
3422,69,Kathleen Harris,cameron58@example.com,2024-09-25,Monitor,Photography,2,1409,2818,PayPal
3423,31,Joann Spencer,mariawallace@example.org,2025-12-25,Webcam,Electronics,1,176,176,Cash
3424,56,Haley Walters,richardbrown@example.com,2024-11-04,Smartphone,Photography,1,1020,1020,PayPal
3425,63,Julian Baker,eric71@example.com,2024-06-25,Mouse,Electronics,5,967,4835,PayPal
3426,27,,pricethomas@example.org,2024-04-04,Monitor,Accessories,4,1163,4652,Credit Card
3427,57,Rachel Carpenter,robinhaas@example.org,,Monitor,Photography,2,338,676,Cash
3428,44,Thomas Ward,alexandertaylor@example.org,2025-06-20,Webcam,Accessories,2,621,1242,Credit Card
3429,61,Thomas Vasquez,jzhang@example.net,2025-03-25,Headphones,Electronics,1,824,824,Cash
3430,27,Jason Jones,bryan10@example.org,2025-11-10,Keyboard,Accessories,4,273,1092,PayPal
3431,69,Tyler Carey,orrjohn@example.org,2024-10-27,Camera,Electronics,3,1140,3420,Cash
3432,70,Robert Garcia,haasrobert@example.net,2025-12-28,Camera,Electronics,2,125,250,PayPal
3433,52,Kelsey Houston DDS,taylorbrandon@example.net,2025-11-17,Monitor,Accessories,3,727,2181,PayPal
3434,56,Kristin King,ljones@example.com,2024-10-16,Speaker,Accessories,2,1429,2858,PayPal
3435,48,Emily Huynh,melissaadams@example.com,2025-09-28,Monitor,Accessories,5,341,1705,Credit Card
3436,57,,hperez@example.net,2025-11-22,Printer,Accessories,2,640,1280,Credit Card
3437,49,Mrs. Sarah Vargas MD,johnathanmedina@example.net,2024-03-24,Speaker,Photography,3,1024,3072,Credit Card
3438,62,Lauren Conner,sara34@example.com,2024-06-21,Laptop,Electronics,3,531,1593,Credit Card
3439,53,Jennifer Moore,singletonsharon@example.net,2025-06-28,Speaker,Photography,1,70,70,PayPal
3440,55,Joshua Moody,derek03@example.com,2024-10-16,Webcam,Accessories,1,373,373,PayPal
3441,68,John Wong PhD,owood@example.org,2025-07-11,Headphones,Accessories,4,603,2412,PayPal
3442,64,Christie Bird,heidischwartz@example.com,2025-12-10,Speaker,Photography,5,1297,6485,PayPal
3443,22,Andrea Turner,timothyhogan@example.com,2025-09-08,Laptop,Accessories,4,748,2992,Credit Card
3444,32,Paula Chandler,michelleconway@example.com,2024-09-29,Printer,Accessories,4,347,1388,Credit Card
3445,62,Amanda Vasquez,guzmancaitlin@example.net,2024-05-13,Headphones,Accessories,5,942,4710,Credit Card
3446,61,Michelle Sawyer,vmathis@example.com,,Printer,Accessories,2,1429,2858,Cash
3447,20,Johnny Gill,ashley51@example.com,2024-04-29,Keyboard,Accessories,2,1442,2884,Cash
3448,31,Jean Walsh,sarahclarke@example.org,2024-05-01,Smartphone,Photography,1,1304,1304,Cash
3449,57,,michelle06@example.net,2025-02-27,Headphones,Photography,3,965,2895,PayPal
3450,56,Miss Megan Sutton,simmonsmichelle@example.org,2024-07-16,Camera,Photography,3,176,528,PayPal
3451,59,Matthew Thomas,shellydavis@example.net,2025-04-03,Webcam,Photography,4,156,624,Credit Card
3452,41,Brianna Tran,jayhernandez@example.com,,Monitor,Electronics,2,1365,2730,Cash
3453,19,Nathan Alvarado,yknight@example.com,2024-04-23,Speaker,Photography,4,152,608,Cash
3454,32,Dalton Cameron,jasonjefferson@example.org,2024-10-09,Camera,Electronics,3,781,2343,PayPal
3455,44,Angela Marshall,hernandezzachary@example.com,2025-02-18,Monitor,Accessories,4,396,1584,Credit Card
3456,32,Scott Ellison,webstersierra@example.org,2025-02-11,Printer,Electronics,4,1180,4720,Credit Card
3457,19,Kim Fowler,michaeledwards@example.org,2024-10-05,Webcam,Accessories,5,515,2575,PayPal
3458,25,Albert Castaneda,kristenpatterson@example.com,2025-03-14,Monitor,Electronics,3,1411,4233,Credit Card
3459,28,William Bates,ramoselizabeth@example.org,2025-01-08,Smartphone,Electronics,3,1306,3918,PayPal
3460,64,Diane Kerr,taylor69@example.net,2024-05-21,Tablet,Electronics,2,1453,2906,PayPal
3461,48,Linda Johnson,alison75@example.net,2025-04-16,Monitor,Electronics,3,1101,3303,PayPal
3462,40,Christopher Day,ericksonmichael@example.com,2025-02-17,Smartphone,Photography,1,1128,1128,PayPal
3463,62,Cody Orozco,jessicagray@example.net,2024-07-25,Headphones,Electronics,5,257,1285,Credit Card
3464,23,Yvonne Anderson,jeanettegarrison@example.com,2025-08-18,Speaker,Accessories,1,82,82,PayPal
3465,45,Diamond Cortez,ryangomez@example.net,2026-01-13,Monitor,Accessories,3,677,2031,Cash
3466,63,Kimberly Ferguson,mccoyrebecca@example.net,2025-06-22,Webcam,Accessories,5,1359,6795,Credit Card
3467,47,Samuel Burns,leedaniel@example.com,2025-12-06,Printer,Accessories,2,1083,2166,PayPal
3468,62,Michael Wiggins,david14@example.org,2025-08-17,Tablet,Photography,5,633,3165,PayPal
3469,52,Monica Ortiz,bryanwolf@example.com,2024-05-16,Mouse,Accessories,5,26,130,PayPal
3470,55,Thomas Pratt,debrarivas@example.com,2026-01-20,Monitor,Accessories,3,1203,3609,PayPal
3471,34,Tyler Soto,calderonpatricia@example.net,2025-03-12,Keyboard,Electronics,4,297,1188,Cash
3472,36,Bruce Turner,rsuarez@example.com,2025-04-13,Monitor,Accessories,1,368,368,PayPal
3473,36,Christine Adams,jeffrey58@example.net,2024-11-20,Laptop,Accessories,4,61,244,PayPal
3474,67,Dylan Sosa,greenamy@example.com,2024-10-01,Keyboard,Photography,4,345,1380,Cash
3475,43,Tanya Barr,rasmussenerica@example.com,2024-12-03,Tablet,Photography,3,1296,3888,PayPal
3476,56,John Bishop,livingstonalexis@example.com,2025-06-15,Mouse,Electronics,2,813,1626,PayPal
3477,31,Jacob Manning,christy45@example.org,2024-07-24,Printer,Photography,4,1150,4600,Credit Card
3478,50,Peter Wagner,heidiburke@example.net,2025-01-13,Headphones,Photography,3,623,1869,PayPal
3479,36,Danielle Hawkins,barbaralopez@example.com,2024-08-26,Printer,Photography,5,835,4175,Cash
3480,21,Julie Martinez,sara55@example.org,2024-06-22,Keyboard,Photography,1,417,417,PayPal
3481,21,Mitchell Wolfe,palmercody@example.net,2024-08-31,Laptop,Photography,2,1408,2816,Credit Card
3482,36,Michael Dean,hunterkevin@example.net,2024-08-04,Laptop,Accessories,2,422,844,Cash
3483,58,Heather Jackson,ielliott@example.com,2026-02-09,Camera,Accessories,4,160,640,Credit Card
3484,55,Albert Jenkins,ureynolds@example.org,2024-05-17,Smartphone,Accessories,1,665,665,Credit Card
3485,31,Nicholas Martinez,hevans@example.net,2024-11-08,Monitor,Accessories,4,218,872,Credit Card
3486,55,Paula Williams,daniel60@example.net,2026-02-10,Headphones,Photography,2,772,1544,Cash
3487,69,Kevin Jackson,andrew93@example.net,2025-10-06,Keyboard,Electronics,2,1276,2552,Credit Card
3488,49,Steven Meyer,jcampbell@example.org,2026-01-25,Webcam,Electronics,,501,0,Cash
3489,47,Roy Day,rodriguezeric@example.net,2025-10-18,Smartphone,Photography,3,1471,4413,Credit Card
3490,35,Megan Richmond,serranokaren@example.org,,Monitor,Accessories,4,723,2892,Credit Card
3491,48,Jeffrey Valencia,robinsonmichael@example.com,2025-01-04,Laptop,Accessories,4,856,3424,Credit Card
3492,33,Rachel Ramirez,erika05@example.com,2024-12-09,Tablet,Electronics,3,691,2073,Cash
3493,62,Noah Williams,igonzales@example.com,2024-02-28,Laptop,Photography,1,194,194,PayPal
3494,65,Amy Hughes,reidjames@example.com,2025-11-14,Webcam,Photography,5,833,4165,PayPal
3495,50,Edward Willis,tracie91@example.com,2024-09-18,Tablet,Accessories,2,709,1418,Cash
3496,37,Bethany Jones,ngomez@example.org,2024-03-03,Camera,Accessories,3,1374,4122,Credit Card
3497,69,Hannah Rodriguez,hamiltonkelly@example.net,2024-05-25,Headphones,Electronics,3,303,909,PayPal
3498,68,Elizabeth May,lopezmolly@example.net,2025-10-07,Speaker,Photography,5,877,4385,Credit Card
3499,20,Jennifer Morse,stephensjason@example.net,2024-12-15,Smartphone,Accessories,4,869,3476,Cash
3500,65,James Taylor,johnsonantonio@example.org,2024-11-28,Webcam,Accessories,2,635,1270,Credit Card
3501,56,Jordan Snyder,carneymary@example.com,2024-03-23,Smartphone,Electronics,3,1072,3216,PayPal
3502,47,Krista Sanchez,rogerstonya@example.net,2025-07-10,Camera,Electronics,1,1481,1481,PayPal
3503,38,,joshuaharris@example.com,2025-04-02,Keyboard,Accessories,5,118,590,Cash
3504,19,Joshua Robinson,mgarrett@example.com,2025-07-22,Camera,Accessories,2,435,870,Credit Card
3505,66,Scott Thompson,kvaughn@example.net,2025-06-27,Printer,Photography,2,876,1752,Cash
3506,23,Randall Wright,craig15@example.com,2026-02-19,Speaker,Accessories,2,250,500,Credit Card
3507,34,Lindsay Torres,rblack@example.com,2024-09-19,Keyboard,Accessories,1,134,134,PayPal
3508,51,Joshua Glover,colleensimpson@example.org,2025-10-01,Smartphone,Electronics,4,380,1520,Cash
3509,42,Philip Williams,edward28@example.net,2025-11-13,Printer,Photography,3,992,2976,Cash
3510,31,James Hernandez,joshua20@example.net,2025-04-03,Monitor,Accessories,5,1143,5715,Credit Card
3511,58,Joseph Hill MD,parkerricky@example.org,2024-06-13,Monitor,Accessories,2,1450,2900,Credit Card
3512,31,Robert Mcintyre,bfigueroa@example.net,2024-06-15,Tablet,Electronics,5,433,2165,PayPal
3513,54,Jeffrey Barnes,nmunoz@example.net,2025-08-30,Mouse,Electronics,2,644,1288,Credit Card
3514,69,Debra Campbell,williamfreeman@example.org,2025-09-20,Camera,Electronics,3,680,2040,Credit Card
3515,45,Patricia Brewer,lewisbrenda@example.org,2025-05-04,Printer,Photography,1,1289,1289,PayPal
3516,28,Albert Logan Jr.,walkertammy@example.net,2025-05-17,Laptop,Electronics,4,378,1512,Cash
3517,31,Keith Johnson,keithberry@example.com,2025-10-17,Monitor,Accessories,2,284,568,Credit Card
3518,63,Alexis Holloway,rollinshoward@example.com,2025-03-01,Speaker,Electronics,5,1385,6925,PayPal
3519,36,Andrew Simmons,carterlori@example.net,2025-01-28,Webcam,Electronics,,1221,0,Cash
3520,39,Ashley Carter,cburgess@example.net,2024-10-28,Monitor,Electronics,3,334,1002,PayPal
3521,61,Kimberly Cole,taylorwilson@example.com,2026-02-03,Monitor,Photography,5,1270,6350,Credit Card
3522,34,Bonnie Sanchez,johngray@example.com,2025-09-14,Printer,Accessories,1,1369,1369,Credit Card
3523,43,Donald Smith,tylerbrown@example.net,2025-03-01,Camera,Photography,5,655,3275,PayPal
3524,48,Diana Bates,roblesjames@example.net,2026-02-24,Tablet,Accessories,1,744,744,PayPal
3525,63,Roy Boyd,gmiller@example.net,2025-10-25,Monitor,Electronics,3,443,1329,PayPal
3526,60,Wendy Ryan,jerrykent@example.org,2025-07-25,Speaker,Photography,4,650,2600,Cash
3527,21,Tyler Stone,balldustin@example.net,,Keyboard,Accessories,1,1309,1309,PayPal
3528,37,Steven Willis,michael21@example.org,2025-01-16,Monitor,Photography,1,1189,1189,PayPal
3529,26,Debbie Leon,denniscastro@example.net,2024-03-27,Keyboard,Electronics,2,868,1736,PayPal
3530,61,Amanda Reyes,stephensbarbara@example.com,2025-03-03,Speaker,Photography,4,720,2880,Cash
3531,28,Billy Ayala,zachary44@example.net,2025-02-07,Headphones,Accessories,5,108,540,Cash
3532,20,Joanna Cole,tamararivera@example.org,2025-09-12,Speaker,Photography,3,60,180,Credit Card
3533,47,Levi Morales,mccalldarrell@example.com,2024-10-16,Smartphone,Accessories,2,461,922,Cash
3534,50,Robert Martinez,michaelcarter@example.org,2025-11-07,Webcam,Electronics,1,1415,1415,PayPal
3535,57,Sabrina Green,emily39@example.net,2024-10-07,Headphones,Photography,5,984,4920,Cash
3536,27,Richard Knox,vbarron@example.org,2024-05-21,Laptop,Photography,2,424,848,Credit Card
3537,37,Jose Shaffer,nsmith@example.net,2025-04-28,Laptop,Accessories,5,694,3470,Credit Card
3538,69,Robert Taylor,pricemary@example.net,2024-03-02,Headphones,Photography,3,1081,3243,PayPal
3539,20,Norma Ford,pbrown@example.org,2024-10-28,Headphones,Photography,1,1203,1203,PayPal
3540,25,Rhonda Smith MD,taylormorton@example.com,2024-05-18,Printer,Photography,4,1184,4736,Credit Card
3541,59,Whitney Johnson,catherine42@example.net,2026-02-17,Laptop,Electronics,4,1263,5052,Credit Card
3542,31,Michael Mitchell,gwendolynjones@example.org,2025-01-15,Webcam,Accessories,3,50,150,PayPal
3543,43,Matthew Johnson,rmoon@example.com,,Printer,Accessories,3,574,1722,Credit Card
3544,39,Robert Hamilton,jmcdonald@example.com,2025-10-08,Printer,Accessories,5,143,715,PayPal
3545,19,Randy Young,heather54@example.net,2025-06-12,Camera,Accessories,3,474,1422,PayPal
3546,19,Benjamin Cummings,christinabanks@example.net,2024-09-16,Monitor,Accessories,,851,0,PayPal
3547,52,Danielle Hays,jamiejacobs@example.net,,Printer,Photography,1,43,43,Credit Card
3548,25,Monica Bennett,sotodiane@example.com,2025-06-08,Monitor,Electronics,1,67,67,Cash
3549,53,Joseph Fowler,bensonnicole@example.net,2024-06-03,Headphones,Electronics,2,1443,2886,PayPal
3550,40,Tammy Johnson,patrick21@example.org,2024-10-11,Smartphone,Accessories,2,1480,2960,Cash
3551,21,,hroberts@example.com,2024-09-06,Mouse,Accessories,3,1388,4164,PayPal
3552,18,Joshua Lee,gaustin@example.org,2024-07-17,Mouse,Accessories,1,1282,1282,Credit Card
3553,25,,jacob60@example.com,2024-10-12,Monitor,Electronics,2,1049,2098,Credit Card
3554,69,Deborah Taylor MD,jeffreygomez@example.net,2024-11-12,Smartphone,Accessories,5,275,1375,Cash
3555,46,Jason Martinez,dustin91@example.org,2025-09-08,Monitor,Photography,,147,0,Cash
3556,43,Teresa Townsend,cgreen@example.org,2026-01-18,Keyboard,Electronics,4,229,916,Cash
3557,32,Marissa Nelson,amandagarza@example.com,2025-01-13,Smartphone,Photography,1,102,102,Credit Card
3558,36,Kristine Hensley,davidtaylor@example.com,2024-06-19,Mouse,Photography,3,96,288,PayPal
3559,31,Laura Schneider,brownmelissa@example.com,2025-01-07,Webcam,Photography,3,632,1896,Credit Card
3560,29,Sarah Roy,jodireid@example.com,2024-04-10,Speaker,Photography,1,848,848,PayPal
3561,29,Nicholas Coleman,tamara67@example.org,2025-11-16,Webcam,Photography,2,737,1474,Cash
3562,32,Bradley Wolfe,adam51@example.com,2025-03-16,Laptop,Electronics,4,711,2844,Credit Card
3563,20,Barry Brown,everettjohnathan@example.com,2024-05-07,Smartphone,Electronics,1,570,570,PayPal
3564,36,Eric Mejia,hansoncharlotte@example.com,2024-03-05,Smartphone,Photography,2,1450,2900,Cash
3565,55,,iclements@example.net,2025-09-18,Headphones,Accessories,2,1012,2024,PayPal
3566,48,Stephen Gomez,heatherspencer@example.org,2024-09-08,Keyboard,Electronics,4,26,104,Credit Card
3567,46,Ryan Scott,matthew65@example.org,2026-02-10,Camera,Accessories,5,114,570,Cash
3568,28,Gabrielle Jackson,samuelgeorge@example.com,2025-06-29,Headphones,Photography,4,966,3864,Cash
3569,36,Chelsea Miller,qsingleton@example.net,2025-12-17,Monitor,Accessories,4,1025,4100,Cash
3570,59,Marc Sanders,rwalton@example.org,,Camera,Photography,4,530,2120,Cash
3571,52,Meagan Zimmerman,simsjose@example.net,2025-12-12,Headphones,Photography,3,383,1149,Credit Card
3572,28,Dennis Reed,briansantana@example.com,2025-08-16,Speaker,Photography,1,1143,1143,Credit Card
3573,45,Tabitha Gilbert,susan27@example.com,2025-02-09,Speaker,Photography,3,1251,3753,PayPal
3574,19,Jenny Lane,smann@example.net,2025-01-01,Tablet,Photography,4,523,2092,PayPal
3575,43,David Lam,joshua52@example.net,2024-03-05,Keyboard,Accessories,5,349,1745,Cash
3576,62,Candice Byrd,chernandez@example.net,,Tablet,Photography,1,368,368,PayPal
3577,20,Natalie Johnson,mhall@example.com,2025-12-02,Webcam,Photography,2,1045,2090,PayPal
3578,38,Emily Lozano,kathleen27@example.net,2024-04-14,Headphones,Electronics,5,961,4805,Credit Card
3579,67,Robin Wood,kathy00@example.net,2024-03-06,Smartphone,Electronics,4,25,100,PayPal
3580,60,Craig Hartman,murphykimberly@example.net,2024-08-02,Speaker,Electronics,4,951,3804,PayPal
3581,41,Elizabeth Brown,colin27@example.org,2024-10-06,Monitor,Accessories,3,1189,3567,Cash
3582,19,Charles Garza,qwest@example.com,2025-11-25,Mouse,Photography,5,103,515,Cash
3583,29,Dr. Timothy Foley,knappchristopher@example.com,2024-09-03,Mouse,Photography,5,77,385,Cash
3584,31,Sarah Trevino,robertgriffin@example.org,2024-05-11,Keyboard,Accessories,5,838,4190,Cash
3585,19,Wayne Rice,pennywilkins@example.net,2025-12-15,Camera,Electronics,2,342,684,Cash
3586,38,,frederickmichelle@example.org,2024-09-15,Camera,Accessories,1,1370,1370,PayPal
3587,58,Ann Huber,twheeler@example.com,2025-01-25,Monitor,Electronics,1,1374,1374,Credit Card
3588,59,Ian Bell,bernard42@example.com,2026-01-16,Speaker,Electronics,4,48,192,Credit Card
3589,69,Melissa Clark,ysaunders@example.org,2025-01-01,Camera,Accessories,5,1327,6635,Credit Card
3590,21,Dr. Kelly Rasmussen DVM,jturner@example.org,2024-10-19,Headphones,Photography,2,705,1410,Cash
3591,66,Jonathan Munoz,iwatson@example.com,2025-06-20,Keyboard,Accessories,4,600,2400,Cash
3592,55,Joseph Gilmore,npaul@example.com,2024-08-02,Mouse,Electronics,5,1326,6630,Cash
3593,48,Tyler Rios,ymarks@example.net,2026-01-25,Keyboard,Electronics,3,1466,4398,Cash
3594,41,James Tucker,morrowlawrence@example.org,2024-12-26,Laptop,Electronics,2,1431,2862,Credit Card
3595,56,Jeremy Zuniga,catherine70@example.com,2025-09-14,Laptop,Accessories,2,770,1540,PayPal
3596,48,James Bowen,egibbs@example.com,,Laptop,Accessories,3,1069,3207,Cash
3597,62,Bryce Ramirez,kathryn85@example.org,,Keyboard,Accessories,1,384,384,Cash
3598,41,Donald Mills,thomas86@example.org,2025-01-06,Keyboard,Electronics,2,795,1590,Credit Card
3599,31,Cathy Rice,amandabrady@example.com,2026-02-26,Headphones,Electronics,1,1492,1492,Credit Card
3600,20,,cbecker@example.net,2025-02-09,Printer,Photography,4,1500,6000,Credit Card
3601,38,Reginald Paul,gatessharon@example.com,,Keyboard,Photography,5,1029,5145,PayPal
3602,49,Michele Pittman,charleshenry@example.org,2024-08-25,Headphones,Electronics,1,1448,1448,Cash
3603,33,,whuffman@example.com,2024-04-05,Mouse,Accessories,5,36,180,Credit Card
3604,57,Kerri Ward,carneykristina@example.net,2024-09-20,Mouse,Accessories,1,114,114,PayPal
3605,22,Richard Hansen,gillcheryl@example.com,2025-04-22,Camera,Electronics,2,1120,2240,Cash
3606,44,Gary Terrell,janetward@example.net,2024-07-23,Mouse,Accessories,5,1344,6720,Cash
3607,37,Eric Fields,wbautista@example.com,2025-06-18,Printer,Photography,3,518,1554,Credit Card
3608,57,Dawn Davis,wmunoz@example.org,2024-10-29,Keyboard,Accessories,5,234,1170,Credit Card
3609,41,Jenny Johnson,ngolden@example.net,2025-09-06,Camera,Accessories,1,207,207,Cash
3610,44,John Richardson,georgefinley@example.org,2025-05-15,Webcam,Photography,3,122,366,Credit Card
3611,61,Matthew Evans,jasonwilliams@example.com,2024-04-02,Laptop,Accessories,2,1228,2456,Cash
3612,42,Cristian Mathews,donald54@example.net,2025-01-30,Speaker,Accessories,2,1295,2590,Cash
3613,50,Erica Keith,flemingjustin@example.net,2024-04-05,Keyboard,Accessories,1,508,508,Credit Card
3614,28,Manuel Murphy,melinda00@example.net,2024-09-04,Keyboard,Electronics,2,215,430,Cash
3615,68,Morgan Jenkins,iyoung@example.org,2026-01-24,Mouse,Photography,5,292,1460,Cash
3616,57,Michael Pham,vanessabrown@example.com,,Mouse,Electronics,3,1108,3324,Cash
3617,66,David Taylor,davidfletcher@example.com,2025-04-09,Webcam,Electronics,4,1187,4748,Cash
3618,52,Wayne Smith,charles81@example.net,2024-08-08,Webcam,Photography,4,933,3732,Credit Card
3619,18,Erik Jones,floreskatherine@example.net,2025-12-22,Mouse,Photography,1,715,715,Credit Card
3620,69,Kaylee Brown,garypalmer@example.com,2025-04-16,Keyboard,Electronics,1,543,543,Cash
3621,21,Benjamin Nguyen,douglasirwin@example.net,2025-03-22,Keyboard,Accessories,1,78,78,PayPal
3622,50,Amber Peters,mullinskristine@example.net,2025-04-05,Keyboard,Accessories,2,275,550,Cash
3623,43,Victoria King,shannonadams@example.com,,Monitor,Accessories,1,592,592,PayPal
3624,38,Nicole Sanchez,nataliesheppard@example.com,2025-10-12,Headphones,Electronics,2,729,1458,Cash
3625,64,Misty Odonnell,john33@example.org,2024-04-07,Laptop,Accessories,3,1033,3099,PayPal
3626,57,Amber Welch,padillapatrick@example.org,2024-11-06,Camera,Photography,2,1392,2784,Credit Card
3627,35,Cassie Barrera,ashleywatson@example.com,2024-04-06,Laptop,Accessories,4,480,1920,PayPal
3628,46,Richard Bradshaw,james16@example.org,2025-03-29,Keyboard,Photography,1,467,467,Cash
3629,61,Charles Maldonado,tfranklin@example.org,2024-09-12,Webcam,Photography,1,319,319,Cash
3630,68,Amy Levy,martinarthur@example.net,2026-02-11,Camera,Accessories,1,1248,1248,Cash
3631,22,David Galloway,christianmedina@example.com,2025-10-10,Headphones,Photography,3,837,2511,Cash
3632,29,Jacqueline Brennan,nancy49@example.com,2025-04-26,Keyboard,Electronics,2,629,1258,Credit Card
3633,35,Denise Parker,gouldtiffany@example.com,2026-01-14,Speaker,Accessories,2,866,1732,Credit Card
3634,50,Tracy Fischer,benjamin40@example.com,2024-12-07,Smartphone,Photography,5,1329,6645,Cash
3635,42,Lauren Jones,heather41@example.com,2025-01-29,Laptop,Electronics,3,531,1593,Credit Card
3636,36,Laura Carson DVM,ashley95@example.com,2026-01-31,Mouse,Photography,5,598,2990,PayPal
3637,23,David Mann,jgriffith@example.net,2024-07-29,Printer,Accessories,4,1130,4520,Cash
3638,68,Leslie Taylor,wbutler@example.com,2026-01-18,Monitor,Accessories,3,99,297,Cash
3639,39,,patrick03@example.org,2025-11-14,Webcam,Accessories,1,1120,1120,Cash
3640,62,Crystal Ryan,watsonjason@example.org,,Monitor,Photography,4,1159,4636,Credit Card
3641,46,Kara Becker,benjamincohen@example.org,2024-06-30,Monitor,Accessories,5,762,3810,Cash
3642,20,Deanna Murray,ddickson@example.com,2025-08-28,Keyboard,Photography,5,346,1730,Credit Card
3643,47,Desiree Allen,reyesmelissa@example.net,2026-01-12,Webcam,Accessories,4,833,3332,Cash
3644,56,Jeffery Robinson,annette59@example.org,2025-05-06,Tablet,Accessories,3,743,2229,PayPal
3645,38,Shannon Blair,kayleemorgan@example.org,2024-09-14,Headphones,Accessories,1,883,883,PayPal
3646,22,,davismark@example.com,2026-02-06,Camera,Electronics,5,385,1925,PayPal
3647,59,Maureen Lane,bishopshane@example.com,2024-07-30,Camera,Electronics,,569,0,Cash
3648,65,Peter Marks,jasonmartin@example.net,2024-05-22,Camera,Photography,1,960,960,PayPal
3649,58,James Duffy,lindawalters@example.net,2026-01-13,Keyboard,Electronics,2,737,1474,Credit Card
3650,47,,rossconnie@example.com,2025-01-07,Monitor,Accessories,1,319,319,PayPal
3651,47,Jesus Jacobs,james00@example.net,2025-03-09,Monitor,Accessories,,1270,0,Cash
3652,34,Daniel Parker,gabrielrivera@example.net,,Laptop,Photography,5,1298,6490,Credit Card
3653,48,Gary Ramirez,kenneth34@example.net,2024-08-29,Laptop,Electronics,2,783,1566,PayPal
3654,67,Bruce Harris,josephlawrence@example.net,2024-10-09,Mouse,Electronics,3,1295,3885,Credit Card
3655,35,Rebecca Murray,keiththompson@example.com,,Camera,Photography,4,282,1128,PayPal
3656,69,Savannah Mckee,hmartin@example.net,2025-03-14,Keyboard,Electronics,4,228,912,Credit Card
3657,44,Matthew Mcdonald,xmarsh@example.org,2025-09-23,Monitor,Photography,1,1324,1324,Credit Card
3658,58,Brenda Henson,davidhoward@example.com,2024-06-21,Speaker,Electronics,3,963,2889,Credit Card
3659,66,Vincent Chambers,christopher58@example.org,2026-02-25,Camera,Photography,4,1182,4728,Credit Card
3660,22,Tiffany Bryant,carrollkevin@example.net,2025-05-16,Webcam,Accessories,3,79,237,PayPal
3661,28,Erica Reed,christopher35@example.org,2024-10-09,Keyboard,Electronics,4,548,2192,Cash
3662,63,Emily Rhodes,cassandra83@example.com,2025-07-28,Tablet,Photography,5,793,3965,Credit Card
3663,36,William King,lrichardson@example.net,,Laptop,Accessories,5,1352,6760,PayPal
3664,26,Kevin Jones,justin50@example.org,2024-06-23,Smartphone,Accessories,5,1069,5345,PayPal
3665,62,Heather Miller,pamela52@example.com,2024-06-18,Camera,Electronics,2,367,734,Cash
3666,58,Ashley Adams,smithryan@example.org,2024-10-18,Tablet,Electronics,3,137,411,Cash
3667,60,Patricia Hart,bthomas@example.com,2026-02-20,Mouse,Photography,5,827,4135,PayPal
3668,62,Jacqueline Smith,pjohnson@example.com,2025-03-14,Smartphone,Photography,4,320,1280,Cash
3669,37,David Sanders,claudiajuarez@example.net,2024-03-24,Tablet,Photography,3,273,819,Cash
3670,32,Mr. John Sims,hollandmichelle@example.com,2024-12-23,Laptop,Accessories,5,1251,6255,Credit Card
3671,60,Cheryl Mason,taylorcynthia@example.org,2025-05-27,Tablet,Photography,5,1381,6905,PayPal
3672,18,Jaime Holloway,williamslisa@example.com,2025-04-22,Keyboard,Accessories,5,1498,7490,PayPal
3673,61,Richard Young,wmartin@example.com,2025-11-03,Monitor,Electronics,4,147,588,Cash
3674,57,,davidrice@example.net,2024-04-18,Headphones,Photography,4,368,1472,PayPal
3675,43,Bryan Snow MD,marshnicholas@example.net,2025-05-30,Laptop,Electronics,3,872,2616,Credit Card
3676,21,Kevin Newman,wnelson@example.net,2025-01-24,Headphones,Photography,4,964,3856,PayPal
3677,35,Leslie Sandoval,rserrano@example.org,2025-09-02,Camera,Electronics,5,587,2935,Cash
3678,65,Joshua Boyd,maryjohnson@example.net,2024-05-14,Camera,Photography,4,1455,5820,PayPal
3679,42,Trevor Diaz,maureenglass@example.org,2025-03-26,Tablet,Photography,2,1415,2830,Cash
3680,38,Tina Bailey,ricardomeyer@example.com,2025-01-23,Camera,Photography,2,490,980,PayPal
3681,34,Steven Rojas,hardyemily@example.com,2025-05-08,Smartphone,Accessories,1,973,973,Credit Card
3682,19,,scottmichelle@example.net,2025-09-14,Mouse,Photography,4,632,2528,Cash
3683,23,Angel Parker,michaelbennett@example.com,2025-07-23,Smartphone,Electronics,2,239,478,Credit Card
3684,36,Melissa Brown,carterbrandy@example.com,2024-05-22,Laptop,Electronics,2,1192,2384,PayPal
3685,27,Michael Gibson,cgutierrez@example.net,2025-08-16,Laptop,Electronics,5,1172,5860,PayPal
3686,48,Shirley Meyers,aaron43@example.org,2024-08-26,Camera,Electronics,4,336,1344,Cash
3687,50,Alexandra Mcguire,thompsonmary@example.net,2025-09-26,Smartphone,Photography,5,508,2540,Credit Card
3688,54,Eric Rodriguez,zbennett@example.com,2025-06-05,Headphones,Electronics,4,1316,5264,Credit Card
3689,55,Sara Robertson,ibridges@example.net,2025-09-12,Camera,Accessories,5,49,245,Credit Card
3690,66,Kelly Brown,portersarah@example.net,,Monitor,Photography,1,98,98,PayPal
3691,56,Jeffrey Reid,ebutler@example.com,2024-05-17,Mouse,Accessories,4,547,2188,PayPal
3692,53,Karen Martin,emily40@example.com,,Printer,Accessories,3,1008,3024,Credit Card
3693,41,Anthony Meyer,hayescraig@example.org,2026-02-21,Mouse,Accessories,5,545,2725,PayPal
3694,39,Christopher Odonnell,joshua63@example.org,2025-07-29,Laptop,Electronics,5,694,3470,Credit Card
3695,22,Crystal Jackson,rodriguezjoseph@example.net,2025-12-09,Speaker,Electronics,1,368,368,PayPal
3696,39,James Harris,benjamingomez@example.com,2025-02-09,Speaker,Accessories,4,656,2624,PayPal
3697,20,Douglas Turner,escott@example.org,2024-08-09,Camera,Electronics,5,1331,6655,Cash
3698,59,Melissa Reyes,hkeith@example.com,2024-03-03,Mouse,Electronics,1,332,332,Cash
3699,28,John Mathis,georgetyler@example.com,,Monitor,Accessories,5,471,2355,Cash
3700,39,Sarah Ruiz,cummingsjanice@example.com,,Tablet,Photography,2,817,1634,PayPal
3701,26,Warren Anderson,hholmes@example.net,2025-02-06,Camera,Accessories,1,1319,1319,Cash
3702,68,Jessica Ortega,boonedavid@example.net,2024-10-14,Headphones,Electronics,3,668,2004,PayPal
3703,21,Craig Salazar,gabrielle69@example.org,2024-10-15,Speaker,Electronics,4,1184,4736,PayPal
3704,19,Ashley Lucero,vhuang@example.org,2024-06-01,Printer,Accessories,4,594,2376,Cash
3705,62,,glenn29@example.net,2025-12-11,Monitor,Electronics,1,748,748,Cash
3706,19,Christina Cole,xgutierrez@example.com,2024-12-08,Laptop,Electronics,2,1215,2430,Credit Card
3707,65,Paul Berry,catherinesullivan@example.net,2025-12-08,Speaker,Photography,3,647,1941,PayPal
3708,38,Mary Ellis,epotts@example.net,2025-08-07,Headphones,Photography,4,1243,4972,Credit Card
3709,25,,danielle67@example.com,2025-07-09,Mouse,Photography,,1050,0,Credit Card
3710,65,Kenneth Richardson,jasmine85@example.org,,Camera,Electronics,1,201,201,Credit Card
3711,70,Robert Brooks,florespeter@example.org,2025-09-03,Laptop,Photography,2,715,1430,PayPal
3712,55,Luke Kennedy,uedwards@example.org,2025-08-17,Headphones,Accessories,3,811,2433,PayPal
3713,42,Mrs. April Roman,elizabeth03@example.org,2024-03-11,Monitor,Photography,3,1410,4230,Credit Card
3714,34,Courtney Hernandez,victoria81@example.org,2024-08-17,Camera,Accessories,1,709,709,PayPal
3715,31,Ryan Dickson,allison09@example.org,2024-05-17,Printer,Accessories,4,1291,5164,Cash
3716,46,James Johnson,nancyhart@example.org,2025-06-19,Smartphone,Accessories,1,375,375,PayPal
3717,47,Frances Mendoza,khart@example.com,2025-11-15,Printer,Accessories,5,665,3325,Cash
3718,46,Kathleen Lopez,david34@example.org,2025-10-23,Laptop,Photography,5,683,3415,PayPal
3719,21,Gerald Hudson,jamesweaver@example.net,2025-03-23,Headphones,Photography,5,1166,5830,Credit Card
3720,62,Benjamin Wilson,shelbybrown@example.org,2025-12-19,Mouse,Electronics,2,1376,2752,PayPal
3721,53,Pamela Luna,tracyrobinson@example.com,2025-08-24,Camera,Electronics,3,1430,4290,PayPal
3722,31,Megan Torres,cindyibarra@example.net,2026-01-16,Tablet,Accessories,2,1458,2916,Credit Card
3723,46,Jessica Brown,dominiquepruitt@example.net,2025-08-08,Smartphone,Electronics,3,1122,3366,PayPal
3724,48,Emily Weeks,heather59@example.com,2024-07-09,Camera,Photography,2,1294,2588,Cash
3725,42,Colleen Johnson,acastillo@example.org,2024-07-07,Monitor,Accessories,4,610,2440,Cash
3726,24,Paul Mills,vlang@example.com,2024-03-01,Printer,Photography,1,560,560,PayPal
3727,35,Darryl Norris,loriyu@example.org,2025-06-23,Headphones,Photography,3,671,2013,Credit Card
3728,63,Kathleen Carroll,hammondlinda@example.net,2024-04-22,Speaker,Photography,1,1320,1320,Credit Card
3729,43,,christopher86@example.com,2025-01-18,Mouse,Accessories,4,288,1152,Credit Card
3730,21,Ariel Gutierrez,shannonherrera@example.com,,Headphones,Photography,1,1317,1317,Cash
3731,48,Julie Fletcher,joshuamiller@example.net,2025-11-07,Smartphone,Electronics,2,1187,2374,PayPal
3732,23,,martinpriscilla@example.org,2025-06-28,Camera,Electronics,5,1400,7000,Cash
3733,32,Stacey Scott,brooke69@example.org,2025-02-01,Smartphone,Photography,4,215,860,Credit Card
3734,39,Stacy Larson DVM,henryaaron@example.com,2024-07-22,Printer,Accessories,1,46,46,PayPal
3735,51,Mr. Troy Berry,zmills@example.net,2026-02-07,Speaker,Photography,3,445,1335,Credit Card
3736,70,Frances Dunn,ashley07@example.com,2025-10-14,Tablet,Photography,4,984,3936,Credit Card
3737,28,Carl Mcclain,spencerriggs@example.com,2025-12-11,Speaker,Accessories,1,366,366,PayPal
3738,52,Jeanne Scott,daniel55@example.net,2024-06-21,Speaker,Electronics,4,208,832,Credit Card
3739,32,Beth Bond,paigerobinson@example.com,,Webcam,Accessories,5,446,2230,Cash
3740,28,,blackdillon@example.org,2024-10-29,Keyboard,Photography,1,863,863,Cash
3741,20,Benjamin Spencer,troberts@example.net,2025-01-24,Monitor,Photography,2,571,1142,PayPal
3742,64,Jennifer Jones,kleinamber@example.org,2024-04-28,Mouse,Photography,1,747,747,PayPal
3743,29,Daniel Garza,christiangarcia@example.org,2024-03-21,Laptop,Electronics,4,767,3068,PayPal
3744,50,Todd Kelley,chelsea52@example.org,2024-07-28,Camera,Photography,3,53,159,Cash
3745,63,Austin Woodard,gallegoselizabeth@example.net,,Keyboard,Accessories,5,858,4290,Credit Card
3746,62,Crystal Marsh,jennifermckee@example.org,2025-03-26,Printer,Photography,4,823,3292,PayPal
3747,38,Christopher Burke,tara54@example.org,2025-12-29,Smartphone,Accessories,1,646,646,PayPal
3748,50,Monica Elliott,hallashlee@example.net,2024-09-23,Printer,Electronics,2,495,990,Cash
3749,47,Hannah Trevino,jennifer07@example.com,2026-01-21,Speaker,Accessories,4,907,3628,Credit Card
3750,30,Samantha Wagner,qwhite@example.net,2025-03-10,Monitor,Accessories,5,561,2805,Cash
3751,62,Steven Bonilla,collinswilliam@example.com,2025-11-09,Printer,Electronics,2,1286,2572,PayPal
3752,28,Melissa Duran,raymond75@example.net,2026-01-08,Monitor,Accessories,5,357,1785,Cash
3753,55,Donna King,lyonssonya@example.org,2025-02-14,Smartphone,Electronics,4,322,1288,Cash
3754,70,Alyssa Morales,jacobsimpson@example.net,2026-02-10,Tablet,Electronics,1,313,313,Credit Card
3755,29,Brittany Duncan,michaelpatricia@example.com,2025-03-29,Smartphone,Accessories,4,348,1392,PayPal
3756,43,Stephanie Parker,jcraig@example.net,2025-08-20,Printer,Electronics,1,862,862,Cash
3757,61,,jennifershields@example.net,2025-10-09,Camera,Photography,3,599,1797,Credit Card
3758,19,Ryan Gray,baileycurtis@example.com,2024-03-14,Webcam,Accessories,,655,0,PayPal
3759,53,Cindy Hawkins,brian14@example.net,2024-12-15,Printer,Electronics,2,405,810,PayPal
3760,55,Jennifer Robinson,jacqueline97@example.com,2025-05-24,Monitor,Photography,2,1274,2548,Cash
3761,18,Lindsey Hart,alexander79@example.org,2025-12-07,Camera,Electronics,4,1147,4588,PayPal
3762,66,Crystal Vincent,kenneth37@example.org,2024-11-03,Printer,Accessories,4,1350,5400,Credit Card
3763,18,Travis Barr,gibbssylvia@example.org,,Speaker,Electronics,2,631,1262,PayPal
3764,56,Shannon Fritz,ryanmcgrath@example.net,2024-12-07,Smartphone,Electronics,1,1048,1048,PayPal
3765,58,Steven Carlson,orobertson@example.net,2026-02-13,Camera,Electronics,4,1417,5668,PayPal
3766,65,Sean Mccoy,tara46@example.net,2024-11-29,Webcam,Electronics,4,993,3972,PayPal
3767,51,Stephanie Moreno,baileypatricia@example.org,2026-02-27,Printer,Photography,4,1242,4968,PayPal
3768,52,Jason Parker,joseph42@example.net,2024-04-25,Speaker,Photography,5,500,2500,PayPal
3769,47,Zachary Snyder,ericbrennan@example.com,2024-07-28,Monitor,Photography,2,1109,2218,Cash
3770,50,Edward Simmons,wesleygordon@example.com,2025-11-26,Webcam,Photography,5,806,4030,Credit Card
3771,28,Patrick Barrett,herbert32@example.com,2024-08-04,Tablet,Electronics,3,694,2082,Cash
3772,49,Cheryl Williams MD,amy56@example.net,2025-10-27,Tablet,Accessories,5,144,720,Credit Card
3773,51,Lorraine Smith,longcaleb@example.org,2026-01-01,Smartphone,Photography,1,1026,1026,PayPal
3774,42,Raymond Hunt,benjaminglass@example.org,2024-05-31,Camera,Electronics,5,522,2610,Cash
3775,48,William Farrell,clinepeter@example.net,2025-03-20,Camera,Accessories,3,571,1713,Credit Card
3776,57,Crystal Morgan,jthornton@example.com,2025-10-28,Headphones,Electronics,3,1143,3429,PayPal
3777,24,Richard Cole,sdouglas@example.net,2024-05-26,Smartphone,Electronics,,307,0,Cash
3778,44,Angela Dean,osutton@example.net,,Webcam,Accessories,1,680,680,PayPal
3779,21,Rodney Jones,jamessullivan@example.net,2025-09-24,Tablet,Electronics,4,1197,4788,Credit Card
3780,62,,brownkristi@example.com,,Keyboard,Accessories,3,1207,3621,Credit Card
3781,33,Caleb Graham,houstondestiny@example.org,2026-01-01,Tablet,Photography,5,1184,5920,Credit Card
3782,44,Candace Ramos,vthompson@example.org,2026-02-12,Tablet,Photography,3,1474,4422,Cash
3783,60,Jonathan Haynes,ambercole@example.org,2025-01-23,Speaker,Accessories,5,1223,6115,Credit Card
3784,30,Daniel Clark,zwalters@example.net,2025-06-21,Laptop,Electronics,3,1152,3456,Credit Card
3785,69,Joshua Lawrence,nclark@example.com,2025-10-12,Mouse,Photography,5,901,4505,PayPal
3786,47,,mortonjonathan@example.org,2025-05-11,Laptop,Accessories,2,751,1502,Cash
3787,47,Kelly Tran,dlong@example.org,2026-02-25,Tablet,Photography,4,992,3968,Credit Card
3788,43,Michael Rocha,wesleymunoz@example.net,2024-10-13,Headphones,Electronics,5,1180,5900,Cash
3789,52,Rebecca Morales,alexis73@example.net,2024-08-05,Tablet,Electronics,5,762,3810,Cash
3790,37,Christopher Martinez,davisjulia@example.com,2024-11-18,Tablet,Accessories,2,35,70,PayPal
3791,39,Stephanie Fleming,kathy48@example.org,2024-03-18,Keyboard,Photography,5,1438,7190,Credit Card
3792,64,Robert Griffin,huertalaura@example.org,2025-03-29,Printer,Photography,4,979,3916,PayPal
3793,29,Benjamin Grant,foxteresa@example.net,2024-09-26,Printer,Accessories,3,846,2538,PayPal
3794,43,Bridget Juarez,heatherarnold@example.net,2024-12-26,Headphones,Accessories,2,58,116,Credit Card
3795,50,Roberto Robertson,jermaine96@example.com,2025-03-06,Printer,Photography,1,452,452,PayPal
3796,64,Heather Mitchell,pwilliams@example.org,2024-12-28,Camera,Accessories,,951,0,Credit Card
3797,23,Austin Wilson,wilsondavid@example.com,2025-08-26,Mouse,Accessories,3,108,324,Cash
3798,67,Christine Chavez,schmidtcindy@example.net,,Mouse,Electronics,4,328,1312,Credit Card
3799,67,Kyle Young,jonesvicki@example.net,2025-09-16,Speaker,Electronics,4,823,3292,Cash
3800,65,Jack Walker,walterkelsey@example.net,2024-03-24,Keyboard,Photography,5,412,2060,Cash
3801,37,Samantha Schultz,julie94@example.com,2024-03-19,Printer,Accessories,3,1241,3723,PayPal
3802,22,Chelsea Lopez,douglasdonald@example.org,2025-12-16,Speaker,Photography,5,1121,5605,PayPal
3803,22,Daniel Elliott,davisashley@example.net,,Keyboard,Accessories,1,1373,1373,Cash
3804,66,Lawrence Brown,jamestimothy@example.com,2024-05-20,Speaker,Photography,4,245,980,Credit Card
3805,64,Robert Le,janetryan@example.org,2025-08-14,Smartphone,Accessories,2,178,356,Credit Card
3806,45,Victoria Atkinson DVM,kgraham@example.net,2024-10-23,Headphones,Photography,5,1410,7050,Cash
3807,20,Dylan Mata,ryanoconnor@example.net,2025-04-04,Smartphone,Photography,5,1297,6485,PayPal
3808,52,April Ward,poncejo@example.org,2024-05-17,Speaker,Photography,5,1031,5155,PayPal
3809,34,Katherine Guerrero,gregorykristin@example.com,2024-03-10,Tablet,Photography,1,1287,1287,Credit Card
3810,26,,brittany56@example.com,2024-06-04,Webcam,Electronics,1,986,986,PayPal
3811,67,Kevin King,bbanks@example.org,2024-11-15,Laptop,Accessories,3,1078,3234,Cash
3812,40,Karen Turner,johnsonjason@example.net,2026-01-18,Speaker,Photography,1,329,329,PayPal
3813,49,Albert Rodriguez,vjohnson@example.net,2025-10-12,Keyboard,Photography,5,1238,6190,PayPal
3814,63,Dale Barnes,sedwards@example.com,2025-09-20,Webcam,Accessories,5,404,2020,Credit Card
3815,34,Debra Lawrence,seth31@example.com,2024-08-09,Monitor,Accessories,5,1052,5260,Credit Card
3816,62,Kimberly Cook,ruth30@example.org,,Laptop,Accessories,4,429,1716,Cash
3817,46,Kim Harris,mcconnellstacey@example.org,2025-09-10,Monitor,Accessories,4,167,668,Cash
3818,46,John Rodriguez,elizabeth39@example.net,,Webcam,Accessories,2,696,1392,Cash
3819,28,David Crawford,wanda87@example.com,2024-09-21,Laptop,Electronics,3,1246,3738,Credit Card
3820,19,Andrew Hicks,cynthiaklein@example.org,2024-12-19,Tablet,Electronics,1,947,947,PayPal
3821,30,Michelle Proctor,jeffreymurphy@example.org,2024-08-01,Webcam,Accessories,1,714,714,PayPal
3822,59,,claytraci@example.org,,Smartphone,Photography,1,441,441,PayPal
3823,46,Joshua Morrison,sawyercameron@example.org,2025-05-28,Keyboard,Electronics,2,871,1742,Cash
3824,63,Tanya Montgomery,kelly42@example.org,2025-07-11,Smartphone,Electronics,1,1012,1012,PayPal
3825,39,Mary Moore,davidhowell@example.org,2026-02-10,Webcam,Electronics,5,1494,7470,Cash
3826,45,Geoffrey Turner,jim30@example.com,2025-07-19,Mouse,Accessories,4,1249,4996,PayPal
3827,67,Aaron Cain,uthomas@example.net,2026-01-14,Monitor,Accessories,4,1287,5148,Cash
3828,56,John Campbell,marshallthomas@example.net,2026-02-12,Headphones,Accessories,4,963,3852,Cash
3829,29,,taylor07@example.org,2025-05-23,Mouse,Electronics,3,1122,3366,PayPal
3830,42,Jennifer Bryant,hvalentine@example.net,2025-12-13,Monitor,Accessories,2,801,1602,Credit Card
3831,64,Amanda Coleman,grace89@example.org,2025-02-26,Printer,Photography,2,46,92,PayPal
3832,70,Debra Parker,jamesbarrett@example.net,2024-06-14,Webcam,Electronics,2,191,382,Credit Card
3833,56,,anthony34@example.net,2024-03-31,Camera,Electronics,2,1140,2280,PayPal
3834,57,Jason Morris,meghanallen@example.com,2026-01-23,Speaker,Accessories,2,1245,2490,Credit Card
3835,41,James Harper,umurray@example.com,2025-12-15,Printer,Electronics,3,1234,3702,Cash
3836,28,Amy Smith,kathleen48@example.com,,Headphones,Photography,3,751,2253,PayPal
3837,31,Stephen Lopez,jeremiah40@example.net,2024-12-07,Printer,Accessories,5,1230,6150,Cash
3838,63,Daniel Kim,lyonsscott@example.net,2025-06-10,Printer,Electronics,2,773,1546,PayPal
3839,27,Justin Graham,ilawson@example.com,2025-06-22,Speaker,Photography,5,555,2775,Credit Card
3840,53,Melanie Moore,crosbyanthony@example.org,2025-04-26,Monitor,Photography,3,1459,4377,Cash
3841,70,Randy Harmon,fostercassandra@example.net,2025-09-29,Webcam,Electronics,,994,0,PayPal
3842,47,Christine Reyes,bpeters@example.com,2024-07-19,Monitor,Photography,2,1414,2828,Credit Card
3843,33,,larryjohnson@example.net,2025-01-03,Smartphone,Accessories,2,175,350,Cash
3844,48,Paul Hale,alester@example.net,2024-11-08,Tablet,Electronics,3,1072,3216,PayPal
3845,59,Christopher Hurley,crystalparker@example.org,2024-07-05,Smartphone,Accessories,5,156,780,PayPal
3846,66,Kristen Williams,dawn69@example.net,2024-03-22,Webcam,Accessories,5,1193,5965,Credit Card
3847,59,William Ruiz,anna70@example.com,2025-01-27,Camera,Electronics,1,78,78,Credit Card
3848,39,Michelle Ware,hardingkari@example.com,2024-08-27,Headphones,Electronics,3,326,978,Cash
3849,55,Crystal Lambert,ikelly@example.com,2024-11-03,Mouse,Electronics,2,460,920,Cash
3850,47,Michelle Sims,ipowell@example.net,2025-04-05,Speaker,Photography,5,38,190,PayPal
3851,66,,nicholsgregory@example.net,2024-08-26,Speaker,Electronics,5,134,670,PayPal
3852,52,Sarah Jacobs,angela26@example.net,2024-02-29,Speaker,Photography,5,976,4880,Cash
3853,52,John Riley MD,angela02@example.net,2025-05-29,Tablet,Electronics,,1117,0,Credit Card
3854,48,,sean81@example.net,2025-01-14,Tablet,Electronics,2,402,804,PayPal
3855,45,,haley69@example.com,2024-12-09,Printer,Photography,4,590,2360,PayPal
3856,20,Diana Kim,petersoncrystal@example.net,2026-01-09,Printer,Electronics,4,727,2908,PayPal
3857,59,Rebecca Sexton,alexanderrowe@example.net,2025-11-02,Laptop,Electronics,3,1050,3150,Credit Card
3858,52,Bonnie Poole,lfoster@example.com,2025-07-30,Monitor,Photography,2,1489,2978,PayPal
3859,22,Lee Peters,cwilliams@example.com,2025-10-16,Webcam,Electronics,5,829,4145,Credit Card
3860,18,Valerie Ferguson,michael67@example.org,2025-08-19,Keyboard,Electronics,5,609,3045,PayPal
3861,52,Melissa Peters,erikgriffith@example.com,2024-08-21,Monitor,Electronics,5,531,2655,Credit Card
3862,64,Monica West,luis04@example.net,2024-12-26,Printer,Electronics,2,172,344,Credit Card
3863,47,David Peters,davidcastro@example.net,2024-12-26,Printer,Electronics,2,321,642,Credit Card
3864,51,Jesse Williams,tgutierrez@example.org,2025-08-15,Webcam,Photography,5,603,3015,PayPal
3865,44,Deborah Mccann,villanuevapaul@example.com,2025-08-17,Camera,Photography,2,690,1380,PayPal
3866,49,Latasha Rogers,terryallison@example.net,2024-03-10,Speaker,Accessories,3,806,2418,Cash
3867,64,Danielle Johnson,bolson@example.net,2025-10-11,Speaker,Photography,1,534,534,Cash
3868,42,Jesse Nolan,christian04@example.com,2024-06-27,Headphones,Electronics,4,624,2496,PayPal
3869,46,Brian Mcdonald,mary58@example.net,,Headphones,Electronics,3,1338,4014,Credit Card
3870,36,Jason Reynolds,david85@example.org,2024-10-05,Printer,Electronics,3,154,462,Credit Card
3871,57,Amy Jackson,gkelley@example.org,2025-05-31,Laptop,Photography,2,185,370,Cash
3872,50,Megan Snyder,vanessapeters@example.net,2025-12-16,Keyboard,Accessories,2,1022,2044,Credit Card
3873,34,Stephanie Thompson,taylor43@example.org,2024-05-13,Headphones,Accessories,5,1453,7265,Cash
3874,56,Hannah Jones,iking@example.com,2025-06-10,Laptop,Photography,3,829,2487,PayPal
3875,43,Brian Wilson,bward@example.net,2024-05-07,Tablet,Electronics,2,251,502,Cash
3876,64,Scott Cook,dianaharrell@example.com,,Webcam,Electronics,1,774,774,Cash
3877,51,Elizabeth Jackson,qsmith@example.com,2025-11-17,Speaker,Accessories,,1097,0,Credit Card
3878,31,Marcus Lopez,ewilliams@example.org,2025-12-30,Mouse,Electronics,3,766,2298,PayPal
3879,33,Lisa Diaz,jennaochoa@example.net,2024-06-05,Monitor,Electronics,4,740,2960,PayPal
3880,24,Katherine Cline,galvancrystal@example.net,2026-02-16,Speaker,Electronics,4,1188,4752,Cash
3881,32,Howard Cruz,markroberts@example.com,2025-04-17,Printer,Electronics,1,1264,1264,PayPal
3882,50,Denise Newman,lawsonkristy@example.com,2025-04-18,Monitor,Photography,5,1402,7010,Credit Card
3883,41,Gavin Adkins,simmonsmichelle@example.com,2024-06-15,Monitor,Photography,1,1244,1244,Credit Card
3884,27,Jennifer Powers,orozcokellie@example.net,,Keyboard,Electronics,4,254,1016,PayPal
3885,66,Michelle Sanchez,amiller@example.com,2025-05-13,Tablet,Accessories,4,143,572,Cash
3886,59,Erica Ruiz,mirandaeric@example.com,2025-04-04,Laptop,Electronics,3,554,1662,Cash
3887,48,Robert Sanchez,qphillips@example.com,2025-05-11,Webcam,Electronics,5,1366,6830,PayPal
3888,33,Nicole Knight,angeladixon@example.net,2024-10-22,Speaker,Photography,2,139,278,Cash
3889,59,Erin Griffin,qkelley@example.org,2024-12-02,Smartphone,Accessories,1,549,549,PayPal
3890,48,Susan Olson,jennifer23@example.org,2025-07-11,Webcam,Photography,1,705,705,PayPal
3891,70,Jason Moss,brownchristopher@example.net,2025-04-05,Printer,Accessories,4,370,1480,Credit Card
3892,19,Megan Brown,karenwilliams@example.net,2024-10-22,Webcam,Electronics,1,779,779,Cash
3893,25,Jordan Patel,xhernandez@example.com,,Webcam,Photography,2,1416,2832,Credit Card
3894,37,Christopher Mitchell,johnskinner@example.com,2025-04-12,Laptop,Accessories,3,663,1989,Cash
3895,68,Louis Murray,ryanmelinda@example.com,2024-09-11,Webcam,Accessories,1,636,636,PayPal
3896,58,Joshua Park,igarza@example.com,2026-01-06,Mouse,Accessories,4,149,596,Credit Card
3897,52,Brittney Watson,emilyyoung@example.org,2024-03-31,Smartphone,Photography,1,1039,1039,PayPal
3898,21,Nicholas Rodriguez,janet15@example.com,2025-07-19,Camera,Accessories,4,171,684,PayPal
3899,34,Christopher Peters,jill03@example.org,2024-04-06,Headphones,Photography,1,1314,1314,Credit Card
3900,48,,tspencer@example.org,2024-12-14,Laptop,Electronics,2,871,1742,Credit Card
3901,57,George Williamson,stewartstacey@example.net,2025-02-13,Printer,Photography,3,1001,3003,Cash
3902,39,Eileen Garrett,meredithbeard@example.com,2024-07-24,Tablet,Electronics,5,341,1705,Credit Card
3903,70,Margaret White,kelly15@example.com,2025-03-31,Speaker,Photography,5,652,3260,Credit Card
3904,28,Ryan Morales,williamsmatthew@example.org,2025-05-30,Keyboard,Accessories,5,673,3365,Credit Card
3905,28,Catherine Richardson,moramolly@example.com,2026-02-23,Webcam,Accessories,2,1389,2778,PayPal
3906,59,Cristian Moyer,hopkinsamanda@example.org,2024-06-19,Webcam,Photography,2,1242,2484,Credit Card
3907,39,Tammy Galloway,stephanie70@example.net,,Headphones,Photography,5,478,2390,Credit Card
3908,60,Christopher Foster,anthonysalinas@example.org,2025-02-05,Monitor,Photography,1,1384,1384,Cash
3909,50,John Adams,jasmineevans@example.org,2025-07-02,Webcam,Photography,,1458,0,Credit Card
3910,64,Alexandra Wallace,vickiejoyce@example.net,2024-06-22,Headphones,Accessories,2,1113,2226,PayPal
3911,47,Janice Murray,dakotamayer@example.org,2025-08-14,Mouse,Electronics,3,1346,4038,PayPal
3912,36,Chelsea Smith,christinewilkinson@example.com,2025-09-05,Keyboard,Electronics,5,474,2370,PayPal
3913,22,Jimmy Brock,mariawhite@example.org,2024-06-15,Webcam,Electronics,1,1277,1277,Credit Card
3914,57,Albert Jensen,catherinejensen@example.com,2025-11-30,Keyboard,Photography,4,803,3212,Credit Card
3915,67,Bryan Kelly,jennifermack@example.com,2025-10-06,Monitor,Photography,1,764,764,PayPal
3916,58,Amanda Gray,cody79@example.org,2025-06-04,Mouse,Photography,4,373,1492,Cash
3917,57,Andrew Paul,denise82@example.net,,Laptop,Electronics,1,310,310,PayPal
3918,42,Kevin Graham,williampeck@example.org,2025-01-16,Tablet,Electronics,1,633,633,PayPal
3919,59,Adam Baker,carol10@example.org,2025-07-11,Monitor,Accessories,5,228,1140,Cash
3920,39,Elizabeth Diaz,ashley87@example.com,2024-04-14,Keyboard,Electronics,4,1324,5296,Credit Card
3921,55,Travis Miller,xvargas@example.com,,Tablet,Electronics,1,39,39,Cash
3922,28,Tyrone Nielsen,normanteresa@example.net,2024-06-13,Speaker,Accessories,4,746,2984,Credit Card
3923,55,Benjamin Myers,tracy38@example.net,2024-10-10,Keyboard,Accessories,2,820,1640,Cash
3924,44,Tyrone Williams,psalinas@example.org,2024-03-02,Laptop,Accessories,4,675,2700,PayPal
3925,68,Michelle Cooper,kgrimes@example.org,,Tablet,Accessories,4,147,588,Credit Card
3926,57,,garciajacqueline@example.com,2025-04-23,Keyboard,Electronics,2,317,634,Credit Card
3927,24,Gerald Davenport,allennicholas@example.net,2026-02-03,Printer,Electronics,1,1284,1284,Cash
3928,60,Alex Williams,peterproctor@example.org,2025-05-30,Printer,Photography,1,476,476,Credit Card
3929,26,Susan Chapman,katelyn97@example.net,2025-03-18,Printer,Electronics,3,742,2226,PayPal
3930,68,Robert Russell,smorrow@example.com,2024-11-11,Keyboard,Accessories,5,381,1905,PayPal
3931,35,Samuel Molina,edwardhunter@example.org,2025-04-09,Headphones,Accessories,4,1164,4656,Cash
3932,62,Brian Carter,andrewsmith@example.net,2024-05-28,Monitor,Accessories,4,670,2680,PayPal
3933,20,Jeremy Winters,miguel23@example.org,2025-03-04,Headphones,Accessories,1,954,954,PayPal
3934,38,Penny Murray,pkemp@example.org,2025-08-14,Printer,Accessories,4,927,3708,Credit Card
3935,64,Heather Martinez,crawfordchelsea@example.org,2024-04-23,Monitor,Electronics,5,102,510,PayPal
3936,25,Jesus Smith,kevinyoung@example.org,2025-04-25,Mouse,Electronics,5,22,110,PayPal
3937,33,Joshua Schwartz,bnash@example.org,2025-01-04,Tablet,Photography,3,1011,3033,Cash
3938,62,Sandra Gomez,william63@example.com,,Smartphone,Accessories,5,523,2615,Credit Card
3939,34,Ryan Moreno,kevinnguyen@example.org,2025-11-25,Headphones,Photography,2,1159,2318,Credit Card
3940,53,Kayla Tran,robert93@example.org,2025-03-22,Headphones,Electronics,3,349,1047,PayPal
3941,61,Eric Martinez,phancock@example.org,2025-08-20,Webcam,Photography,4,1366,5464,Credit Card
3942,33,Joseph Patterson,imiller@example.org,2024-03-31,Tablet,Electronics,3,907,2721,Cash
3943,22,,williamswilliam@example.com,2025-07-04,Printer,Accessories,5,453,2265,PayPal
3944,65,Wyatt Jefferson,rollinssusan@example.net,,Printer,Accessories,3,561,1683,Credit Card
3945,63,Jason Johnson,kevin03@example.com,2024-06-05,Camera,Accessories,4,599,2396,Credit Card
3946,61,Stacy Williams,julianfitzpatrick@example.org,2024-12-23,Monitor,Photography,2,1483,2966,PayPal
3947,24,Michelle Cooper,maria70@example.net,2025-08-12,Laptop,Electronics,2,110,220,Credit Card
3948,20,Amy Jordan,nathanielcochran@example.org,2025-02-17,Mouse,Electronics,3,246,738,Cash
3949,22,Tracy Jackson,campbelllawrence@example.com,2025-04-07,Camera,Accessories,4,317,1268,Cash
3950,32,Christopher Hoover,emurray@example.net,2025-11-15,Webcam,Accessories,3,639,1917,PayPal
3951,39,Gregory Nguyen,whitejohn@example.net,2025-05-30,Printer,Photography,2,657,1314,PayPal
3952,63,Ashley Foley,kaneamanda@example.com,2025-03-14,Camera,Accessories,3,451,1353,Cash
3953,27,Tanya Bennett,spencer30@example.net,2024-04-24,Speaker,Photography,4,690,2760,Credit Card
3954,52,Maria Howe,lewisalicia@example.com,2025-02-13,Camera,Electronics,5,1120,5600,Credit Card
3955,57,Eric Taylor,harrisrobert@example.com,2025-10-22,Tablet,Photography,3,316,948,Cash
3956,33,Sara Ryan,rzhang@example.com,2024-07-14,Webcam,Accessories,1,1447,1447,Cash
3957,46,Maria Pennington,vsparks@example.com,2025-09-20,Smartphone,Electronics,4,1453,5812,Cash
3958,50,Lori Nelson,wcampos@example.net,2025-07-15,Headphones,Electronics,5,1408,7040,PayPal
3959,20,Linda Baird,lambertscott@example.com,2024-07-17,Webcam,Electronics,5,1125,5625,PayPal
3960,18,Taylor Buckley,richard93@example.net,2025-01-08,Headphones,Electronics,4,996,3984,PayPal
3961,43,Krista Martin,keith33@example.com,2025-04-10,Speaker,Accessories,1,985,985,PayPal
3962,29,Cody Hale,dalebell@example.com,2025-11-02,Keyboard,Photography,1,657,657,Credit Card
3963,38,Diane Clark,elizabethkoch@example.com,2025-10-01,Monitor,Photography,2,181,362,Credit Card
3964,56,Eddie Wu,quinnthomas@example.net,,Smartphone,Photography,4,298,1192,PayPal
3965,50,Yolanda Hernandez,longmichelle@example.com,2025-08-09,Laptop,Accessories,5,1296,6480,Credit Card
3966,52,Lindsey Hart,xjackson@example.net,2025-12-11,Laptop,Photography,4,739,2956,PayPal
3967,24,Melissa Richards,freemanmitchell@example.org,2025-09-10,Laptop,Accessories,3,1179,3537,Credit Card
3968,51,Olivia Lane,courtneycooke@example.net,2025-02-10,Camera,Accessories,4,1070,4280,Cash
3969,65,Tina Reilly,marktorres@example.com,2025-10-05,Printer,Photography,3,470,1410,PayPal
3970,23,Paul Hughes,wernerandrew@example.com,,Webcam,Accessories,3,538,1614,Credit Card
3971,40,Kaylee Griffith,taylorolson@example.net,2026-01-10,Printer,Accessories,3,1262,3786,PayPal
3972,44,Deborah Vasquez,donna96@example.com,2024-11-28,Monitor,Photography,4,33,132,Credit Card
3973,34,Jennifer Smith,charlesdelacruz@example.com,2025-12-28,Mouse,Photography,4,897,3588,PayPal
3974,31,Peggy Bond,wesleyforbes@example.com,2024-05-20,Camera,Electronics,5,206,1030,Cash
3975,29,Gary Rodriguez,yluna@example.org,2025-08-30,Speaker,Accessories,4,1265,5060,PayPal
3976,64,,michaela56@example.net,2024-05-30,Printer,Accessories,3,1047,3141,Cash
3977,18,Jerry Thompson,adamssusan@example.org,2025-09-08,Monitor,Accessories,1,933,933,PayPal
3978,37,,johnsonscott@example.com,2024-09-05,Printer,Accessories,5,615,3075,PayPal
3979,45,Kimberly Cooper,jamestaylor@example.org,2024-05-29,Smartphone,Photography,1,1244,1244,Credit Card
3980,50,Stephanie Martinez,junderwood@example.org,2024-09-14,Headphones,Photography,2,452,904,PayPal
3981,55,Luke Kennedy,masondana@example.com,2024-05-09,Camera,Accessories,1,1200,1200,Credit Card
3982,36,Joel Glover,gblack@example.net,2024-09-24,Speaker,Photography,3,949,2847,Cash
3983,36,Ms. Jacqueline Gonzales,richard83@example.org,2025-12-03,Monitor,Photography,1,951,951,Cash
3984,31,Rebecca Peck,theresa19@example.com,2024-12-03,Keyboard,Accessories,4,77,308,PayPal
3985,47,Margaret Smith,luke08@example.org,2024-07-04,Mouse,Photography,4,1337,5348,PayPal
3986,28,Leslie Rich,curtis05@example.net,2025-11-13,Camera,Photography,4,1287,5148,Cash
3987,37,Roger Fritz,grayronald@example.org,2026-01-13,Monitor,Accessories,4,1092,4368,Cash
3988,31,Krista Cooper,maryhiggins@example.org,2025-12-03,Tablet,Photography,1,1134,1134,Cash
3989,54,Alyssa Torres,patriciarasmussen@example.com,2025-04-16,Smartphone,Accessories,3,182,546,PayPal
3990,48,Cody Horton,johnsonbrent@example.net,2025-04-24,Tablet,Photography,3,388,1164,Cash
3991,38,Anthony Hall,serranocraig@example.net,2025-09-25,Smartphone,Electronics,1,991,991,PayPal
3992,50,Christopher Rivas,katherinebarnes@example.net,2025-10-13,Laptop,Photography,3,522,1566,Cash
3993,55,Kevin Rodriguez,bethanymcintosh@example.com,2024-11-16,Webcam,Accessories,2,1470,2940,Credit Card
3994,38,Shawna Porter,savannah38@example.org,2025-07-21,Tablet,Photography,4,923,3692,Cash
3995,46,Jasmine Chavez,zacharymathis@example.net,2024-05-28,Mouse,Accessories,5,106,530,PayPal
3996,39,,pwaters@example.net,2024-12-05,Keyboard,Photography,4,240,960,Cash
3997,27,Sarah Hayes,greggsmith@example.net,2025-12-30,Mouse,Electronics,4,896,3584,PayPal
3998,54,,khanlisa@example.net,2025-07-01,Monitor,Accessories,3,1267,3801,Credit Card
3999,41,John Manning,veronica50@example.net,2025-12-18,Smartphone,Accessories,4,675,2700,Credit Card
4000,70,Nicholas Johnson,jhernandez@example.com,2025-02-26,Smartphone,Accessories,3,245,735,Credit Card
4001,49,Michael Robles,diane96@example.com,,Headphones,Accessories,2,67,134,PayPal
4002,26,Chloe Miller,dbender@example.org,2024-07-19,Tablet,Accessories,1,231,231,Credit Card
4003,19,Rodney Bauer,dale77@example.com,2024-07-05,Camera,Electronics,3,1075,3225,Cash
4004,45,David Richardson,haasmatthew@example.com,2025-03-31,Webcam,Electronics,2,1161,2322,PayPal
4005,24,Melissa Jones,xspencer@example.net,2025-01-06,Tablet,Accessories,4,1365,5460,Cash
4006,64,John Moore,russojoshua@example.org,2025-11-18,Smartphone,Photography,1,415,415,Credit Card
4007,44,Sarah Sherman DDS,sbrowning@example.org,,Printer,Electronics,5,842,4210,Credit Card
4008,27,Betty Griffith,robinsonjacqueline@example.org,2024-10-30,Laptop,Accessories,3,153,459,Credit Card
4009,43,Wesley Schultz,rwade@example.com,2024-10-14,Smartphone,Accessories,2,1248,2496,Cash
4010,52,Katherine Hernandez,nixonmelissa@example.org,2025-04-21,Monitor,Photography,4,846,3384,PayPal
4011,70,Robert Morales,byoung@example.com,2025-05-05,Tablet,Electronics,1,1112,1112,Cash
4012,48,Sarah Gomez,paulpaul@example.net,2026-02-26,Camera,Accessories,2,1236,2472,Cash
4013,32,Catherine Allen,ngarcia@example.net,2024-09-21,Keyboard,Electronics,1,563,563,Cash
4014,32,Alex Morris,cabreraleslie@example.org,2024-11-18,Mouse,Electronics,4,49,196,Credit Card
4015,64,Anna Mcdaniel,oreyes@example.net,2024-04-16,Mouse,Photography,5,295,1475,PayPal
4016,20,Matthew Johnson,schaeferapril@example.net,2025-03-03,Mouse,Electronics,5,1187,5935,Credit Card
4017,50,Dr. William Quinn,mary43@example.com,2025-10-22,Speaker,Photography,4,1241,4964,Cash
4018,39,Autumn Rose,robert31@example.net,2024-07-08,Headphones,Electronics,5,680,3400,Credit Card
4019,58,Timothy Phillips,sara20@example.com,2024-07-25,Laptop,Electronics,1,1166,1166,Cash
4020,46,Arthur Burke,robertpark@example.org,2025-08-25,Webcam,Electronics,3,32,96,Credit Card
4021,45,Crystal Mclean,wendy86@example.net,2025-10-12,Laptop,Accessories,3,618,1854,Credit Card
4022,53,Jennifer Diaz,coreymosley@example.org,2025-05-23,Monitor,Photography,2,1378,2756,Credit Card
4023,43,Drew Martin,grantkayla@example.org,2024-12-20,Printer,Photography,3,1429,4287,Credit Card
4024,69,Mark Haynes,torrespamela@example.com,2025-03-04,Camera,Electronics,2,526,1052,Credit Card
4025,49,,mcbridejulia@example.net,2025-09-09,Webcam,Photography,3,1216,3648,Credit Card
4026,22,Joseph Conrad,lawrenceowen@example.net,2026-01-01,Smartphone,Photography,2,1001,2002,Credit Card
4027,65,,robert43@example.com,,Monitor,Electronics,4,1332,5328,Credit Card
4028,62,Justin Carter,christinemiles@example.org,2025-08-26,Tablet,Accessories,4,422,1688,Cash
4029,49,Elizabeth Pace,jacob79@example.net,2025-04-24,Keyboard,Electronics,2,523,1046,Credit Card
4030,45,Kathleen Rivera,sanchezjonathan@example.com,2026-02-24,Printer,Accessories,5,1302,6510,Credit Card
4031,25,Jonathan Hudson,elizabethrandall@example.net,2025-04-24,Smartphone,Electronics,5,513,2565,PayPal
4032,20,Tiffany Fisher,zjarvis@example.org,2025-12-14,Laptop,Electronics,2,1288,2576,PayPal
4033,36,Charles Merritt,richard74@example.org,2024-11-09,Smartphone,Electronics,4,1447,5788,PayPal
4034,36,Tonya Coleman DDS,kayla89@example.org,2024-09-08,Headphones,Accessories,4,1219,4876,Credit Card
4035,19,Dawn Harrell,browningrachel@example.net,,Headphones,Photography,1,27,27,Cash
4036,19,Tanya Lynch,traci26@example.com,2025-09-05,Tablet,Accessories,2,1123,2246,Credit Card
4037,59,Justin Miller,daniel01@example.com,2024-05-10,Webcam,Electronics,1,1223,1223,Credit Card
4038,53,Robert Cook,cassandrabrennan@example.com,,Mouse,Photography,5,1385,6925,PayPal
4039,67,Jordan Graham DDS,tproctor@example.org,2024-11-09,Headphones,Photography,2,204,408,Credit Card
4040,27,Jeff Horton,murraybeth@example.org,2025-04-13,Monitor,Electronics,2,684,1368,Cash
4041,64,Tracey Arroyo,mreese@example.com,2025-02-24,Camera,Electronics,2,457,914,Credit Card
4042,23,Virginia Mathis,cassandrarobinson@example.com,,Webcam,Accessories,3,129,387,PayPal
4043,23,Crystal Quinn,rebecca81@example.net,2025-08-16,Camera,Photography,2,835,1670,Credit Card
4044,19,,rbuchanan@example.com,2024-03-18,Monitor,Accessories,1,1181,1181,PayPal
4045,43,Devin Stevenson,esteskimberly@example.com,2024-09-30,Laptop,Electronics,3,251,753,Cash
4046,30,John Perkins,hamptondaniel@example.org,2025-12-30,Webcam,Electronics,1,1048,1048,Credit Card
4047,33,Rebecca Mcknight,baldwincaitlyn@example.org,,Speaker,Photography,2,1177,2354,Cash
4048,21,Angela Johnson,walkertony@example.org,2025-07-21,Printer,Photography,4,1362,5448,PayPal
4049,45,Raymond Bentley,cooperwilliam@example.org,2024-08-21,Laptop,Accessories,5,47,235,PayPal
4050,22,Emily Whitaker,campbellalicia@example.org,2025-07-23,Smartphone,Photography,1,975,975,Cash
4051,48,Jerry Odom,monica46@example.net,2025-07-01,Webcam,Electronics,2,762,1524,Cash
4052,61,Diane Ortiz,larryterry@example.org,2025-06-28,Tablet,Photography,3,1453,4359,Credit Card
4053,54,Alex Peck,amandabrowning@example.org,2024-05-27,Laptop,Photography,1,1260,1260,PayPal
4054,64,David Doyle,dwright@example.com,2024-03-16,Laptop,Photography,4,94,376,PayPal
4055,49,Crystal Rogers,gregcastillo@example.net,2024-05-17,Headphones,Photography,3,611,1833,PayPal
4056,32,Jordan Anderson,rhodeskevin@example.org,2025-11-03,Keyboard,Accessories,5,1233,6165,Credit Card
4057,63,Sandra Gonzalez,sarahernandez@example.org,2024-09-23,Laptop,Electronics,2,1274,2548,Cash
4058,35,Perry Sanchez,fcannon@example.net,,Camera,Photography,1,349,349,Credit Card
4059,41,Michael Hayes,caldwelltodd@example.com,2025-12-07,Headphones,Accessories,5,310,1550,Cash
4060,49,Lawrence May,huntercollins@example.com,2025-03-05,Smartphone,Electronics,2,1307,2614,Cash
4061,62,Anthony Rodriguez MD,carol09@example.com,,Headphones,Photography,2,1176,2352,PayPal
4062,24,Malik Lozano,whiteamanda@example.org,2025-05-21,Camera,Accessories,3,918,2754,Credit Card
4063,31,Jason Johnson,michelle37@example.net,2024-09-14,Tablet,Accessories,3,126,378,PayPal
4064,64,Tyrone Keller,parkstimothy@example.net,2025-05-25,Tablet,Electronics,2,217,434,Credit Card
4065,18,Michael Mills,joshua67@example.com,2024-10-17,Camera,Electronics,3,141,423,PayPal
4066,37,Jose Arnold,sburgess@example.com,2025-05-30,Speaker,Accessories,3,428,1284,Cash
4067,62,Ashlee Hayden,smithisabella@example.net,2025-11-18,Speaker,Electronics,5,989,4945,Credit Card
4068,60,Laura Becker,sheltonashley@example.com,2024-03-26,Camera,Accessories,5,1440,7200,Cash
4069,30,Emma Lozano,millersandra@example.com,2026-01-20,Mouse,Accessories,3,514,1542,PayPal
4070,60,Shane Robbins,tammychoi@example.com,2024-10-05,Smartphone,Accessories,4,1167,4668,Credit Card
4071,66,Danielle Bailey,fyang@example.com,2024-10-07,Smartphone,Accessories,3,1330,3990,Cash
4072,54,Joseph Welch,pacemary@example.com,,Printer,Electronics,2,1257,2514,Credit Card
4073,40,David Cantrell,devinmiranda@example.com,,Smartphone,Photography,4,1357,5428,Credit Card
4074,68,Jason Burns,stephanie89@example.com,,Tablet,Photography,1,219,219,Credit Card
4075,19,Kristen Russo,ryandrake@example.org,,Headphones,Photography,3,192,576,PayPal
4076,70,Luke Jones,brodgers@example.com,2024-08-08,Printer,Accessories,4,1009,4036,Credit Card
4077,58,Samantha Reyes,richardschwartz@example.net,2025-09-12,Webcam,Electronics,4,323,1292,PayPal
4078,39,Michael Jones,samantha78@example.org,2025-01-22,Headphones,Photography,2,491,982,Cash
4079,62,Beth Cook,watsonkimberly@example.com,2024-12-22,Printer,Photography,4,501,2004,Cash
4080,61,John Mathews,bserrano@example.org,2024-05-19,Printer,Accessories,1,300,300,Credit Card
4081,56,Randy Hoffman,carlstephens@example.com,,Keyboard,Electronics,1,1390,1390,PayPal
4082,28,Stephanie Oneill,djohnson@example.org,2024-11-24,Speaker,Electronics,5,649,3245,Credit Card
4083,32,Mark Delgado,fergusonluis@example.net,2025-10-14,Webcam,Photography,5,760,3800,Cash
4084,54,Tiffany Gay,rosestephen@example.org,2024-12-03,Webcam,Electronics,1,181,181,Credit Card
4085,21,Melissa Combs,carl49@example.com,,Laptop,Accessories,3,821,2463,Credit Card
4086,60,Laurie Edwards,anthony36@example.net,2024-11-15,Monitor,Accessories,1,1228,1228,Credit Card
4087,56,,jasminemitchell@example.com,2024-12-06,Speaker,Electronics,2,1123,2246,PayPal
4088,47,Megan Young,christopherconway@example.org,2024-05-17,Speaker,Accessories,1,497,497,Cash
4089,40,Rachel Turner,barkerdaniel@example.net,2025-09-21,Mouse,Electronics,4,873,3492,Credit Card
4090,30,Henry Hamilton,kaylawilliams@example.org,2024-12-28,Camera,Photography,4,520,2080,Cash
4091,34,,warnerkim@example.org,2025-01-29,Keyboard,Accessories,4,1377,5508,Cash
4092,38,Matthew Butler,kathleengonzalez@example.org,2026-01-16,Laptop,Accessories,5,1379,6895,Cash
4093,32,Michael Long,erica15@example.net,2024-11-27,Webcam,Accessories,5,213,1065,PayPal
4094,33,Judith Anderson,don65@example.com,2024-05-15,Keyboard,Photography,4,441,1764,Credit Card
4095,46,Christine Fox,ljennings@example.com,2025-06-21,Monitor,Photography,1,959,959,Credit Card
4096,64,Matthew Johnson,patriciaalexander@example.net,,Tablet,Photography,3,469,1407,Cash
4097,52,Shirley Contreras,gturner@example.org,2025-02-14,Webcam,Electronics,,54,0,Cash
4098,31,Kyle Morrison,robertsbrandon@example.net,2025-08-01,Webcam,Electronics,3,1289,3867,Credit Card
4099,67,Julie Jefferson,william36@example.org,2025-02-10,Speaker,Electronics,4,251,1004,PayPal
4100,66,Heather Glass,alicia11@example.net,2025-05-14,Monitor,Photography,3,991,2973,Credit Card
4101,61,Christopher Wilson,nedwards@example.net,2025-01-24,Webcam,Photography,4,290,1160,PayPal
4102,22,,joseph17@example.com,2024-03-08,Camera,Electronics,,361,0,Credit Card
4103,58,Jennifer Hernandez,burgessmatthew@example.com,2025-03-04,Tablet,Accessories,1,459,459,Credit Card
4104,51,David Evans,nflores@example.org,2024-10-30,Tablet,Electronics,2,858,1716,PayPal
4105,34,Carol Henry,daniel17@example.com,2026-02-10,Mouse,Accessories,,1486,0,Credit Card
4106,36,Jasmine Robinson,berrymary@example.org,2025-04-18,Speaker,Electronics,5,519,2595,PayPal
4107,43,George Olson,stephen10@example.com,2024-09-10,Tablet,Photography,5,446,2230,PayPal
4108,29,Christopher Murray,wrightjerry@example.net,,Laptop,Accessories,2,259,518,Cash
4109,33,Miguel Kennedy,stewartkirk@example.net,2024-09-03,Camera,Electronics,4,1319,5276,Credit Card
4110,65,Judy Manning,williamssara@example.net,2024-03-18,Webcam,Photography,5,783,3915,Cash
4111,37,Samantha Mills,amanda78@example.com,2025-01-23,Speaker,Photography,2,798,1596,PayPal
4112,45,Leonard Schmidt,ashleycain@example.net,2024-09-14,Webcam,Electronics,1,102,102,PayPal
4113,69,,amyguerrero@example.net,2024-03-29,Tablet,Photography,,996,0,Cash
4114,57,John Gonzalez,rachaelboyd@example.com,2024-03-12,Tablet,Accessories,3,251,753,PayPal
4115,34,Mr. Richard White PhD,jjensen@example.com,2025-10-02,Camera,Accessories,2,51,102,Cash
4116,51,Joseph Guerrero,murillosavannah@example.org,2024-08-25,Camera,Photography,2,325,650,PayPal
4117,24,Michelle Rogers,snydernancy@example.org,2024-08-18,Speaker,Accessories,2,1398,2796,Credit Card
4118,41,Joshua Shaw,kevin65@example.com,2024-10-16,Tablet,Photography,1,1296,1296,Cash
4119,66,Luke Warner,robertsjessica@example.org,2025-08-04,Tablet,Electronics,5,72,360,Cash
4120,27,,johnsonkevin@example.org,2024-11-29,Monitor,Accessories,5,1175,5875,Cash
4121,28,Meghan Anderson,nathan45@example.org,2025-06-21,Tablet,Electronics,5,599,2995,Credit Card
4122,23,Keith Payne,kristentaylor@example.net,2025-03-30,Printer,Accessories,2,1226,2452,Cash
4123,39,Anthony Castro,farleycarl@example.com,2024-03-18,Monitor,Accessories,3,221,663,PayPal
4124,44,,kelly41@example.net,2024-08-02,Camera,Accessories,5,535,2675,PayPal
4125,32,Caitlin Simpson,jmiller@example.org,2024-06-07,Speaker,Photography,3,562,1686,PayPal
4126,39,Jennifer Richardson,cgreen@example.com,2025-09-22,Speaker,Photography,4,1326,5304,PayPal
4127,57,Brandon Jackson,guzmanmandy@example.net,2024-06-26,Keyboard,Photography,4,1145,4580,PayPal
4128,26,Sheryl Cooper,jasmine28@example.net,2024-08-31,Camera,Accessories,4,1474,5896,Cash
4129,58,Angela Cline,kking@example.com,2024-12-24,Webcam,Electronics,1,1445,1445,Credit Card
4130,41,Tina Smith,miguel07@example.com,2026-02-11,Tablet,Electronics,5,689,3445,Credit Card
4131,21,Don Castro,thernandez@example.org,2026-01-17,Tablet,Photography,3,381,1143,PayPal
4132,54,Victoria Hayes,comptonderek@example.org,2025-08-28,Speaker,Photography,5,196,980,PayPal
4133,40,Patricia Robinson,allenrachel@example.org,2026-02-23,Tablet,Electronics,3,983,2949,Cash
4134,46,Robert White,progers@example.net,2024-08-17,Camera,Photography,1,1324,1324,PayPal
4135,63,Robert Parker,caseykennedy@example.net,,Webcam,Photography,1,1319,1319,PayPal
4136,52,Angela Pope,ericgardner@example.org,2025-11-29,Camera,Photography,1,319,319,Credit Card
4137,40,Lisa Reyes,nancy19@example.net,2025-01-06,Tablet,Photography,4,243,972,PayPal
4138,64,Richard Young,williamparker@example.org,2025-11-17,Smartphone,Electronics,5,910,4550,PayPal
4139,60,Destiny Villa,barrondebbie@example.org,2024-08-17,Webcam,Electronics,3,264,792,PayPal
4140,25,Kristen Barker,fjackson@example.org,2024-04-30,Tablet,Electronics,3,482,1446,PayPal
4141,47,Christina Lester,molly96@example.com,2025-07-28,Mouse,Accessories,5,1345,6725,Credit Card
4142,65,Kenneth Vaughn,fsantana@example.org,2026-01-06,Tablet,Photography,5,300,1500,PayPal
4143,23,Julian Bass,mosssteven@example.org,2025-07-05,Camera,Electronics,4,972,3888,Credit Card
4144,21,Christine Page,sherryparker@example.org,2024-03-13,Tablet,Photography,3,75,225,PayPal
4145,28,Sherry Smith,shannon79@example.net,2025-06-21,Laptop,Electronics,2,1072,2144,Cash
4146,26,Paula Rodriguez,austinwood@example.net,,Monitor,Photography,3,761,2283,PayPal
4147,31,Justin Martinez,holtelizabeth@example.com,2024-08-10,Webcam,Photography,1,1127,1127,Credit Card
4148,54,Emily Jones,cynthiahuang@example.net,2025-08-13,Webcam,Photography,4,341,1364,PayPal
4149,38,Jose Hicks,catherineandrade@example.net,2024-05-08,Laptop,Photography,2,1216,2432,Cash
4150,68,Jordan Jones,nicole07@example.com,2024-04-21,Mouse,Electronics,1,1241,1241,Credit Card
4151,29,Vickie Williamson,alvarezsteven@example.com,2024-04-13,Keyboard,Accessories,4,308,1232,PayPal
4152,55,Jason Mayo MD,mark90@example.net,2024-04-07,Keyboard,Electronics,2,718,1436,PayPal
4153,57,Kimberly Donovan,edgarturner@example.net,2026-01-10,Keyboard,Accessories,5,284,1420,Credit Card
4154,56,Oscar Choi,hannaemily@example.com,2024-09-27,Laptop,Accessories,3,700,2100,Credit Card
4155,32,,jennifer54@example.org,2025-11-12,Speaker,Photography,1,958,958,Credit Card
4156,62,Dave Barker,kaylathompson@example.org,2025-02-21,Laptop,Photography,5,948,4740,PayPal
4157,37,Stuart Rocha,claytonwilliams@example.org,2024-12-21,Keyboard,Photography,4,251,1004,PayPal
4158,22,Julie Johnson,michelle46@example.org,2024-07-05,Smartphone,Electronics,1,1143,1143,PayPal
4159,32,Jonathan Moran,dawn23@example.org,2024-10-22,Laptop,Accessories,5,828,4140,Cash
4160,63,Blake Rosario,gregorypierce@example.org,2026-01-20,Smartphone,Accessories,1,563,563,Credit Card
4161,35,John Rich,adam67@example.net,2024-09-02,Smartphone,Accessories,1,1215,1215,PayPal
4162,25,Kathryn Moss,carloswalker@example.com,2025-05-11,Speaker,Electronics,1,1327,1327,Cash
4163,47,Laura Moody,sandrasilva@example.org,2025-08-06,Smartphone,Electronics,4,695,2780,PayPal
4164,21,Jo Carpenter,richardsnancy@example.net,2026-01-27,Camera,Accessories,4,1247,4988,Cash
4165,51,Alyssa Thomas,rebecca10@example.com,2025-07-25,Mouse,Electronics,3,600,1800,Cash
4166,34,Steven Strong,donaldsimpson@example.net,,Headphones,Electronics,4,581,2324,Cash
4167,65,Aaron Johnson,pinedamichelle@example.com,2026-02-18,Mouse,Accessories,4,1300,5200,PayPal
4168,61,Richard Robinson,gsmith@example.com,,Mouse,Electronics,4,1189,4756,Credit Card
4169,69,Tina Moore,oknapp@example.org,,Speaker,Photography,1,937,937,Cash
4170,58,Jamie Jones,gomezbailey@example.org,2025-08-29,Printer,Photography,5,793,3965,Cash
4171,23,Joseph Johnson,henrychase@example.org,2024-10-09,Camera,Photography,4,525,2100,Cash
4172,33,Corey Carr,bryanmendez@example.org,2024-09-23,Headphones,Accessories,3,1473,4419,Cash
4173,69,Rebecca Walker,shawnalvarado@example.org,2024-03-26,Printer,Accessories,3,474,1422,Credit Card
4174,39,Lindsay Stark,chad52@example.net,2025-10-24,Webcam,Photography,1,1350,1350,Credit Card
4175,50,Desiree Dominguez,mooremartin@example.net,2025-12-08,Webcam,Electronics,2,1090,2180,PayPal
4176,61,Mr. Kenneth Carpenter,lori79@example.net,2025-03-31,Tablet,Accessories,1,982,982,Cash
4177,41,Brandon Michael,frenchsusan@example.net,2024-09-18,Keyboard,Electronics,2,521,1042,PayPal
4178,40,Dean Francis PhD,qwright@example.com,2024-04-10,Smartphone,Accessories,3,20,60,PayPal
4179,51,Michelle Wise,gregorymurphy@example.com,2024-10-25,Speaker,Accessories,4,1482,5928,PayPal
4180,20,Melissa Branch,joshuaaustin@example.org,2024-05-01,Webcam,Electronics,5,285,1425,Credit Card
4181,49,Timothy Hoffman,uandersen@example.org,2025-02-08,Webcam,Electronics,3,948,2844,PayPal
4182,28,Andrea Bruce,erin18@example.net,2026-01-23,Smartphone,Electronics,3,208,624,Cash
4183,54,Andrew Russell,hernandezbrian@example.net,,Keyboard,Accessories,2,421,842,Cash
4184,24,Steven Rodriguez,marywells@example.com,2024-09-10,Mouse,Accessories,3,954,2862,Credit Card
4185,24,Sarah Barrett,vknox@example.org,,Camera,Electronics,4,215,860,Credit Card
4186,48,Molly Walker,urobinson@example.com,,Smartphone,Accessories,1,690,690,PayPal
4187,68,Billy Bean,awatson@example.net,2025-04-06,Smartphone,Photography,2,1145,2290,Credit Card
4188,38,James Ewing,davidosborne@example.com,2025-05-14,Speaker,Electronics,5,1087,5435,Cash
4189,24,Mark Browning,kerrmelissa@example.net,2025-11-15,Mouse,Accessories,4,1392,5568,PayPal
4190,40,Mary Martinez,elynn@example.net,2025-10-02,Tablet,Photography,5,645,3225,PayPal
4191,37,Ashley Berg,katherine99@example.net,2024-04-16,Webcam,Accessories,,881,0,Cash
4192,41,Antonio Fernandez,fordmark@example.net,2025-03-21,Monitor,Photography,5,1411,7055,PayPal
4193,54,,dunnbrian@example.com,2025-10-07,Camera,Electronics,1,723,723,PayPal
4194,40,Christopher Gray,joseph75@example.com,2025-08-23,Headphones,Electronics,3,667,2001,PayPal
4195,24,Jessica Cunningham,mccarthymartha@example.net,2024-09-24,Headphones,Electronics,,1336,0,Credit Card
4196,29,William Warren,tina17@example.org,2025-02-11,Headphones,Electronics,5,1240,6200,Credit Card
4197,59,Jose Valencia,phillipsharp@example.net,2025-06-11,Mouse,Accessories,5,627,3135,Credit Card
4198,54,Mary Hubbard,wgray@example.net,2025-12-13,Smartphone,Accessories,1,1477,1477,PayPal
4199,59,Meredith Le,paynedavid@example.com,,Camera,Photography,5,1455,7275,PayPal
4200,70,Veronica Cohen,jessicacook@example.org,,Laptop,Photography,5,131,655,Credit Card
4201,24,Lori Dixon,dianarogers@example.org,,Laptop,Photography,1,1020,1020,Cash
4202,32,Carol Williams,zdixon@example.org,2024-06-30,Tablet,Electronics,1,85,85,Cash
4203,30,Samuel Morton,mlowe@example.org,2025-04-27,Printer,Electronics,5,876,4380,Cash
4204,20,Steven Johnson,sdeleon@example.org,2024-12-24,Tablet,Photography,5,1178,5890,PayPal
4205,38,Jimmy Thomas,jessica75@example.org,2024-09-24,Smartphone,Photography,4,199,796,PayPal
4206,62,Aaron Dudley,gabriel85@example.org,2024-03-15,Printer,Photography,1,255,255,Credit Card
4207,55,Tyler Williams,heathashley@example.com,,Smartphone,Accessories,4,1149,4596,PayPal
4208,34,Adam Sparks,cervantesrobert@example.org,2025-11-12,Laptop,Photography,1,551,551,PayPal
4209,28,Christina Santos,arnoldheather@example.net,2025-08-16,Speaker,Photography,5,271,1355,Credit Card
4210,41,Antonio Hawkins,sgutierrez@example.net,2025-12-08,Laptop,Electronics,1,1439,1439,PayPal
4211,51,Amy Craig,oarmstrong@example.org,2024-09-28,Camera,Accessories,1,1036,1036,Cash
4212,62,Patrick Preston,xramirez@example.net,,Mouse,Accessories,,1476,0,Cash
4213,38,Rita Baker,joe68@example.com,2024-11-09,Laptop,Accessories,2,786,1572,PayPal
4214,66,Joel Deleon,thomasbarber@example.net,2024-11-18,Mouse,Electronics,4,1253,5012,Cash
4215,70,Catherine Jones,travis13@example.org,2025-09-14,Smartphone,Accessories,3,351,1053,Credit Card
4216,56,Laura Holloway,biancathompson@example.com,2025-11-19,Camera,Accessories,4,95,380,PayPal
4217,44,Patricia Smith,crystalbeltran@example.net,,Webcam,Electronics,2,657,1314,Cash
4218,53,Brian Lam,martinezelizabeth@example.net,2024-03-14,Speaker,Photography,3,564,1692,Credit Card
4219,43,,iweiss@example.org,2025-09-08,Laptop,Accessories,3,1102,3306,PayPal
4220,61,Gregory Brown,qclark@example.org,2025-08-08,Webcam,Accessories,1,442,442,Cash
4221,45,Patricia Powell,barretteric@example.org,2026-02-07,Mouse,Electronics,3,723,2169,Cash
4222,58,Lori Davis,matthewbrown@example.net,2025-03-27,Monitor,Electronics,3,1390,4170,PayPal
4223,59,Leslie Reed,stephaniejackson@example.com,2025-12-31,Smartphone,Accessories,1,75,75,Cash
4224,66,Matthew Martin,collinsnatalie@example.com,2025-02-02,Headphones,Electronics,3,1282,3846,PayPal
4225,24,Caitlin Garcia,wking@example.org,,Tablet,Accessories,4,1117,4468,PayPal
4226,70,Madison Schmidt,april57@example.net,2025-08-28,Tablet,Electronics,3,575,1725,Credit Card
4227,53,Martha Wall,mtaylor@example.net,2025-12-16,Keyboard,Photography,3,214,642,Cash
4228,25,Christopher Schmidt,leeheather@example.net,2024-06-17,Tablet,Accessories,2,846,1692,Cash
4229,60,Brandi Duncan,amywatkins@example.org,2024-06-07,Headphones,Electronics,3,1129,3387,Credit Card
4230,29,,elizabethmichael@example.org,2024-10-02,Headphones,Photography,5,1156,5780,Credit Card
4231,48,Kelly Shaw,robert82@example.net,2025-12-30,Smartphone,Accessories,4,1087,4348,PayPal
4232,54,Jamie Moore,jenniferrivas@example.net,2025-10-22,Headphones,Electronics,3,1101,3303,Cash
4233,40,Henry Rice,fernandezjessica@example.net,2026-02-20,Speaker,Accessories,3,972,2916,PayPal
4234,30,Pamela Gilbert,palmertracy@example.com,2024-11-10,Headphones,Accessories,4,926,3704,Cash
4235,41,Heather Ramos,danielle19@example.net,2025-11-15,Camera,Electronics,2,281,562,Cash
4236,33,Margaret Brady,burnettandrew@example.com,2025-04-20,Speaker,Photography,5,1255,6275,Credit Card
4237,61,Brian Wiggins,alvin42@example.org,2025-03-28,Laptop,Electronics,5,596,2980,PayPal
4238,66,Mrs. Jaime Berger DVM,olsenkenneth@example.net,2024-08-04,Headphones,Photography,3,738,2214,Cash
4239,41,Michael Jacobs,ortizashley@example.net,2026-01-17,Camera,Photography,1,1437,1437,PayPal
4240,25,Alexis Mayer,turnerjohn@example.org,2026-01-28,Speaker,Electronics,1,133,133,PayPal
4241,47,Ricky Larsen,garciakathy@example.org,2025-05-27,Monitor,Photography,5,996,4980,PayPal
4242,22,,ddavis@example.org,2024-09-09,Tablet,Photography,5,1262,6310,Credit Card
4243,63,Randy Gordon,sara41@example.com,2025-12-13,Keyboard,Photography,3,507,1521,Credit Card
4244,70,Jacob Davis,danielfranklin@example.net,2025-07-29,Speaker,Electronics,4,769,3076,PayPal
4245,45,Brittany Sosa,hpowell@example.org,2024-11-22,Tablet,Photography,5,130,650,Credit Card
4246,49,Rhonda Garcia,emily23@example.com,2024-10-26,Keyboard,Accessories,1,61,61,PayPal
4247,21,Dr. Brent Becker Jr.,krystalhill@example.com,2025-08-14,Laptop,Photography,2,957,1914,PayPal
4248,65,Brian Harrison,jessicajohnson@example.org,2025-05-26,Laptop,Photography,1,1436,1436,Credit Card
4249,67,Michael Young,justingibson@example.org,2024-04-18,Speaker,Electronics,1,625,625,Credit Card
4250,45,Chloe Garcia,tkramer@example.net,2025-06-06,Webcam,Photography,5,343,1715,Credit Card
4251,23,Donna Gibson,morozco@example.net,2025-08-19,Speaker,Electronics,5,759,3795,PayPal
4252,26,,karenwilliams@example.net,2025-02-08,Smartphone,Electronics,5,322,1610,Cash
4253,23,Jessica Davis,amber42@example.org,2025-04-14,Keyboard,Photography,5,258,1290,Credit Card
4254,47,Andrew Kennedy,davidperez@example.org,2026-02-21,Laptop,Accessories,4,82,328,Credit Card
4255,43,Chad Cummings,jthomas@example.org,2025-01-28,Smartphone,Photography,1,1075,1075,Credit Card
4256,63,Taylor Brown,jamesrodriguez@example.org,2025-01-17,Tablet,Photography,3,660,1980,Credit Card
4257,62,William Spencer,dwheeler@example.com,2025-03-14,Headphones,Accessories,5,365,1825,PayPal
4258,65,Joseph Harris,roylang@example.net,2024-09-12,Keyboard,Accessories,5,286,1430,Cash
4259,64,Hannah Simmons,btrevino@example.net,2024-10-03,Mouse,Electronics,3,761,2283,Credit Card
4260,65,Christopher Perry,grace50@example.net,2025-02-17,Monitor,Electronics,5,880,4400,Cash
4261,20,Thomas Brown,ulee@example.net,2025-07-14,Webcam,Accessories,4,155,620,Credit Card
4262,53,Joseph Smith,paul84@example.org,2025-10-20,Keyboard,Accessories,3,1113,3339,Cash
4263,28,Jacqueline Aguirre,deckereric@example.net,2024-04-09,Keyboard,Electronics,3,1300,3900,Cash
4264,21,Jamie Lara,pyoung@example.org,2026-02-05,Tablet,Photography,3,864,2592,Cash
4265,20,Shane Cobb,staceybrown@example.net,2025-10-01,Mouse,Electronics,2,1285,2570,Credit Card
4266,63,Ronald Holland,earnold@example.com,2025-09-05,Smartphone,Photography,4,1290,5160,Cash
4267,43,Margaret Jenkins,ygardner@example.org,2026-01-08,Mouse,Photography,3,970,2910,Credit Card
4268,70,Dorothy Phillips,perezjohn@example.net,2025-07-25,Headphones,Accessories,1,275,275,Credit Card
4269,48,Michelle Harris,nrodriguez@example.net,2026-01-29,Monitor,Photography,1,405,405,Cash
4270,44,Rachel Durham,fosterjames@example.com,,Headphones,Accessories,3,322,966,PayPal
4271,41,Rebecca Riddle,rgomez@example.net,2026-01-23,Smartphone,Accessories,5,641,3205,Cash
4272,40,Lauren Miller,emilydonaldson@example.net,2024-10-17,Mouse,Accessories,3,24,72,PayPal
4273,62,Kayla Salas,hernandezcatherine@example.net,2026-02-26,Headphones,Photography,5,920,4600,Cash
4274,46,John Richard,harrisanthony@example.com,2025-08-05,Headphones,Photography,4,454,1816,Credit Card
4275,41,Samantha Wilcox,utate@example.org,2025-09-07,Speaker,Photography,2,572,1144,Cash
4276,56,Ethan Francis,robersoncolleen@example.org,2024-03-06,Keyboard,Photography,4,656,2624,Credit Card
4277,57,Ryan Mann,robertsonapril@example.com,2025-12-10,Headphones,Electronics,4,221,884,Cash
4278,50,Chris Travis,gperez@example.com,2025-10-16,Smartphone,Accessories,2,146,292,PayPal
4279,32,Matthew Jones,theresa07@example.net,2024-06-16,Mouse,Photography,3,1387,4161,Cash
4280,68,Kelly Perkins,wallerlauren@example.com,2024-05-17,Smartphone,Accessories,1,132,132,Credit Card
4281,35,Carolyn Osborne,rmcdowell@example.org,2024-08-11,Mouse,Photography,3,1038,3114,PayPal
4282,30,Gary Davis,stevenwilkinson@example.net,2025-05-20,Headphones,Accessories,1,1390,1390,PayPal
4283,20,Kelly Rogers,breanna77@example.org,2024-04-21,Mouse,Electronics,1,1234,1234,Cash
4284,67,Angelica Murphy,cassieaustin@example.net,2025-02-11,Smartphone,Accessories,3,598,1794,PayPal
4285,22,Stephen Gray,michelle05@example.net,2024-06-25,Speaker,Photography,1,1496,1496,Cash
4286,62,Patricia Miller,bruce96@example.net,2024-10-13,Monitor,Electronics,1,600,600,PayPal
4287,59,Austin Gibson,chansean@example.net,2024-09-26,Camera,Electronics,2,997,1994,Cash
4288,57,Brian Smith,robert47@example.org,2024-07-18,Webcam,Accessories,2,1023,2046,PayPal
4289,36,Kevin Taylor,robinsonethan@example.net,,Tablet,Photography,,990,0,Cash
4290,34,Chelsea Brown,kevin95@example.net,2024-04-06,Mouse,Photography,2,454,908,Cash
4291,30,Dwayne Beasley,nicholasbrown@example.org,2025-12-11,Smartphone,Accessories,1,880,880,PayPal
4292,58,Amber Hart,cummingsamanda@example.com,2025-09-18,Tablet,Photography,4,216,864,Cash
4293,39,Julie Mcknight,anthony77@example.com,2025-05-15,Speaker,Accessories,3,386,1158,PayPal
4294,63,,crose@example.net,2025-04-15,Webcam,Accessories,1,1161,1161,Credit Card
4295,58,David Robinson,fcannon@example.org,2024-03-19,Headphones,Photography,4,673,2692,PayPal
4296,21,,johnnywilliams@example.net,2024-04-17,Tablet,Photography,3,994,2982,Credit Card
4297,31,Ms. Angel Oconnell,patrick33@example.net,2025-11-11,Laptop,Accessories,4,1289,5156,Cash
4298,52,Eduardo Smith,wpetersen@example.net,2025-09-25,Mouse,Photography,1,712,712,PayPal
4299,42,Eric Watson,dfisher@example.net,2024-10-01,Monitor,Electronics,1,763,763,PayPal
4300,61,Christine Jacobs,donaldcoleman@example.com,2025-12-18,Mouse,Electronics,5,1485,7425,Cash
4301,63,Renee Taylor,fhart@example.org,2025-10-09,Headphones,Electronics,2,163,326,Credit Card
4302,58,Michael Sanchez,pstokes@example.com,2025-01-21,Smartphone,Electronics,5,819,4095,Cash
4303,30,Amy Gonzalez,whitejeremy@example.net,2025-12-25,Laptop,Electronics,1,781,781,Cash
4304,25,Traci Moore,ejones@example.com,2024-05-17,Laptop,Accessories,2,758,1516,PayPal
4305,66,Matthew Rice,lbrown@example.org,2024-12-24,Monitor,Electronics,3,61,183,Credit Card
4306,67,Tim Bonilla,lcollins@example.com,2024-06-24,Keyboard,Photography,4,798,3192,Cash
4307,41,Kristen Maxwell,linda45@example.org,,Camera,Photography,4,1009,4036,PayPal
4308,36,Shawn Flynn,scott90@example.net,2024-10-04,Webcam,Photography,5,1255,6275,PayPal
4309,58,Elizabeth Richardson,aviladalton@example.com,2025-10-30,Smartphone,Accessories,,1412,0,PayPal
4310,48,,xadkins@example.com,2025-03-30,Monitor,Electronics,1,428,428,Credit Card
4311,58,Patricia Alexander,gonzalesariel@example.com,2025-09-08,Headphones,Accessories,1,1033,1033,Cash
4312,51,Jack Graham,aprilmcmahon@example.net,2024-07-22,Laptop,Photography,4,620,2480,PayPal
4313,53,Jean Rosario,smithkrista@example.org,2025-01-03,Mouse,Accessories,2,120,240,Cash
4314,68,Stephen Little,rlewis@example.org,2026-01-25,Headphones,Electronics,3,1150,3450,Credit Card
4315,49,Rachel Ramsey,isaiah08@example.net,2025-06-18,Laptop,Accessories,4,530,2120,PayPal
4316,26,Aaron Farrell,ruthnelson@example.com,2025-07-21,Smartphone,Photography,1,1230,1230,Credit Card
4317,24,John Kim,joshuarojas@example.com,2025-01-16,Camera,Photography,1,691,691,PayPal
4318,69,Chloe Garcia,daniellemontes@example.com,2026-02-17,Printer,Photography,4,396,1584,Cash
4319,24,Jenny Wood,sullivanmary@example.net,2024-10-01,Camera,Accessories,1,219,219,Cash
4320,47,Thomas Ruiz,nsimpson@example.com,2025-05-28,Laptop,Photography,3,272,816,Cash
4321,37,Terri Hall,mhunt@example.com,2026-02-09,Smartphone,Photography,2,1340,2680,Credit Card
4322,62,Jason Moore,moralesjoshua@example.com,2024-06-29,Webcam,Electronics,1,550,550,Credit Card
4323,31,Tony Shaw,danielrodriguez@example.net,2025-05-21,Webcam,Photography,5,1113,5565,Cash
4324,44,Lucas Gonzalez,samantha76@example.net,2024-09-03,Headphones,Electronics,1,1101,1101,Cash
4325,28,Amber Yoder,shawnsims@example.net,2024-09-24,Camera,Photography,5,564,2820,Credit Card
4326,43,Jerry Cooper,lucas87@example.com,2025-05-23,Camera,Electronics,4,453,1812,PayPal
4327,32,John Moore,lisajohnson@example.com,2025-03-26,Mouse,Electronics,3,749,2247,Credit Card
4328,52,Rachel Moon,ydixon@example.net,2024-11-11,Keyboard,Electronics,2,902,1804,PayPal
4329,18,Parker Burton,quinnkaitlyn@example.org,2025-05-21,Webcam,Electronics,5,221,1105,PayPal
4330,65,Bryan Ingram,harrisonerika@example.net,2025-05-05,Printer,Accessories,3,597,1791,PayPal
4331,65,Alexander Bartlett,rvasquez@example.net,2025-08-07,Speaker,Electronics,4,1172,4688,Cash
4332,51,Michelle Turner,uwhitaker@example.net,2025-03-16,Laptop,Accessories,4,69,276,Cash
4333,60,Erin Davis,kristen88@example.net,2025-06-27,Printer,Photography,1,541,541,PayPal
4334,64,Patricia Carrillo,hollybrandt@example.com,2025-03-14,Camera,Photography,1,1435,1435,Credit Card
4335,59,Michael Greene,stephaniemurphy@example.net,,Smartphone,Photography,4,607,2428,Credit Card
4336,28,,heidi28@example.com,2025-03-17,Camera,Photography,1,411,411,Credit Card
4337,68,Jason Johnson,warderik@example.com,2024-09-14,Laptop,Electronics,2,1440,2880,Credit Card
4338,58,Amanda Harris,angela81@example.org,2025-07-27,Monitor,Photography,5,623,3115,Credit Card
4339,46,Mary Castillo,dakota56@example.net,2025-08-18,Camera,Photography,,1145,0,Cash
4340,34,Keith Wood,brownleslie@example.com,2025-12-28,Camera,Photography,3,996,2988,Cash
4341,31,Martin Weiss,davidrodriguez@example.net,2025-06-10,Speaker,Accessories,2,974,1948,Cash
4342,45,,curtisjustin@example.net,2025-05-10,Keyboard,Photography,1,673,673,Credit Card
4343,25,Alexandra Weeks,sarahkerr@example.org,2024-03-26,Keyboard,Accessories,4,23,92,Credit Card
4344,18,Mary Davis,jacksonjennifer@example.com,,Laptop,Electronics,4,1349,5396,Credit Card
4345,25,Mitchell Green,michael16@example.com,2025-09-06,Headphones,Photography,2,1225,2450,Cash
4346,62,David Johnson,tmurphy@example.com,,Monitor,Electronics,4,768,3072,Cash
4347,36,Raymond Walton,kenneth38@example.com,2025-05-31,Laptop,Photography,4,94,376,PayPal
4348,33,Ronald Allen,brent62@example.com,2025-01-08,Keyboard,Electronics,3,1108,3324,Cash
4349,30,Ariana Jones,markdiaz@example.com,2026-01-18,Keyboard,Photography,1,198,198,PayPal
4350,34,Donald Martinez,elizabethchandler@example.net,2024-05-03,Camera,Photography,4,807,3228,Cash
4351,24,April Taylor,donna56@example.net,2025-02-05,Headphones,Photography,5,350,1750,PayPal
4352,38,Brandon Hickman,blanchardlisa@example.org,2025-11-10,Tablet,Photography,2,1215,2430,Credit Card
4353,58,Warren Franklin,orozcocandice@example.com,2024-07-28,Headphones,Electronics,1,1256,1256,Cash
4354,53,David Martin,harry23@example.com,2024-07-04,Printer,Electronics,2,51,102,Credit Card
4355,56,Taylor Fisher,jason44@example.org,2025-06-21,Mouse,Accessories,1,1098,1098,PayPal
4356,34,Andrew Fisher,wilsonrick@example.com,2024-08-23,Webcam,Electronics,5,766,3830,Cash
4357,56,Ashley Watson,philip20@example.com,2024-03-26,Laptop,Electronics,1,343,343,Credit Card
4358,68,Maria Beard,matthew83@example.com,2025-01-20,Speaker,Electronics,3,1164,3492,Cash
4359,53,Billy Robinson,jeffrey78@example.net,2026-01-28,Headphones,Photography,2,1090,2180,PayPal
4360,45,Christopher Anderson,stephensonmariah@example.net,2026-02-15,Headphones,Accessories,1,578,578,Credit Card
4361,32,Charles Carroll,rickreilly@example.org,2025-09-24,Keyboard,Photography,2,607,1214,Credit Card
4362,49,Theresa Deleon,rebeccafarrell@example.com,2026-01-15,Speaker,Accessories,5,417,2085,Credit Card
4363,18,Jessica Cochran,matthewnelson@example.com,,Tablet,Accessories,1,621,621,Credit Card
4364,43,Peter Knight,crystal76@example.com,,Speaker,Accessories,1,333,333,Cash
4365,30,Rebecca Edwards,joshuajennings@example.com,2025-05-03,Smartphone,Accessories,3,537,1611,Cash
4366,28,Jared Ford,monicamann@example.net,2024-10-09,Speaker,Photography,3,58,174,Credit Card
4367,36,Mr. Daniel Harris MD,iwhite@example.net,2024-03-17,Speaker,Accessories,1,1122,1122,PayPal
4368,67,Richard Howell,valentinestacey@example.net,2025-09-09,Monitor,Electronics,5,870,4350,Cash
4369,56,Justin Newman,michaelcarter@example.org,2025-04-11,Smartphone,Accessories,2,597,1194,PayPal
4370,29,Mr. Alejandro Adams,benjamincarolyn@example.com,,Tablet,Accessories,2,180,360,Cash
4371,21,Hunter Clay,ashleystephenson@example.net,,Tablet,Accessories,3,514,1542,Credit Card
4372,41,Gina Smith,marcmoore@example.org,2024-06-07,Keyboard,Accessories,2,783,1566,Cash
4373,51,Randall Salazar,bvalencia@example.net,2025-10-07,Headphones,Photography,5,305,1525,PayPal
4374,27,Jeffrey Foster,darren21@example.net,,Mouse,Photography,4,1304,5216,Cash
4375,61,Jason Jackson,humphreykimberly@example.org,2025-03-17,Camera,Photography,1,899,899,Cash
4376,34,Maria Sanchez,tjohnson@example.com,,Laptop,Photography,5,59,295,PayPal
4377,32,Mrs. Amy Jackson,armstrongmanuel@example.com,,Webcam,Photography,1,1126,1126,Credit Card
4378,48,Stacey Ray,wrightamy@example.net,2024-09-05,Smartphone,Accessories,2,38,76,Credit Card
4379,54,Christina Murray,savannah48@example.org,2026-02-04,Printer,Electronics,2,1392,2784,Credit Card
4380,46,Brandon Underwood,ratkins@example.com,,Tablet,Electronics,4,155,620,Cash
4381,31,Pamela Smith,cmay@example.org,2024-05-15,Laptop,Photography,1,407,407,PayPal
4382,65,Scott Russell,blakesusan@example.net,2026-02-11,Tablet,Photography,1,431,431,Cash
4383,43,,thomasbrown@example.com,2025-10-19,Speaker,Electronics,2,485,970,Credit Card
4384,50,Manuel Caldwell,christinasantiago@example.org,2024-10-13,Printer,Accessories,1,870,870,Cash
4385,26,Susan Shah,pgarcia@example.org,2024-06-16,Camera,Photography,,876,0,Cash
4386,65,Dawn Smith,markbaker@example.com,2025-10-13,Camera,Accessories,1,652,652,PayPal
4387,67,Sarah Wilson,jpowell@example.org,2026-02-09,Printer,Photography,4,1042,4168,Cash
4388,29,Brandon Clark,mlucas@example.org,2026-02-09,Keyboard,Photography,2,155,310,PayPal
4389,22,Donald Pratt,keith40@example.org,2025-06-14,Speaker,Accessories,3,612,1836,Credit Card
4390,35,James Ayala,rarnold@example.org,2024-10-19,Camera,Electronics,2,244,488,PayPal
4391,48,Jeremy Simpson,rmccoy@example.com,2026-02-23,Speaker,Electronics,4,270,1080,Cash
4392,56,,iholmes@example.com,2025-08-07,Monitor,Accessories,1,1021,1021,Credit Card
4393,36,Audrey Oliver,oholland@example.net,2025-03-24,Laptop,Electronics,4,1167,4668,Credit Card
4394,29,Danielle Hill MD,mboyle@example.com,2024-09-14,Mouse,Electronics,2,181,362,Credit Card
4395,49,Luke Ferguson,ehanson@example.net,2025-12-01,Speaker,Electronics,3,168,504,Cash
4396,33,James Martinez,salazarkenneth@example.net,2026-01-18,Mouse,Photography,2,1405,2810,PayPal
4397,18,Scott Davis,sydney69@example.org,2024-03-28,Tablet,Accessories,5,653,3265,Credit Card
4398,51,Kelly Trujillo,austineric@example.com,2024-10-18,Mouse,Electronics,1,498,498,Credit Card
4399,48,Tyrone Welch,chelsea57@example.com,2025-02-18,Laptop,Accessories,5,1361,6805,Cash
4400,48,Thomas Powell,mfernandez@example.org,2024-12-26,Camera,Accessories,5,1019,5095,Credit Card
4401,62,Christopher Stewart,wmason@example.org,2025-10-07,Laptop,Photography,1,397,397,Cash
4402,35,Clinton Fowler II,vwebb@example.org,2025-08-15,Speaker,Electronics,1,817,817,Cash
4403,19,Joann Love,lauren01@example.org,2025-06-05,Printer,Electronics,3,1140,3420,Cash
4404,70,Rhonda Carlson,david92@example.com,2026-01-13,Speaker,Electronics,4,931,3724,PayPal
4405,23,Raymond Brennan,hernandezjohnny@example.org,,Printer,Photography,3,84,252,Cash
4406,21,Kathleen Joseph,lgraham@example.net,2024-08-01,Headphones,Accessories,2,1098,2196,Cash
4407,33,Angela Santos,ian18@example.org,2024-10-03,Speaker,Photography,2,911,1822,Cash
4408,36,Lori Smith,sarah36@example.net,2025-09-20,Monitor,Accessories,5,1373,6865,Cash
4409,30,Mark Orozco,rachel63@example.net,,Laptop,Photography,1,1450,1450,Credit Card
4410,41,Dr. Heidi Marsh MD,karen76@example.com,2025-10-23,Smartphone,Electronics,4,1053,4212,PayPal
4411,26,Michael Stevens,davidcook@example.net,2025-07-13,Camera,Photography,1,112,112,Cash
4412,45,Daniel Hall,jeffrey40@example.com,2025-10-17,Speaker,Accessories,4,720,2880,Credit Card
4413,51,Denise Vazquez,kaitlinvalencia@example.org,2025-10-12,Camera,Accessories,2,1262,2524,PayPal
4414,57,Emma Short,faith26@example.net,2025-01-15,Smartphone,Accessories,5,1071,5355,Cash
4415,42,Taylor Underwood,prestonstacy@example.com,2024-09-14,Printer,Accessories,1,1331,1331,Cash
4416,68,Jacqueline Cox,ybrown@example.org,2025-05-31,Monitor,Electronics,1,857,857,PayPal
4417,30,Janet Walsh,michelle22@example.com,2024-03-09,Speaker,Accessories,5,184,920,PayPal
4418,22,Tina Koch,cookekelly@example.net,2024-09-13,Speaker,Accessories,2,1267,2534,PayPal
4419,22,James Tucker,marycantu@example.com,2025-03-06,Laptop,Electronics,1,181,181,Cash
4420,51,Kristina Mitchell,ihicks@example.com,2025-03-14,Keyboard,Electronics,2,1038,2076,Cash
4421,24,Robert Cervantes,dmiller@example.com,2025-12-21,Keyboard,Photography,4,1038,4152,Credit Card
4422,34,Karen Hayes,gloriagarcia@example.org,2025-09-28,Headphones,Photography,3,625,1875,PayPal
4423,47,Mindy Collins,maryolson@example.org,2025-08-28,Smartphone,Photography,2,272,544,Credit Card
4424,24,Hannah Munoz,ryan38@example.net,2024-08-21,Headphones,Photography,5,415,2075,PayPal
4425,40,Adam Lewis,gutierrezelizabeth@example.com,2024-09-03,Webcam,Electronics,3,417,1251,PayPal
4426,63,Frederick Macias,adamriddle@example.com,2026-01-02,Printer,Photography,4,1166,4664,PayPal
4427,54,Richard Phillips,michael61@example.com,2025-01-22,Mouse,Photography,2,810,1620,PayPal
4428,25,Susan Smith,salinaskatelyn@example.org,2024-08-12,Speaker,Electronics,5,647,3235,PayPal
4429,44,Rachel Gregory,monica56@example.net,2024-10-04,Tablet,Accessories,5,87,435,Cash
4430,40,John Aguirre,brian22@example.com,2025-07-19,Tablet,Photography,3,1127,3381,Credit Card
4431,24,Amanda Anderson,carolyn89@example.net,2025-07-13,Laptop,Electronics,1,1382,1382,Credit Card
4432,20,Christina Willis,rodriguezsamantha@example.org,,Camera,Electronics,3,1489,4467,Credit Card
4433,36,Tanya Cabrera,peterszachary@example.com,2025-06-24,Smartphone,Photography,,868,0,Credit Card
4434,26,Mary White,davidsanders@example.net,,Webcam,Electronics,,575,0,PayPal
4435,24,Christine Moore,ewilliams@example.org,2025-12-16,Tablet,Accessories,3,941,2823,Cash
4436,47,Kenneth Hall,kcamacho@example.net,,Mouse,Photography,2,824,1648,PayPal
4437,54,Jacob Ramirez,mckenzie53@example.com,2026-02-27,Webcam,Electronics,,665,0,Credit Card
4438,36,Sheila Lamb,foleylauren@example.com,2026-01-13,Webcam,Photography,1,214,214,Cash
4439,29,Jodi Wells,sherry31@example.com,2024-09-24,Laptop,Accessories,4,395,1580,PayPal
4440,57,Sara Mcneil,amykrause@example.net,2024-04-05,Camera,Accessories,1,577,577,Cash
4441,49,,richard01@example.org,2024-09-06,Laptop,Accessories,1,770,770,Credit Card
4442,62,Rachel Avery,cmyers@example.com,2026-01-20,Monitor,Photography,4,36,144,Credit Card
4443,54,Brianna Gallagher,stephen98@example.net,2025-05-22,Laptop,Photography,2,1373,2746,PayPal
4444,55,Cindy Hines,qsantiago@example.org,2024-04-04,Laptop,Photography,3,441,1323,Cash
4445,28,Kathleen Rivera,kimberly43@example.org,2025-11-14,Printer,Photography,3,1189,3567,Credit Card
4446,55,Brittney Vazquez,kelly46@example.org,2024-11-22,Smartphone,Photography,4,425,1700,PayPal
4447,70,Ian Jimenez,parkkayla@example.org,2025-11-04,Smartphone,Electronics,1,1373,1373,Cash
4448,51,Lisa Jimenez,jonesmatthew@example.org,2024-10-09,Speaker,Electronics,2,1243,2486,Credit Card
4449,23,Joyce Scott,leonardandrew@example.com,,Monitor,Electronics,4,960,3840,PayPal
4450,44,Lori Wallace,paula59@example.com,2024-07-08,Headphones,Photography,3,1395,4185,PayPal
4451,57,Heather Weaver,seannewton@example.net,,Keyboard,Accessories,1,736,736,PayPal
4452,65,Michael Brown,randallstacey@example.com,2025-02-02,Webcam,Accessories,4,1180,4720,Credit Card
4453,25,Rebecca Davies,pwise@example.org,2025-06-20,Mouse,Photography,2,1445,2890,Cash
4454,33,Craig Johnson,brandon37@example.org,2025-02-26,Laptop,Photography,3,142,426,PayPal
4455,23,Laura Guzman,kcoffey@example.org,2024-04-29,Printer,Accessories,4,1331,5324,Cash
4456,41,Robert Goodman,maryholmes@example.net,2025-10-10,Speaker,Electronics,4,482,1928,Cash
4457,70,Randy Best,krystal91@example.com,,Webcam,Electronics,4,35,140,Cash
4458,33,Jeffrey Mathis,matthewwilson@example.org,2024-12-13,Monitor,Electronics,4,993,3972,Cash
4459,34,Julie Mendoza,omar48@example.com,2025-09-11,Webcam,Photography,2,1288,2576,Credit Card
4460,70,Kelly Trujillo,srogers@example.org,2024-11-17,Webcam,Electronics,2,579,1158,Credit Card
4461,26,,patricia64@example.org,2024-07-06,Mouse,Photography,4,445,1780,Credit Card
4462,66,Michelle Martin,fjenkins@example.com,2025-03-16,Laptop,Electronics,5,111,555,PayPal
4463,23,Antonio Moran,everettantonio@example.com,2025-04-10,Monitor,Electronics,5,439,2195,Credit Card
4464,36,Dr. Jeremy Brown PhD,heather62@example.org,2025-06-13,Smartphone,Accessories,3,487,1461,Cash
4465,56,Karen Williams,mirandamendez@example.com,2024-09-05,Mouse,Photography,5,1044,5220,Credit Card
4466,41,Whitney Charles,theresajones@example.net,2026-01-09,Printer,Electronics,5,90,450,Credit Card
4467,61,Jeffrey Robinson,erik60@example.org,2025-12-15,Smartphone,Electronics,4,932,3728,Cash
4468,54,Leslie Haney,marissafarrell@example.net,,Camera,Accessories,3,207,621,Credit Card
4469,68,Alyssa Moss,karinawells@example.com,2024-09-27,Headphones,Electronics,5,1173,5865,Cash
4470,36,Donald Davis,soconnell@example.org,2024-12-11,Keyboard,Photography,1,247,247,Cash
4471,68,Wayne Singh,lclark@example.net,2025-01-09,Keyboard,Accessories,3,386,1158,Credit Card
4472,40,Amber Lewis,michael90@example.org,2024-05-21,Laptop,Electronics,3,399,1197,PayPal
4473,52,Margaret Payne,egross@example.com,,Printer,Photography,5,1104,5520,PayPal
4474,21,Michelle Myers,john01@example.net,2026-01-26,Mouse,Accessories,3,608,1824,Credit Card
4475,19,Daniel Lamb,iward@example.net,2026-01-14,Camera,Electronics,5,1058,5290,Credit Card
4476,36,Samuel Price,fcantu@example.net,,Speaker,Accessories,4,1412,5648,Credit Card
4477,37,Sally Koch,afrost@example.com,2024-08-12,Tablet,Electronics,3,860,2580,Cash
4478,27,Vanessa Smith,epalmer@example.net,2025-11-29,Keyboard,Photography,4,481,1924,PayPal
4479,53,John Watson,ericcoleman@example.com,2024-11-08,Tablet,Photography,1,540,540,Credit Card
4480,67,Jeremy Garcia,robinsonamanda@example.net,2024-08-28,Speaker,Electronics,4,846,3384,Cash
4481,59,Michael Lewis,julie43@example.net,2025-12-02,Speaker,Photography,3,168,504,Credit Card
4482,18,Pamela Mason,uhuffman@example.org,2024-09-04,Mouse,Electronics,5,324,1620,PayPal
4483,53,Brittany Riley,alicia69@example.com,,Printer,Photography,2,174,348,Credit Card
4484,55,Kimberly Ward,jesus02@example.net,2025-07-07,Speaker,Electronics,2,1381,2762,PayPal
4485,54,Danielle Johnson,qvaldez@example.com,2025-05-13,Laptop,Accessories,2,448,896,PayPal
4486,58,Ronald Graves,kevinhall@example.org,2024-09-15,Headphones,Electronics,3,756,2268,Cash
4487,28,Jose Miranda,simmonsjoel@example.com,2024-08-06,Printer,Electronics,2,1321,2642,Credit Card
4488,32,Victoria Walters,kellydarren@example.net,2025-07-20,Speaker,Accessories,1,481,481,Cash
4489,43,Daniel Johnson,racevedo@example.net,2025-08-21,Keyboard,Electronics,2,588,1176,PayPal
4490,45,Rachel Castro,anthony64@example.com,2025-08-15,Laptop,Electronics,4,1161,4644,Cash
4491,36,Melanie Martin,joshua19@example.com,2024-08-31,Speaker,Electronics,1,233,233,Credit Card
4492,48,Mary Day,ralph32@example.net,2025-06-03,Keyboard,Electronics,2,1441,2882,PayPal
4493,47,Madeline Gregory,christopher46@example.org,2026-01-27,Smartphone,Photography,2,115,230,Cash
4494,61,Robert Gibson,pwright@example.org,2025-12-26,Monitor,Accessories,2,389,778,Cash
4495,32,Jane Harris,ysanchez@example.org,2025-09-19,Camera,Accessories,5,310,1550,Credit Card
4496,55,Mr. Justin Horn,clintonjohnson@example.com,2025-01-22,Tablet,Electronics,1,626,626,Credit Card
4497,33,,fergusonrachael@example.org,2024-09-04,Keyboard,Accessories,5,554,2770,PayPal
4498,36,Laurie Costa,vramos@example.org,2025-10-28,Monitor,Electronics,5,1226,6130,Credit Card
4499,46,Jackson Mckee,esmith@example.org,,Printer,Electronics,5,1271,6355,PayPal
4500,51,Angela Camacho,kali@example.net,2025-09-17,Camera,Photography,4,1421,5684,PayPal
4501,36,,gabrielleanderson@example.org,2026-01-16,Camera,Electronics,5,435,2175,PayPal
4502,42,Sabrina Henderson,ssmith@example.net,2026-02-09,Monitor,Accessories,5,528,2640,PayPal
4503,66,Martin Reyes,jessicacopeland@example.net,,Keyboard,Photography,5,525,2625,PayPal
4504,32,Beth Dodson,ychristian@example.net,2025-06-19,Headphones,Accessories,5,157,785,Credit Card
4505,38,Jose Mcdonald,holly01@example.com,2025-06-20,Mouse,Photography,2,207,414,PayPal
4506,52,Natalie Thompson,dknight@example.org,2025-10-06,Laptop,Electronics,4,760,3040,PayPal
4507,65,Barbara Raymond,qkhan@example.com,2024-05-01,Smartphone,Photography,1,1364,1364,Credit Card
4508,65,Timothy Lopez,amy74@example.org,2024-12-25,Headphones,Electronics,2,607,1214,Cash
4509,46,,nweber@example.net,2024-12-13,Mouse,Photography,1,250,250,PayPal
4510,66,,christopher28@example.com,2025-07-24,Monitor,Accessories,1,439,439,Credit Card
4511,27,Jacob Flynn,allentheodore@example.net,,Camera,Electronics,1,1452,1452,Cash
4512,51,Mary Mcbride,johnsonlarry@example.net,2025-12-22,Keyboard,Accessories,5,1452,7260,PayPal
4513,61,Amy Gonzalez,thomas03@example.org,2025-02-06,Headphones,Electronics,5,395,1975,Cash
4514,55,Derek Boyer,blacktimothy@example.com,2024-07-04,Speaker,Electronics,2,479,958,PayPal
4515,66,Yvonne Whitney,james52@example.org,2025-06-08,Headphones,Electronics,1,1194,1194,Cash
4516,34,Wanda Hill,kimberlyjones@example.net,2025-10-06,Tablet,Accessories,1,851,851,Cash
4517,27,Bryan Peterson,millercharles@example.net,2026-01-30,Headphones,Photography,5,1006,5030,Credit Card
4518,49,Karla Harris,vasquezlori@example.org,2024-06-30,Tablet,Electronics,4,860,3440,Credit Card
4519,25,Carolyn Wheeler,gbarron@example.net,2024-07-12,Speaker,Electronics,5,89,445,Cash
4520,53,Daniel Jackson,srivera@example.org,,Camera,Photography,5,705,3525,Cash
4521,20,Andrea Brown,nking@example.com,2025-09-16,Camera,Photography,5,857,4285,Credit Card
4522,42,Mark Massey,jonathan84@example.org,,Laptop,Accessories,1,1380,1380,Credit Card
4523,39,Ryan Tran,waynewalker@example.org,2025-06-27,Smartphone,Electronics,5,701,3505,Credit Card
4524,44,Amy Perez,jeffreysullivan@example.org,2025-06-06,Camera,Photography,2,1242,2484,PayPal
4525,64,Teresa Odom,ginacohen@example.org,2024-06-04,Speaker,Accessories,1,944,944,Credit Card
4526,56,Kyle Davis,kathleen49@example.org,2025-02-17,Printer,Electronics,5,1076,5380,PayPal
4527,64,Laura Rogers,fbaker@example.com,2025-12-05,Speaker,Photography,1,727,727,Cash
4528,67,Michael Vasquez,monicajones@example.com,2026-02-03,Camera,Photography,5,898,4490,Cash
4529,68,,robertstone@example.org,2024-04-01,Mouse,Accessories,4,590,2360,Credit Card
4530,23,Anthony Nunez,martinezsean@example.com,2024-05-14,Tablet,Photography,1,172,172,PayPal
4531,50,Sherry Walker,trevorclark@example.org,2024-12-01,Speaker,Electronics,3,166,498,PayPal
4532,61,Jose Barker,kristen41@example.org,2025-07-02,Keyboard,Photography,5,798,3990,Cash
4533,46,Robert Garrett,ijohnson@example.org,2026-01-01,Smartphone,Accessories,2,111,222,Cash
4534,62,Denise Brennan,henry43@example.org,2024-08-05,Smartphone,Photography,2,1354,2708,Credit Card
4535,29,Amanda Scott,cynthia92@example.org,2024-07-29,Camera,Accessories,4,167,668,Credit Card
4536,58,Elizabeth Foster MD,jennifer18@example.com,2025-02-05,Smartphone,Accessories,2,612,1224,Credit Card
4537,52,Elizabeth Williams,keithavila@example.com,2025-12-31,Headphones,Photography,1,1057,1057,Cash
4538,35,Kyle Wright,lmahoney@example.net,2025-01-30,Speaker,Electronics,4,54,216,Cash
4539,50,Sean Huff,lisacoffey@example.net,2025-10-13,Tablet,Photography,3,1373,4119,Credit Card
4540,39,Karen Schaefer,krystalflynn@example.com,2025-11-08,Laptop,Accessories,4,129,516,Cash
4541,47,Melinda Dyer,brianahendricks@example.org,2026-01-28,Speaker,Electronics,4,683,2732,Credit Card
4542,21,Edward Freeman,martin53@example.com,2025-11-16,Camera,Photography,1,305,305,Cash
4543,46,Jeremy Green,nicolasjohnson@example.net,2025-06-18,Camera,Photography,2,496,992,Cash
4544,28,Thomas Walter,floresleslie@example.org,2026-02-07,Tablet,Photography,3,858,2574,PayPal
4545,31,Kevin Summers,leesamantha@example.net,2024-12-21,Mouse,Accessories,1,281,281,Cash
4546,50,Linda Shaffer,patricia78@example.com,,Printer,Accessories,3,357,1071,Credit Card
4547,18,David Lewis,leelee@example.org,,Laptop,Electronics,5,22,110,Credit Card
4548,66,Valerie Robles,william05@example.org,2025-06-10,Monitor,Electronics,4,574,2296,Credit Card
4549,66,,lisa15@example.com,2025-05-21,Mouse,Electronics,5,1148,5740,PayPal
4550,40,Richard Hughes,ruizlonnie@example.org,2025-07-25,Monitor,Accessories,4,1458,5832,PayPal
4551,40,Michael Bond,georgedaugherty@example.net,2024-12-08,Tablet,Accessories,1,126,126,PayPal
4552,19,Samantha Mckay,lawrence63@example.com,2024-09-01,Headphones,Photography,4,1487,5948,PayPal
4553,26,Thomas Higgins,rachelcurry@example.com,2026-01-22,Printer,Electronics,3,1132,3396,Cash
4554,61,Jacob Moreno,michaelsanders@example.org,2024-04-24,Camera,Accessories,5,241,1205,PayPal
4555,63,Patricia Jacobs,eric12@example.net,2024-12-27,Printer,Electronics,1,1433,1433,Credit Card
4556,33,Adrienne Ramos,floresgregory@example.org,2025-06-08,Printer,Photography,5,371,1855,Cash
4557,58,,brianchung@example.net,2025-07-12,Mouse,Photography,3,374,1122,PayPal
4558,64,Patrick Rowe,kimberly81@example.net,2024-09-27,Mouse,Electronics,5,41,205,Credit Card
4559,39,James Townsend,rhodesbryan@example.com,2025-04-28,Printer,Electronics,5,1129,5645,Cash
4560,23,Mark Rodriguez,heathrichard@example.net,,Tablet,Accessories,4,390,1560,Credit Card
4561,29,James Wagner,barkermisty@example.org,2024-05-10,Smartphone,Electronics,3,253,759,PayPal
4562,68,Dawn Duncan,iwilson@example.org,2026-02-22,Webcam,Photography,1,861,861,Cash
4563,19,Austin Grimes,elizabeth54@example.org,2024-12-10,Speaker,Photography,5,512,2560,Credit Card
4564,21,Matthew Garrett,robert79@example.com,2025-12-26,Mouse,Accessories,5,1063,5315,PayPal
4565,20,Kristin Johnson,ajohnson@example.org,2025-09-14,Webcam,Photography,2,960,1920,PayPal
4566,47,Gordon Bell,tamaramay@example.com,2024-06-26,Tablet,Electronics,2,995,1990,Cash
4567,61,Travis Moody,stephenspamela@example.com,2024-06-21,Tablet,Accessories,4,494,1976,Cash
4568,25,Alyssa Jones,wheelerluis@example.com,2024-09-22,Smartphone,Accessories,4,1155,4620,PayPal
4569,48,Tricia Allen,amberbaker@example.com,,Headphones,Photography,3,1294,3882,PayPal
4570,21,Jose Martin,luis32@example.net,2025-06-21,Mouse,Electronics,3,188,564,Credit Card
4571,18,Mr. Paul Francis,smithdave@example.com,2025-09-17,Mouse,Accessories,2,1108,2216,PayPal
4572,28,Jordan Torres,derrick74@example.org,2024-03-28,Laptop,Accessories,3,397,1191,PayPal
4573,66,Taylor Mendoza,michael10@example.org,,Monitor,Accessories,3,812,2436,PayPal
4574,24,Paul Copeland,jvasquez@example.com,2025-10-22,Smartphone,Accessories,4,925,3700,Cash
4575,35,Mark Sanchez,nicholashinton@example.com,2025-05-25,Speaker,Electronics,4,117,468,Cash
4576,45,Rebecca Martin,williamskayla@example.net,2025-01-31,Smartphone,Photography,4,1092,4368,PayPal
4577,29,Patricia Navarro,ericgonzales@example.com,2025-04-15,Camera,Photography,3,102,306,Credit Card
4578,21,Dennis Holland,misty63@example.net,2024-07-18,Smartphone,Accessories,1,718,718,Credit Card
4579,23,Mike Jackson,ktate@example.net,2024-12-31,Monitor,Accessories,,587,0,Cash
4580,38,Kayla Thomas,john51@example.org,2025-11-22,Monitor,Accessories,1,894,894,Credit Card
4581,29,Darrell Lewis,annwalters@example.org,2026-01-05,Mouse,Photography,1,503,503,Credit Card
4582,60,Laura Suarez,omurphy@example.org,2024-05-21,Laptop,Photography,2,23,46,Credit Card
4583,46,Carol Gomez,rita06@example.com,2025-05-16,Laptop,Photography,2,297,594,PayPal
4584,19,,dphillips@example.net,2025-05-12,Headphones,Photography,4,254,1016,PayPal
4585,62,Kimberly Dodson,tlopez@example.org,2025-09-25,Laptop,Electronics,1,1418,1418,Cash
4586,37,Isaac Oconnor,umendez@example.org,,Laptop,Accessories,2,1002,2004,Cash
4587,53,Emily Chase,mark47@example.com,2024-04-01,Mouse,Photography,5,975,4875,Cash
4588,49,Robert Greene,ljones@example.net,2024-10-11,Camera,Accessories,1,863,863,PayPal
4589,22,Holly Burton,bentleycarlos@example.com,2024-08-18,Tablet,Electronics,5,1042,5210,Credit Card
4590,47,Allen Monroe,dray@example.org,2025-06-23,Smartphone,Accessories,3,993,2979,Credit Card
4591,51,Leslie Santos,brooksdavid@example.com,2025-07-01,Camera,Accessories,1,546,546,Cash
4592,18,David Anderson,claytonbrown@example.org,2024-12-07,Keyboard,Photography,4,1344,5376,Credit Card
4593,59,Laura Evans,yarnold@example.net,2025-08-16,Laptop,Electronics,2,1112,2224,Credit Card
4594,23,Aaron Bell,marissa73@example.net,2025-07-31,Printer,Photography,4,360,1440,Cash
4595,26,Paul Smith,xedwards@example.org,2025-12-07,Monitor,Electronics,4,1088,4352,Cash
4596,32,Dylan Simpson,burchkerry@example.com,2024-08-26,Headphones,Photography,4,1014,4056,PayPal
4597,30,Daniel Jones,daniel50@example.com,2024-08-26,Headphones,Electronics,5,369,1845,Cash
4598,50,Jennifer Anderson,arollins@example.net,,Keyboard,Accessories,3,1457,4371,PayPal
4599,70,Eric Myers,maynardbrandon@example.com,2025-05-17,Printer,Electronics,2,379,758,PayPal
4600,28,Glenda Maldonado,christopher02@example.net,,Camera,Accessories,1,1118,1118,Credit Card
4601,61,Michael Huffman,preston23@example.net,2025-12-28,Smartphone,Photography,3,252,756,Credit Card
4602,63,Joshua Silva,patelashley@example.org,2025-09-07,Mouse,Electronics,5,614,3070,Cash
4603,22,Joshua Edwards,webstermichael@example.org,2024-08-09,Webcam,Accessories,2,107,214,PayPal
4604,65,Derek Lucero,jrogers@example.net,2025-05-26,Printer,Accessories,2,67,134,Cash
4605,35,Kenneth Osborne,christinegonzalez@example.org,2025-07-11,Laptop,Photography,5,719,3595,Credit Card
4606,54,Amanda Gomez,montesbrian@example.com,2025-02-03,Tablet,Electronics,4,365,1460,Cash
4607,46,Kimberly Hawkins,gilbertanna@example.com,2025-08-01,Speaker,Accessories,1,1437,1437,PayPal
4608,20,Jill Butler,arthur79@example.net,2024-05-16,Headphones,Photography,4,326,1304,PayPal
4609,39,Katrina Martin,cchambers@example.org,2024-12-06,Printer,Electronics,4,108,432,Cash
4610,70,Jordan Weeks,beverly66@example.net,2024-11-01,Laptop,Photography,5,128,640,Cash
4611,49,Cody Jenkins,keithconner@example.net,2025-10-21,Tablet,Electronics,2,1367,2734,Credit Card
4612,62,Maxwell Park,jamiemcdaniel@example.org,2024-11-06,Tablet,Electronics,4,1365,5460,Cash
4613,25,Jamie Orozco,mpittman@example.org,2024-06-13,Tablet,Photography,3,1413,4239,PayPal
4614,52,Rebecca Gould,whitetiffany@example.com,,Smartphone,Accessories,2,1452,2904,PayPal
4615,46,Mason Williams,gregory70@example.org,2024-10-03,Camera,Electronics,5,1490,7450,Credit Card
4616,47,Crystal Perez,ewilson@example.org,,Webcam,Accessories,5,439,2195,Credit Card
4617,52,Jason Todd,nsmith@example.com,2025-08-28,Speaker,Accessories,1,929,929,Cash
4618,44,Alyssa Baker,scottmoore@example.org,2024-07-06,Webcam,Accessories,4,667,2668,Cash
4619,38,Brian Floyd,clarkjackie@example.org,2025-06-08,Mouse,Accessories,5,459,2295,PayPal
4620,55,,garciaanthony@example.com,2025-04-25,Webcam,Accessories,4,984,3936,Credit Card
4621,60,Amy Boyd,dwood@example.org,2025-06-13,Speaker,Accessories,3,892,2676,Credit Card
4622,65,,heather48@example.com,2024-05-29,Monitor,Photography,5,1268,6340,Credit Card
4623,36,Keith Wallace,veronica62@example.com,2025-07-29,Mouse,Photography,3,1327,3981,Cash
4624,50,,rebecca23@example.org,2025-06-27,Printer,Accessories,2,218,436,Cash
4625,57,Adam Barber,williamschmidt@example.com,2026-01-01,Mouse,Accessories,2,272,544,Cash
4626,35,Terry Wells,rjones@example.org,2025-07-16,Webcam,Electronics,5,1170,5850,PayPal
4627,24,,andreacampbell@example.com,2024-09-14,Webcam,Accessories,2,486,972,Cash
4628,56,Derek Hawkins,anthony15@example.org,2024-07-30,Mouse,Accessories,1,987,987,Cash
4629,63,Diana Stewart,andrewlynn@example.net,2024-02-29,Printer,Photography,1,588,588,PayPal
4630,52,Bobby Evans,stephaniehowe@example.org,2025-05-11,Laptop,Electronics,1,1412,1412,Credit Card
4631,29,Sarah Duncan,greenbrian@example.org,,Headphones,Accessories,2,411,822,PayPal
4632,57,Ricardo Murray,ethomas@example.com,2024-08-28,Mouse,Accessories,1,1075,1075,Cash
4633,63,Christian Daugherty,schmidtrichard@example.org,2024-11-01,Headphones,Accessories,4,754,3016,Credit Card
4634,41,Terry Allen,nbrown@example.com,2026-01-30,Mouse,Photography,1,974,974,Credit Card
4635,46,Christopher Miller,jacquelinegardner@example.com,2024-09-10,Printer,Photography,3,565,1695,Credit Card
4636,55,Gregory Ramirez,melissalittle@example.net,2025-08-03,Printer,Photography,4,639,2556,Credit Card
4637,31,Amanda Johnson MD,michaelyork@example.net,2025-04-03,Keyboard,Accessories,1,1178,1178,Credit Card
4638,53,Jeremy Nelson,jordanmeyers@example.com,2025-05-02,Camera,Photography,4,1484,5936,Cash
4639,51,Logan Lane,lsanchez@example.net,2025-10-13,Laptop,Accessories,1,51,51,Credit Card
4640,19,Meagan Jackson,xblankenship@example.org,2024-11-06,Keyboard,Photography,,1290,0,Cash
4641,62,Raymond Johnson,edgar90@example.com,2025-03-03,Webcam,Photography,2,621,1242,Credit Card
4642,19,Steven Foster,williamsdavid@example.net,2024-03-09,Headphones,Accessories,1,1149,1149,Cash
4643,62,Ashlee Reynolds,douglas46@example.org,,Mouse,Accessories,5,462,2310,Cash
4644,53,Caroline Mcmahon,kcastillo@example.com,2024-09-14,Smartphone,Electronics,3,1284,3852,Credit Card
4645,69,Lauren Vargas,tanya18@example.net,2024-10-13,Smartphone,Accessories,5,885,4425,Cash
4646,68,Perry Anderson,zacharylawson@example.com,2024-12-18,Mouse,Electronics,4,1044,4176,PayPal
4647,46,Raymond Kennedy,kentolson@example.org,2025-07-06,Headphones,Electronics,5,170,850,PayPal
4648,47,Michael Gonzalez,douglasdamon@example.net,2025-06-19,Laptop,Electronics,5,81,405,Credit Card
4649,30,Carlos Rosales,david32@example.net,2025-07-18,Tablet,Photography,5,194,970,Credit Card
4650,48,Joshua Carey,patrick93@example.org,2025-10-17,Headphones,Accessories,1,1390,1390,PayPal
4651,23,Austin Cox,kmontgomery@example.org,2024-05-22,Headphones,Photography,1,1285,1285,PayPal
4652,69,Mary Parsons,christopher86@example.com,2024-03-17,Mouse,Accessories,4,1382,5528,Cash
4653,21,Scott Vasquez,moniquehoward@example.org,2024-12-11,Speaker,Photography,2,1215,2430,Cash
4654,64,Scott Gillespie,staceygalvan@example.net,2024-03-03,Headphones,Photography,2,178,356,Cash
4655,33,Russell Pearson,fdavis@example.org,2024-12-20,Keyboard,Accessories,2,1114,2228,PayPal
4656,58,Mr. John Peters,whitesamantha@example.net,2024-08-03,Printer,Accessories,1,1489,1489,PayPal
4657,45,Mrs. Adriana Johnson DVM,jeffrey76@example.org,2025-07-02,Monitor,Accessories,1,630,630,Cash
4658,63,Kimberly Simmons,anna52@example.net,,Smartphone,Accessories,1,1262,1262,PayPal
4659,25,Douglas Wilson,martinelizabeth@example.net,2025-01-27,Webcam,Electronics,1,615,615,Credit Card
4660,25,Christopher James,charlotte77@example.net,,Mouse,Electronics,5,998,4990,PayPal
4661,58,Thomas Williams,mark41@example.com,2026-01-19,Laptop,Electronics,2,141,282,PayPal
4662,64,,ronalddalton@example.org,2024-10-17,Keyboard,Photography,4,934,3736,PayPal
4663,65,Alexis Bailey,bowencourtney@example.com,2024-08-15,Speaker,Accessories,5,1057,5285,Cash
4664,49,John Frost,leslie14@example.com,2024-05-25,Speaker,Electronics,4,961,3844,PayPal
4665,20,Vincent Taylor,fgreen@example.org,2024-12-14,Printer,Electronics,3,1428,4284,Cash
4666,49,Melanie Williamson,pclarke@example.com,,Camera,Electronics,3,844,2532,PayPal
4667,38,Cindy Mendez,phillipslaurie@example.org,2026-02-01,Webcam,Photography,4,185,740,Credit Card
4668,33,,scaldwell@example.com,2024-12-30,Headphones,Electronics,4,189,756,Credit Card
4669,40,Margaret White,gregorybrooks@example.com,2025-12-09,Camera,Photography,4,399,1596,Cash
4670,43,,wangchristina@example.net,2024-04-01,Monitor,Photography,1,75,75,Cash
4671,59,Brandy Sanchez,michael02@example.net,2024-08-28,Monitor,Photography,1,1496,1496,PayPal
4672,60,Ashley Alvarado,qbrown@example.com,2025-11-11,Webcam,Electronics,2,291,582,PayPal
4673,54,Zachary Nelson,timothy83@example.net,2025-06-21,Speaker,Accessories,2,1121,2242,PayPal
4674,65,Crystal Roberts,cindy21@example.net,2025-02-04,Keyboard,Accessories,2,1341,2682,Credit Card
4675,28,Robert Monroe,marieburgess@example.org,2026-02-17,Keyboard,Photography,1,1083,1083,Cash
4676,65,Rebekah Irwin,wallaceandrea@example.net,2025-01-06,Tablet,Accessories,4,271,1084,Cash
4677,26,,elizabeth57@example.com,2025-02-27,Webcam,Photography,4,1345,5380,PayPal
4678,37,Christopher Davis,oharris@example.net,2025-07-28,Monitor,Photography,5,401,2005,Cash
4679,61,Rebecca Barajas,jcruz@example.com,2025-11-03,Laptop,Electronics,1,942,942,Credit Card
4680,26,Laurie Wilkinson,fgreen@example.net,2025-07-22,Monitor,Accessories,4,1500,6000,Cash
4681,45,Jeremy Colon,thardin@example.net,2024-04-18,Speaker,Photography,5,195,975,Cash
4682,67,Kristen Nguyen,lorirodriguez@example.net,2025-06-22,Monitor,Electronics,4,1198,4792,Credit Card
4683,44,Leslie Carr,ericlopez@example.org,2024-05-08,Camera,Photography,2,303,606,Credit Card
4684,50,Sarah Cruz,normaowens@example.net,2026-01-31,Keyboard,Accessories,2,267,534,PayPal
4685,31,Heather Robinson,vanessa30@example.com,2025-01-25,Headphones,Electronics,2,601,1202,Credit Card
4686,59,,brooksluis@example.org,2025-08-25,Webcam,Electronics,2,1468,2936,Cash
4687,36,April Clayton,kharvey@example.com,,Webcam,Photography,1,755,755,Cash
4688,38,Joshua Callahan,jessica62@example.org,2024-05-21,Headphones,Accessories,3,1385,4155,PayPal
4689,44,Kevin Clark,hhall@example.net,2025-07-26,Keyboard,Photography,2,806,1612,Credit Card
4690,62,Emily Graham,rivasjeffrey@example.net,2024-09-03,Speaker,Photography,1,1462,1462,Cash
4691,28,Colton Cunningham,nathan04@example.com,2025-08-12,Speaker,Photography,1,41,41,Credit Card
4692,66,Sandy Jackson,greenejennifer@example.com,2024-02-29,Printer,Photography,3,1142,3426,Cash
4693,49,,cindyjones@example.com,2024-07-02,Camera,Photography,5,353,1765,Cash
4694,28,Maria Sanchez,lisascott@example.com,,Headphones,Accessories,2,1066,2132,Credit Card
4695,54,Kenneth Larson,ashleyhopkins@example.org,2025-06-06,Laptop,Accessories,4,691,2764,Cash
4696,27,James Massey,anthonygonzalez@example.net,2024-05-21,Keyboard,Photography,,35,0,PayPal
4697,34,Christine Hernandez,brooke03@example.com,2025-12-11,Laptop,Photography,4,66,264,Cash
4698,68,Alexis Harris,pmartinez@example.com,2024-07-19,Printer,Accessories,5,1367,6835,PayPal
4699,37,Dr. Kimberly Ochoa,julie17@example.com,2024-08-30,Speaker,Electronics,1,961,961,Credit Card
4700,31,David Gomez,atkinsstephen@example.com,2024-10-30,Mouse,Accessories,4,1109,4436,Cash
4701,20,Steve Rasmussen,asullivan@example.com,2024-04-27,Webcam,Accessories,2,915,1830,PayPal
4702,29,Aaron Powers,richardsonashley@example.org,2025-11-25,Webcam,Photography,1,416,416,PayPal
4703,31,Misty Brandt,ihamilton@example.org,2025-06-08,Headphones,Photography,3,1014,3042,Cash
4704,21,Charles Schneider,xfoley@example.org,2024-03-01,Tablet,Accessories,1,621,621,Cash
4705,59,Madeline Scott,jessica32@example.org,2025-10-11,Tablet,Photography,4,150,600,PayPal
4706,42,David Simpson,whobbs@example.net,2024-03-22,Headphones,Accessories,1,679,679,PayPal
4707,21,Anthony Richmond,robingreen@example.com,2024-03-08,Webcam,Accessories,1,1328,1328,PayPal
4708,31,Ashley Castro,hardylawrence@example.com,2025-01-24,Speaker,Accessories,5,689,3445,Cash
4709,50,Timothy Hickman,diana53@example.net,2025-05-08,Webcam,Accessories,5,1089,5445,Cash
4710,27,,amy76@example.org,2024-09-07,Monitor,Accessories,5,490,2450,Cash
4711,32,Andrea Martin,stephen34@example.com,2024-06-08,Mouse,Electronics,3,1246,3738,PayPal
4712,60,Travis Conway,erikafernandez@example.org,2025-05-10,Smartphone,Accessories,5,1256,6280,Credit Card
4713,53,Meghan Floyd,casey33@example.org,,Mouse,Electronics,5,518,2590,PayPal
4714,29,Mia Dudley,dickersonalexandra@example.com,2025-06-23,Monitor,Photography,4,1170,4680,Credit Card
4715,41,Christopher Harrison,april87@example.org,2025-06-06,Speaker,Photography,5,198,990,Cash
4716,68,Shane Young,handerson@example.net,2025-07-16,Webcam,Photography,4,820,3280,Credit Card
4717,66,Jeffrey Lawrence,ronald58@example.org,2025-09-07,Camera,Accessories,4,909,3636,Credit Card
4718,19,Sandra Mejia,deanna55@example.com,2025-01-16,Printer,Electronics,2,564,1128,PayPal
4719,31,Natasha Golden,williamwagner@example.com,2025-06-30,Keyboard,Accessories,3,215,645,Cash
4720,53,Christopher Byrd,anthony14@example.com,,Camera,Accessories,1,713,713,Credit Card
4721,35,Victoria Walker,heather11@example.org,,Laptop,Electronics,1,1226,1226,Credit Card
4722,33,William Floyd,zadams@example.org,2024-11-30,Mouse,Photography,4,179,716,PayPal
4723,43,Sara Garrett,brian22@example.com,2025-06-30,Printer,Electronics,1,676,676,PayPal
4724,69,Lauren Salazar,lynchmaria@example.net,2025-10-24,Speaker,Electronics,3,901,2703,Credit Card
4725,25,Morgan Woods,barbara85@example.org,2024-11-26,Camera,Accessories,4,471,1884,Credit Card
4726,34,Julie Bradford,ethan05@example.net,,Speaker,Electronics,1,202,202,Cash
4727,56,Adam Reyes,calebhenderson@example.net,2024-12-14,Mouse,Accessories,2,1041,2082,Cash
4728,48,Mary Spencer,pittmanjames@example.com,,Tablet,Photography,1,1139,1139,PayPal
4729,66,Alex Ortiz,robinramos@example.com,2026-02-02,Smartphone,Electronics,2,1466,2932,Credit Card
4730,30,Nathaniel David,nathanyork@example.org,2026-01-13,Printer,Electronics,3,61,183,PayPal
4731,60,Jennifer Collins,pgray@example.net,2025-08-29,Camera,Electronics,,873,0,PayPal
4732,30,Joseph Bennett,peterschroeder@example.org,2025-01-05,Laptop,Electronics,4,874,3496,PayPal
4733,62,Bradley James,sharonbaldwin@example.com,2025-05-05,Headphones,Electronics,2,416,832,PayPal
4734,60,Christine Carter,dawn43@example.org,,Printer,Photography,2,1339,2678,Credit Card
4735,55,Steven Brown,cwilliams@example.org,2024-06-04,Headphones,Electronics,3,1125,3375,PayPal
4736,64,Alison Johnson,robert96@example.org,2025-04-10,Speaker,Accessories,3,1287,3861,Cash
4737,46,Paul Thomas,lindabarr@example.org,2025-01-20,Tablet,Electronics,5,571,2855,Credit Card
4738,46,Donna Patrick,lewisjohn@example.com,2025-01-13,Headphones,Accessories,5,313,1565,Cash
4739,46,Amy Nguyen,dking@example.org,2024-07-06,Smartphone,Accessories,2,866,1732,PayPal
4740,53,Kevin Curtis,traci07@example.com,2025-06-05,Speaker,Photography,3,679,2037,Cash
4741,36,Shannon Gibson,rmalone@example.net,2025-02-19,Printer,Electronics,1,797,797,Cash
4742,27,Heather Wilcox,john61@example.net,2024-09-23,Printer,Electronics,,1247,0,Credit Card
4743,68,Alisha Hall,peggyrobbins@example.net,2026-02-18,Speaker,Accessories,2,1241,2482,Credit Card
4744,64,James Gibson,landersen@example.com,,Headphones,Accessories,5,1229,6145,Cash
4745,46,Linda Scott,jacob72@example.org,2025-05-12,Laptop,Accessories,1,1100,1100,PayPal
4746,61,Daniel Smith,jonesmichelle@example.org,2025-02-17,Printer,Accessories,4,1218,4872,Credit Card
4747,65,Darrell Armstrong,iperkins@example.org,2026-02-17,Smartphone,Photography,2,735,1470,Credit Card
4748,30,Stacy White,phillipssamantha@example.org,2024-09-28,Smartphone,Accessories,5,292,1460,Credit Card
4749,54,Jacob Maxwell,aballard@example.net,2024-03-03,Headphones,Accessories,1,83,83,Cash
4750,36,Jacob Davis,npowers@example.com,2026-02-03,Camera,Electronics,1,561,561,Credit Card
4751,34,Emily Sandoval,howardtraci@example.com,2026-02-05,Laptop,Photography,2,1265,2530,Credit Card
4752,70,Mary Carson,tcrawford@example.org,2025-11-16,Mouse,Photography,1,1401,1401,PayPal
4753,37,Danny Cole,rachael15@example.net,2025-10-29,Smartphone,Accessories,1,1178,1178,Credit Card
4754,61,Edward Thompson,fvelez@example.com,2025-05-23,Camera,Electronics,1,873,873,Cash
4755,43,Carla Lee,anthony22@example.net,2025-12-07,Monitor,Accessories,2,1111,2222,PayPal
4756,57,Derek Coleman,jamesrodriguez@example.com,2025-03-15,Printer,Accessories,4,906,3624,Cash
4757,47,Travis Holt,brownkendra@example.org,2025-01-02,Camera,Electronics,4,1148,4592,Cash
4758,26,Kathleen Daniel,wvargas@example.com,2024-07-01,Laptop,Electronics,1,1440,1440,PayPal
4759,47,Ashley Freeman,huberkrista@example.net,2024-03-25,Keyboard,Photography,1,947,947,PayPal
4760,46,Ryan Roberts,louismiller@example.org,2025-01-04,Headphones,Electronics,4,984,3936,Credit Card
4761,40,Jared Brooks,nancyrichardson@example.net,2025-11-26,Camera,Accessories,1,1191,1191,Cash
4762,37,David Miller,monica20@example.org,2024-07-08,Keyboard,Electronics,2,278,556,PayPal
4763,18,David Lamb,wandamiller@example.org,2024-12-21,Mouse,Photography,5,481,2405,Cash
4764,56,Melissa Ibarra,zhernandez@example.com,2026-01-12,Webcam,Photography,5,734,3670,Cash
4765,22,Stephen Haynes,crystal78@example.net,,Tablet,Electronics,1,657,657,PayPal
4766,42,Lisa Long,garciadale@example.com,2025-07-03,Smartphone,Accessories,,557,0,Cash
4767,61,Jordan Rich,pamela47@example.org,2025-01-09,Smartphone,Electronics,3,1156,3468,PayPal
4768,18,Daryl Campbell,fbrown@example.com,2025-10-27,Smartphone,Photography,5,221,1105,PayPal
4769,54,Michael Hunt,stacie64@example.org,2025-02-07,Smartphone,Electronics,3,564,1692,Cash
4770,39,Derrick Tran,higginscody@example.org,2024-06-07,Speaker,Accessories,2,109,218,Cash
4771,65,Raymond Taylor,mendozabrittany@example.org,2025-03-07,Printer,Photography,5,1383,6915,Cash
4772,31,Vincent Taylor,brianprince@example.org,2024-03-19,Webcam,Accessories,3,359,1077,Cash
4773,42,Billy Munoz,gvaldez@example.org,2025-05-05,Speaker,Electronics,2,1275,2550,PayPal
4774,41,Adam Harris,ywilliams@example.net,2025-01-25,Tablet,Photography,2,606,1212,Cash
4775,21,Olivia Miller,isabella53@example.org,2025-07-17,Keyboard,Photography,3,646,1938,Cash
4776,46,Elizabeth Lawrence,apeters@example.com,2024-03-18,Keyboard,Photography,4,543,2172,Credit Card
4777,64,Tyler Kline,nathanschultz@example.org,2025-02-06,Smartphone,Electronics,4,1187,4748,Cash
4778,25,Danielle Zimmerman,jacksonfrank@example.org,,Speaker,Photography,1,1409,1409,Cash
4779,63,Alexander Rich,zarmstrong@example.net,,Printer,Electronics,5,1478,7390,Cash
4780,45,,william42@example.org,,Monitor,Electronics,1,1249,1249,Credit Card
4781,33,Nathan Combs,michelle17@example.net,2025-04-23,Speaker,Photography,1,918,918,PayPal
4782,35,Katherine Davis,douglas84@example.com,2024-03-23,Keyboard,Electronics,1,1348,1348,Cash
4783,70,Jeremiah Melton,wendysavage@example.net,2025-11-14,Mouse,Accessories,1,1440,1440,PayPal
4784,36,Ronald Ford,nhall@example.org,,Mouse,Electronics,5,646,3230,Credit Card
4785,28,Brittany Richardson,greenjamie@example.net,2024-11-21,Monitor,Accessories,3,1271,3813,PayPal
4786,54,Cameron Page,james77@example.org,2024-12-10,Smartphone,Accessories,5,365,1825,Credit Card
4787,43,Marc Miller,thomas57@example.com,2024-12-06,Headphones,Photography,1,315,315,Cash
4788,42,Kenneth Young,michael13@example.org,2024-03-01,Webcam,Photography,2,1316,2632,Cash
4789,24,Kristen Smith,bfreeman@example.net,2025-11-30,Headphones,Photography,1,982,982,PayPal
4790,67,Robert Mcconnell,jonesmatthew@example.com,2024-10-08,Webcam,Electronics,1,478,478,PayPal
4791,55,Isaac Baxter,alexis42@example.org,,Mouse,Accessories,3,1347,4041,Credit Card
4792,57,April Farmer,amyyoung@example.org,2025-02-03,Speaker,Photography,1,1083,1083,Cash
4793,69,Melinda Hoover,rjohnson@example.net,2025-05-19,Camera,Photography,4,599,2396,Cash
4794,50,Wesley Wolf,courtneyjefferson@example.net,2025-11-05,Mouse,Accessories,3,587,1761,PayPal
4795,70,Raymond Jones,andersonmadison@example.net,2025-01-31,Smartphone,Electronics,3,478,1434,PayPal
4796,35,Andrew Crawford,hammondveronica@example.net,2025-05-23,Headphones,Accessories,3,387,1161,PayPal
4797,33,,derek73@example.net,2025-02-28,Mouse,Electronics,4,244,976,Credit Card
4798,35,Ralph Smith,joseph90@example.net,2024-07-18,Laptop,Photography,5,235,1175,Credit Card
4799,22,Jennifer Velazquez,alexismoreno@example.com,2024-05-15,Smartphone,Electronics,5,1009,5045,Credit Card
4800,60,John Green,amanda10@example.net,2024-12-03,Laptop,Accessories,2,1123,2246,Cash
4801,43,Tami Allen,william58@example.com,2025-12-07,Laptop,Electronics,5,487,2435,PayPal
4802,68,Stefanie Cortez,austincourtney@example.org,2026-01-19,Speaker,Accessories,4,974,3896,Cash
4803,34,Melanie Grant,timothylewis@example.com,2026-02-12,Monitor,Accessories,4,687,2748,PayPal
4804,46,Christopher Jones,benjamin25@example.net,2024-07-31,Monitor,Electronics,3,1175,3525,Credit Card
4805,24,Colin Potter,kenneth42@example.org,2024-10-31,Speaker,Accessories,3,889,2667,PayPal
4806,40,Jeffery Pollard,amanda65@example.net,2024-05-25,Monitor,Electronics,3,562,1686,Credit Card
4807,39,Michael Anderson,bryantbarry@example.com,2024-09-13,Camera,Photography,3,282,846,Credit Card
4808,35,Abigail Jenkins,jerrythomas@example.net,2025-05-29,Webcam,Accessories,3,246,738,Cash
4809,37,Travis Watson,osbornshelly@example.net,,Smartphone,Photography,2,1368,2736,Credit Card
4810,59,Jason Armstrong,brookemartin@example.net,2024-09-08,Laptop,Accessories,2,271,542,Credit Card
4811,32,Joshua Schmidt,amanda01@example.org,2025-08-05,Camera,Accessories,5,689,3445,Cash
4812,52,Dawn Green,bryan65@example.com,2025-03-25,Mouse,Electronics,2,666,1332,PayPal
4813,45,Lisa Thomas,gonzalezkeith@example.org,2024-06-04,Printer,Accessories,3,776,2328,PayPal
4814,48,Mr. Victor Mercado,tiffanycox@example.net,2025-10-05,Keyboard,Photography,5,121,605,Credit Card
4815,47,,dparker@example.net,2025-11-28,Smartphone,Photography,2,527,1054,Cash
4816,61,Diana Bishop,ryan41@example.org,2024-08-31,Monitor,Photography,3,390,1170,PayPal
4817,29,Shane Rhodes,znelson@example.net,2025-05-31,Monitor,Electronics,2,439,878,Credit Card
4818,38,Brandy Wiggins,raymond18@example.net,2025-06-23,Mouse,Photography,4,423,1692,Cash
4819,55,Catherine Newton,robertcohen@example.org,2025-04-14,Webcam,Accessories,5,808,4040,Cash
4820,29,Kaitlyn Hudson,thompsonalejandra@example.net,2025-01-15,Tablet,Accessories,2,61,122,PayPal
4821,34,Sandra Villegas,cnelson@example.com,2024-04-09,Smartphone,Accessories,1,305,305,Cash
4822,53,Heather Hamilton,steven75@example.net,2025-04-11,Speaker,Photography,1,762,762,Cash
4823,51,Chris Conway,zmeyer@example.org,2024-08-02,Laptop,Electronics,3,938,2814,Credit Card
4824,30,Joshua Mata,robin74@example.com,2025-10-16,Headphones,Photography,5,155,775,Cash
4825,68,Todd White,rebecca42@example.com,2025-02-21,Laptop,Photography,5,1362,6810,PayPal
4826,65,Natasha Schaefer,ucollins@example.org,2026-02-02,Keyboard,Photography,4,1396,5584,Cash
4827,63,Olivia Livingston,mpoole@example.org,2024-06-09,Headphones,Electronics,3,264,792,Credit Card
4828,25,Austin Steele,paula41@example.com,2025-01-27,Webcam,Accessories,2,62,124,PayPal
4829,20,Carla Madden,michele43@example.com,2024-06-30,Keyboard,Electronics,1,855,855,Cash
4830,59,David Clark,ctyler@example.net,2025-02-25,Mouse,Photography,4,197,788,Cash
4831,35,Kenneth Glenn,annabrown@example.net,,Printer,Accessories,4,808,3232,Credit Card
4832,43,,scott10@example.org,2024-06-23,Tablet,Accessories,3,270,810,Credit Card
4833,40,Michael White,staceycastro@example.com,2024-08-06,Printer,Photography,1,528,528,Credit Card
4834,49,Mrs. Michelle Hansen,crystal41@example.org,,Printer,Electronics,3,804,2412,Cash
4835,65,Kayla Sweeney,jason36@example.org,2026-01-16,Speaker,Accessories,3,375,1125,Credit Card
4836,55,Stephen Nichols,shortmichelle@example.org,2025-03-28,Webcam,Electronics,4,878,3512,PayPal
4837,31,Andrea Moore,samuel17@example.net,2025-05-30,Keyboard,Photography,5,1050,5250,Cash
4838,51,Steven Martin,christygross@example.com,,Camera,Electronics,1,1270,1270,Cash
4839,33,Peter Lopez,courtneydaniels@example.org,2025-12-05,Camera,Photography,3,1449,4347,PayPal
4840,19,Vincent Rose,vthompson@example.org,2024-06-08,Laptop,Accessories,4,272,1088,PayPal
4841,61,James Williams,sarahmyers@example.com,2024-09-27,Laptop,Photography,1,572,572,Cash
4842,49,Julie Gilmore,stephaniewilson@example.org,2025-05-01,Camera,Electronics,2,1248,2496,Credit Card
4843,26,Linda Cruz,jsmith@example.com,2025-11-29,Laptop,Accessories,2,1406,2812,Cash
4844,51,Carol Hughes,tiffanyneal@example.com,2025-09-09,Laptop,Accessories,1,398,398,Cash
4845,36,Heather Williams,deannamoody@example.com,2024-10-04,Tablet,Accessories,3,1397,4191,Credit Card
4846,30,Jennifer Ponce,petersonalexandra@example.org,,Printer,Accessories,2,1175,2350,Cash
4847,36,Sara Williams,samantha44@example.org,2024-10-31,Speaker,Accessories,5,34,170,Cash
4848,26,Laura Contreras,sullivanbradley@example.org,2025-05-27,Speaker,Accessories,4,678,2712,Cash
4849,31,Susan Lee,ashleykane@example.org,2025-05-11,Tablet,Electronics,4,563,2252,Cash
4850,53,Melinda Ellis,tonyahill@example.org,2024-03-15,Keyboard,Electronics,2,1313,2626,PayPal
4851,31,Anthony Martinez,toddbeck@example.com,,Keyboard,Accessories,5,64,320,Credit Card
4852,60,Susan Grimes,franciscopierce@example.com,2026-01-25,Keyboard,Accessories,2,92,184,Cash
4853,44,Heather Lopez,drichardson@example.org,2025-09-18,Laptop,Accessories,1,132,132,Cash
4854,31,Charles Perkins,potterpeter@example.com,2024-06-30,Laptop,Photography,2,1233,2466,PayPal
4855,48,Paul Powers,hbrewer@example.net,2024-12-14,Keyboard,Photography,5,1396,6980,Cash
4856,40,Peggy Ortega,mwang@example.org,2024-07-25,Printer,Electronics,1,1025,1025,Credit Card
4857,68,Kimberly Friedman,michaelsingh@example.com,2025-08-31,Webcam,Photography,3,972,2916,Cash
4858,40,Ryan Moore,villanuevaadrian@example.net,2026-01-14,Camera,Electronics,1,1005,1005,PayPal
4859,58,Deanna Rios,michaelbush@example.net,,Speaker,Photography,1,1227,1227,Cash
4860,19,Erica Jones,rhunt@example.org,2025-10-18,Camera,Photography,1,1123,1123,Credit Card
4861,22,Stephen Parker MD,joshuariley@example.org,2024-06-16,Speaker,Electronics,5,1138,5690,Cash
4862,58,Joseph Spears,xnorris@example.org,2025-08-25,Headphones,Electronics,3,712,2136,Credit Card
4863,54,Jerry Reid,larry93@example.net,2025-01-24,Printer,Photography,4,220,880,PayPal
4864,55,Tracy Cook,paul45@example.org,2024-10-06,Tablet,Accessories,4,785,3140,PayPal
4865,39,Joshua Hayes,mario66@example.org,2025-05-16,Webcam,Electronics,1,841,841,Credit Card
4866,47,Harry Salinas,john04@example.net,2024-09-28,Laptop,Photography,3,368,1104,PayPal
4867,49,Amy Doyle MD,jacobduncan@example.com,2024-03-21,Monitor,Accessories,3,293,879,Cash
4868,30,Charles Escobar,daviskelsey@example.net,2025-04-05,Laptop,Accessories,2,305,610,Credit Card
4869,24,Cheryl White,katiewoodard@example.org,2025-12-05,Printer,Accessories,1,641,641,Credit Card
4870,33,Juan Dunn,evansgregory@example.net,2025-12-02,Monitor,Accessories,4,899,3596,Credit Card
4871,35,Kevin Williams,jamesmartinez@example.net,2025-07-06,Keyboard,Accessories,3,424,1272,PayPal
4872,39,John Martinez,bdawson@example.org,2025-01-10,Webcam,Photography,5,734,3670,PayPal
4873,40,Ronald Thomas,laurennovak@example.net,2025-06-07,Camera,Accessories,5,1220,6100,Cash
4874,66,Brenda Harris,watsonsarah@example.net,2025-04-21,Webcam,Photography,1,1452,1452,PayPal
4875,69,,psmith@example.com,,Tablet,Photography,5,782,3910,PayPal
4876,52,Patricia Smith,ihall@example.org,2025-04-23,Monitor,Accessories,2,765,1530,Cash
4877,30,Gary Cook,clinedylan@example.net,2024-08-13,Keyboard,Photography,5,757,3785,PayPal
4878,53,Tiffany Sparks,garretttyler@example.com,2024-12-26,Printer,Accessories,1,310,310,Credit Card
4879,47,Robert Williamson,allison96@example.com,,Webcam,Photography,4,916,3664,Credit Card
4880,36,Daniel Lewis,pnelson@example.com,2025-10-18,Laptop,Electronics,5,807,4035,Cash
4881,28,Brian Mitchell,oday@example.net,2025-12-14,Webcam,Photography,5,1028,5140,Credit Card
4882,50,Clinton Castro,alexanderwoodward@example.net,2024-11-09,Webcam,Photography,4,940,3760,Credit Card
4883,59,Kristie Walker,alove@example.net,2025-11-30,Smartphone,Electronics,5,1203,6015,Cash
4884,26,Nancy Reed,patrick76@example.net,,Camera,Electronics,2,1196,2392,Cash
4885,51,Vanessa Bowen,randywalker@example.net,,Speaker,Electronics,5,803,4015,Cash
4886,44,Jennifer Thompson,mitchelljoseph@example.org,2024-12-23,Speaker,Accessories,2,731,1462,Credit Card
4887,25,Katie Bryant,nelsonbobby@example.org,2025-12-09,Speaker,Electronics,2,227,454,PayPal
4888,21,Jeremy Trujillo MD,aaronadams@example.com,2024-07-31,Mouse,Photography,2,675,1350,PayPal
4889,52,Angela Brown,timothykline@example.com,2025-02-15,Keyboard,Photography,5,530,2650,Cash
4890,30,Brittany Berry,danielgrant@example.net,2025-01-16,Smartphone,Accessories,5,1087,5435,Credit Card
4891,21,Cynthia Ross PhD,jessica81@example.org,2024-04-24,Tablet,Photography,1,1271,1271,Cash
4892,56,Carlos Yates,megan66@example.com,2025-01-02,Monitor,Accessories,1,1036,1036,Credit Card
4893,37,,uflynn@example.com,2024-11-26,Camera,Electronics,1,954,954,PayPal
4894,54,Kristen Horne,isalazar@example.org,2025-07-01,Printer,Photography,2,188,376,PayPal
4895,69,Ricky Murray,jsmith@example.com,2025-08-12,Keyboard,Accessories,2,371,742,Cash
4896,65,Janet Ortiz,taylor29@example.net,,Monitor,Photography,2,20,40,Credit Card
4897,52,Ruben Cole,abrown@example.org,2025-01-30,Smartphone,Electronics,4,177,708,PayPal
4898,38,Jessica Brooks,jesse66@example.com,,Mouse,Electronics,4,796,3184,Cash
4899,39,Mr. Charles Murphy,allenfranco@example.org,2025-01-07,Headphones,Photography,4,214,856,Credit Card
4900,40,Adam Jordan,lisa45@example.com,2025-05-01,Monitor,Photography,1,1133,1133,PayPal
4901,27,Norma Jimenez,lori82@example.org,2026-01-15,Printer,Photography,3,1065,3195,Cash
4902,32,Charles Sanders,andrewcruz@example.com,,Mouse,Accessories,5,1136,5680,PayPal
4903,46,Trevor Paul,patricia25@example.org,2024-03-06,Keyboard,Photography,4,948,3792,PayPal
4904,43,Laura Lynch,amandatorres@example.org,2024-03-03,Keyboard,Electronics,4,562,2248,Cash
4905,54,Matthew Braun,larryyang@example.com,2024-11-15,Smartphone,Electronics,4,1211,4844,Credit Card
4906,34,Kristin Martin,jharris@example.org,2025-07-14,Headphones,Accessories,2,268,536,PayPal
4907,34,Michelle Welch,ronaldthornton@example.org,2026-01-10,Laptop,Electronics,2,250,500,Cash
4908,40,John Dixon,dustinrogers@example.net,2025-06-12,Headphones,Photography,5,1242,6210,Credit Card
4909,53,Dawn Howard,campbelljeffrey@example.net,2024-04-18,Laptop,Electronics,2,231,462,Cash
4910,50,Lynn Fernandez,eddie90@example.net,2026-01-29,Camera,Electronics,2,1100,2200,Credit Card
4911,58,William Miller,coreymiller@example.net,2024-08-19,Speaker,Accessories,4,72,288,PayPal
4912,31,Cynthia Jones,franklintamara@example.com,2025-11-30,Smartphone,Photography,4,598,2392,Cash
4913,43,Stanley Randall,millerjuan@example.com,2024-03-17,Headphones,Photography,4,895,3580,Credit Card
4914,25,Samantha Griffith,hhopkins@example.org,2024-09-05,Laptop,Photography,2,1172,2344,Cash
4915,52,Ashley Barton,jenningsmelissa@example.org,2024-11-08,Mouse,Photography,5,1052,5260,PayPal
4916,55,Brandon Wallace,luke21@example.com,2024-06-03,Camera,Accessories,1,300,300,Credit Card
4917,63,Kaitlyn Wright,brittanymeadows@example.org,2024-12-21,Mouse,Electronics,5,905,4525,Cash
4918,66,Ricardo Thompson,gardnerderek@example.org,2025-01-10,Smartphone,Photography,1,710,710,Credit Card
4919,68,Casey Castillo,youngdanielle@example.net,2025-02-23,Webcam,Electronics,1,122,122,Cash
4920,54,James Dean,anitacook@example.net,2025-09-12,Monitor,Photography,2,1092,2184,Cash
4921,30,Phillip Castro,pvelasquez@example.net,2025-08-04,Tablet,Electronics,2,924,1848,Credit Card
4922,44,,tnunez@example.com,2025-08-04,Mouse,Accessories,5,198,990,PayPal
4923,43,Karen Moss,garciajill@example.net,2024-05-07,Mouse,Accessories,5,177,885,PayPal
4924,57,Kenneth Stewart,tinadunn@example.net,2025-06-18,Webcam,Accessories,1,359,359,Credit Card
4925,31,Kelsey Owen,winterstiffany@example.com,2024-04-06,Tablet,Electronics,4,152,608,Cash
4926,57,Gary Greer,rmorrison@example.org,2025-10-04,Smartphone,Accessories,5,136,680,Cash
4927,24,James Lowe,sparksbrady@example.org,,Headphones,Electronics,4,70,280,Cash
4928,65,Tracy Young,jennifer59@example.net,2025-02-26,Mouse,Electronics,2,666,1332,PayPal
4929,66,,gshepherd@example.org,2025-10-21,Mouse,Photography,3,605,1815,Credit Card
4930,60,Joshua Gilbert,rebeccajohnson@example.org,2024-06-17,Tablet,Photography,5,682,3410,Cash
4931,32,Melissa Palmer,melissamartinez@example.com,2026-02-22,Webcam,Electronics,1,1467,1467,Cash
4932,63,Tara Washington,eking@example.org,2026-01-20,Webcam,Electronics,5,177,885,Credit Card
4933,52,Collin Ponce,marie46@example.org,2025-12-31,Laptop,Electronics,2,1356,2712,Cash
4934,26,Jessica Collier,kyle12@example.com,2026-01-09,Tablet,Accessories,3,738,2214,Credit Card
4935,30,Megan Willis,douglaslee@example.com,2024-11-18,Keyboard,Electronics,1,522,522,PayPal
4936,47,Tracey Duncan,rachel01@example.net,2025-04-01,Tablet,Electronics,1,963,963,Cash
4937,58,,blynch@example.com,2025-09-16,Headphones,Accessories,2,374,748,Cash
4938,24,Amanda Kim,matthewdavis@example.net,2024-08-30,Mouse,Photography,2,806,1612,Credit Card
4939,20,Christopher Salinas,douglasperez@example.net,2025-11-16,Headphones,Accessories,2,416,832,Cash
4940,48,Benjamin Hernandez MD,keithbailey@example.net,2025-08-15,Tablet,Photography,2,964,1928,PayPal
4941,61,Lauren Gonzalez,iguzman@example.com,2025-07-15,Camera,Accessories,1,1061,1061,Credit Card
4942,41,Darrell Martin,danielperry@example.net,2025-03-19,Camera,Electronics,2,365,730,Cash
4943,41,Matthew Middleton,lisamiller@example.com,2026-01-17,Printer,Electronics,3,97,291,Credit Card
4944,70,Beth Sutton,gibbslori@example.org,,Smartphone,Accessories,4,700,2800,Cash
4945,25,Mary Garner,alisoncruz@example.net,,Webcam,Electronics,5,836,4180,Credit Card
4946,51,Wayne Jordan,ogregory@example.net,2024-07-26,Mouse,Accessories,5,49,245,Cash
4947,57,Michael Edwards,upatel@example.org,2025-05-19,Headphones,Accessories,5,1150,5750,PayPal
4948,54,Andrea Johnson,brianzuniga@example.org,2024-09-28,Camera,Accessories,5,624,3120,Cash
4949,63,Dustin Bowen,nicolecruz@example.org,2024-09-15,Monitor,Accessories,4,1226,4904,Credit Card
4950,59,Jessica Smith,gthomas@example.net,2024-08-25,Keyboard,Electronics,5,1344,6720,PayPal
4951,60,Katherine Maddox,ericsanchez@example.com,2024-06-30,Laptop,Photography,,1400,0,PayPal
4952,57,Jessica Wiggins,timothygreen@example.net,2024-12-20,Headphones,Electronics,4,529,2116,Credit Card
4953,62,Lance Singleton,paulamartinez@example.org,2025-04-10,Headphones,Accessories,1,455,455,Cash
4954,18,Andrew Caldwell,tony67@example.com,2024-06-10,Headphones,Accessories,1,1025,1025,Credit Card
4955,24,Rebecca Dodson,leejulie@example.com,,Mouse,Electronics,3,535,1605,Credit Card
4956,37,Austin Jones,dustin93@example.com,2024-11-18,Smartphone,Accessories,5,394,1970,PayPal
4957,52,Melissa Cooley,hebertmonica@example.com,2026-01-18,Laptop,Electronics,3,95,285,Cash
4958,45,Michelle Small,phillipsryan@example.com,2024-03-04,Monitor,Photography,5,382,1910,Cash
4959,64,Vanessa Johnson,hollandjoseph@example.com,2025-07-30,Smartphone,Electronics,3,701,2103,Credit Card
4960,43,Megan Dominguez,gilesbrandon@example.org,2024-09-14,Smartphone,Electronics,4,955,3820,PayPal
4961,24,Michelle Atkins,jamesdavis@example.net,2024-05-08,Camera,Accessories,1,361,361,Credit Card
4962,63,Donald Torres,rhines@example.net,2025-02-25,Printer,Photography,3,304,912,PayPal
4963,20,Mackenzie Cook,ryan35@example.com,2026-01-18,Monitor,Accessories,3,381,1143,PayPal
4964,43,Cynthia Miller,marthahensley@example.net,2024-08-03,Camera,Accessories,3,905,2715,Credit Card
4965,24,Melissa Woods,bradley76@example.org,2025-10-12,Smartphone,Electronics,1,248,248,Credit Card
4966,63,Andrew Carter MD,andrea58@example.org,2024-04-15,Smartphone,Accessories,3,1379,4137,PayPal
4967,48,Ian Alvarado,gdiaz@example.org,2025-06-19,Printer,Accessories,1,1322,1322,Credit Card
4968,33,Russell Martin,iburns@example.org,2024-03-13,Smartphone,Photography,5,54,270,PayPal
4969,27,Jonathan Thomas,washingtonethan@example.com,2025-02-25,Headphones,Electronics,5,491,2455,Credit Card
4970,61,Richard Christensen,teresagomez@example.net,2024-05-08,Monitor,Electronics,5,538,2690,Cash
4971,27,Robert Estrada,valentinesara@example.org,2024-06-05,Laptop,Electronics,5,295,1475,Credit Card
4972,31,Lisa Hall,lawrence61@example.org,2025-12-28,Headphones,Accessories,4,341,1364,PayPal
4973,55,Matthew Holt,morrisjustin@example.net,2025-08-16,Monitor,Electronics,3,195,585,PayPal
4974,48,James Holmes,jensenjeffrey@example.net,2025-07-29,Monitor,Accessories,4,38,152,PayPal
4975,43,Lisa Ramirez,sheltonscott@example.org,2024-03-18,Mouse,Accessories,,1261,0,Credit Card
4976,63,April Cuevas,michaela38@example.com,2026-01-01,Headphones,Accessories,3,1247,3741,Cash
4977,25,Elizabeth Cochran,curtisweaver@example.com,2025-04-05,Camera,Accessories,1,1152,1152,Cash
4978,52,John Lamb,cassandrastewart@example.com,2025-04-30,Laptop,Electronics,5,33,165,Cash
4979,39,Rhonda Sullivan,karenthompson@example.net,,Webcam,Electronics,3,929,2787,Cash
4980,54,Kim Thomas,briancunningham@example.org,2024-03-22,Smartphone,Electronics,,340,0,Credit Card
4981,30,Gina Macdonald,zstephens@example.com,2024-10-06,Tablet,Electronics,2,280,560,PayPal
4982,20,David Hall,robert26@example.net,2024-10-05,Smartphone,Accessories,2,219,438,Credit Card
4983,37,Brent Robinson,wcline@example.org,2026-01-10,Monitor,Electronics,1,514,514,Cash
4984,29,Adam Harris,sergiohudson@example.org,2024-03-29,Speaker,Accessories,2,218,436,PayPal
4985,59,Angel Williams,michaelperez@example.net,2025-10-08,Tablet,Electronics,,902,0,Cash
4986,21,Mrs. Samantha Lowe,johnsonkaren@example.org,2025-03-13,Monitor,Photography,4,1460,5840,Credit Card
4987,57,Tracy Smith,brownanthony@example.com,2024-12-17,Keyboard,Accessories,5,1163,5815,Cash
4988,66,Stephanie Dixon,vasquezjonathan@example.org,2024-11-20,Headphones,Electronics,4,1253,5012,Cash
4989,47,,mjimenez@example.net,2025-01-12,Camera,Photography,4,648,2592,Credit Card
4990,62,Daniel Galloway,mark64@example.com,2024-11-27,Headphones,Accessories,2,728,1456,Credit Card
4991,21,Ryan Santiago,hayesjustin@example.net,,Smartphone,Accessories,2,607,1214,Cash
4992,62,Jennifer Hood,scott54@example.net,2024-10-12,Speaker,Electronics,5,107,535,PayPal
4993,57,Rebecca Cruz,patrick45@example.com,2024-03-10,Smartphone,Photography,4,1394,5576,Credit Card
4994,59,Thomas Osborne,areyes@example.com,2024-06-01,Tablet,Accessories,1,951,951,Credit Card
4995,69,Lynn Reed,xsingh@example.com,2024-04-07,Laptop,Photography,3,202,606,Cash
4996,63,James Myers,autumn24@example.org,2026-02-22,Webcam,Accessories,4,1230,4920,Credit Card
4997,68,Melanie Ford,zwalker@example.com,2025-05-28,Camera,Electronics,3,945,2835,Cash
4998,37,Kimberly Harvey,whiteerika@example.net,2026-01-02,Mouse,Electronics,1,863,863,Credit Card
4999,47,Angela Rich,bethscott@example.com,2025-06-25,Camera,Electronics,5,870,4350,PayPal
5000,45,Amy Smith,ehill@example.net,2025-10-30,Speaker,Photography,1,508,508,Credit Card
5001,69,Cheryl Matthews,wmorrison@example.net,2025-09-16,Keyboard,Electronics,4,589,2356,Credit Card
5002,54,James Rodriguez,charlesmaxwell@example.net,2024-07-20,Smartphone,Electronics,5,413,2065,Cash
5003,33,Brandy Yu,ashley40@example.com,2025-04-10,Speaker,Electronics,2,1252,2504,Cash
5004,68,Sara Harris,wrightcaitlin@example.net,2024-10-29,Laptop,Electronics,4,407,1628,Cash
5005,61,Christina Doyle,tgarcia@example.net,2024-08-11,Monitor,Accessories,1,365,365,Cash
5006,36,Melissa Mccall MD,zacharyward@example.com,2024-09-01,Tablet,Accessories,5,520,2600,Credit Card
5007,34,Charles Kim,karentucker@example.com,2025-03-20,Smartphone,Photography,3,27,81,Cash
5008,29,Wanda Wilson,alecking@example.com,,Speaker,Accessories,5,483,2415,PayPal
5009,37,Jack Mitchell,garrettjoel@example.com,2025-04-23,Smartphone,Photography,3,630,1890,PayPal
5010,49,Dorothy Torres,malikstevenson@example.com,,Laptop,Photography,4,365,1460,Cash
5011,43,Kirk Ford,johncunningham@example.com,2025-12-09,Speaker,Accessories,1,201,201,Cash
5012,52,Andre Duncan,jlane@example.org,2024-06-22,Laptop,Accessories,2,1302,2604,Credit Card
5013,58,Deborah Brown,richard99@example.net,2025-01-03,Webcam,Accessories,3,379,1137,PayPal
5014,60,Peter Delgado II,yperez@example.org,2024-11-17,Camera,Photography,4,1442,5768,Credit Card
5015,48,Jose Johnson,christian45@example.com,2025-08-08,Keyboard,Accessories,2,24,48,Cash
5016,53,Dawn Lopez,llivingston@example.net,2024-03-08,Keyboard,Accessories,1,1339,1339,Cash
5017,20,Ashley Evans,matthew67@example.org,2025-02-13,Keyboard,Photography,2,103,206,PayPal
5018,48,Heather Cook,joneschristopher@example.org,2024-10-29,Mouse,Electronics,5,135,675,Cash
5019,31,Laura Thomas,dylanhart@example.com,2025-09-30,Keyboard,Electronics,4,32,128,Credit Card
5020,51,Ernest Love,ruizandre@example.net,2025-06-13,Mouse,Accessories,3,926,2778,Credit Card
5021,28,Tara Crawford,tylerroach@example.net,2025-11-17,Laptop,Photography,4,92,368,Cash
5022,46,Jill Wells,reyesashley@example.org,2024-04-21,Laptop,Photography,2,396,792,Cash
5023,65,Eric Flowers,erindavis@example.net,2025-10-18,Keyboard,Photography,4,382,1528,Credit Card
5024,60,,ydodson@example.com,2024-10-29,Tablet,Photography,3,405,1215,Cash
5025,48,Edgar Richardson,riveraangie@example.com,2025-12-24,Webcam,Accessories,3,323,969,Cash
5026,35,Christy Manning,nanderson@example.org,2025-06-19,Smartphone,Electronics,1,585,585,Credit Card
5027,31,Lisa Fernandez,kristen46@example.com,2024-10-03,Camera,Accessories,5,319,1595,Credit Card
5028,41,Barbara Bradford,qbutler@example.org,2024-08-30,Monitor,Photography,5,639,3195,Credit Card
5029,32,Janet Stevens,timothy07@example.com,2024-03-09,Printer,Photography,5,578,2890,Credit Card
5030,63,Elizabeth Stewart,qsmith@example.com,2024-08-11,Camera,Electronics,1,1052,1052,Cash
5031,45,Daniel Scott,stephanierivera@example.org,2025-05-13,Keyboard,Electronics,2,806,1612,PayPal
5032,56,Amanda Wilson,michael07@example.com,2025-02-06,Tablet,Electronics,1,1364,1364,Credit Card
5033,45,Andrew Cunningham,briannaleach@example.org,2025-07-20,Speaker,Accessories,4,377,1508,PayPal
5034,58,Christopher Tran,albertbrowning@example.org,2025-02-03,Tablet,Photography,1,353,353,Credit Card
5035,42,Jeremy Reynolds,stephanie81@example.org,2025-08-04,Monitor,Accessories,2,1489,2978,PayPal
5036,37,Deborah Wagner,joseph56@example.org,2024-04-15,Printer,Photography,2,550,1100,PayPal
5037,60,Laura Hill,unash@example.org,2024-12-05,Laptop,Electronics,3,678,2034,PayPal
5038,32,Amanda King,carolbrady@example.net,2024-12-27,Webcam,Electronics,2,1472,2944,PayPal
5039,24,Tiffany Davies,emilyeaton@example.net,2024-12-26,Laptop,Accessories,4,314,1256,Credit Card
5040,21,Karen Cook,brownmary@example.com,2024-04-11,Headphones,Photography,2,689,1378,Credit Card
5041,63,Nancy Caldwell,othompson@example.com,2026-02-05,Tablet,Accessories,5,1213,6065,Cash
5042,33,Heather Keller,priscilla16@example.org,2025-07-01,Mouse,Photography,2,890,1780,Credit Card
5043,46,Erica Sutton,pharrington@example.org,,Smartphone,Photography,5,528,2640,PayPal
5044,49,Madeline Allen,briangomez@example.org,2025-09-09,Speaker,Electronics,2,24,48,Cash
5045,58,Heather Murray,jmoore@example.com,2025-03-14,Webcam,Electronics,,310,0,Credit Card
5046,38,Ryan Gonzales,garciadaniel@example.org,2024-10-30,Smartphone,Electronics,3,1062,3186,PayPal
5047,19,Yolanda Castaneda,lucasjoshua@example.net,,Speaker,Accessories,2,552,1104,PayPal
5048,35,Maria Alvarado,gonzaleslindsey@example.com,2024-09-07,Camera,Photography,3,357,1071,Cash
5049,38,John Holmes,josephchristopher@example.com,2024-03-29,Monitor,Accessories,1,496,496,Credit Card
5050,27,Rebecca Zamora,orobinson@example.org,2026-01-08,Speaker,Accessories,4,1081,4324,PayPal
5051,69,Nicholas Meadows,debrarasmussen@example.net,,Camera,Photography,3,793,2379,PayPal
5052,28,Victor Smith,hernandezbrian@example.com,2024-11-13,Printer,Accessories,2,1302,2604,PayPal
5053,46,Mrs. Rhonda Thompson,daniel67@example.com,2025-02-01,Webcam,Electronics,2,646,1292,Credit Card
5054,57,Justin Frederick,xwolfe@example.com,2024-09-17,Laptop,Photography,4,622,2488,PayPal
5055,69,Maria Dunn,yprice@example.com,2025-01-13,Monitor,Electronics,4,667,2668,Cash
5056,40,Wesley Nelson,tmyers@example.net,2024-12-20,Monitor,Photography,4,497,1988,Credit Card
5057,32,Laura Kelley,vchapman@example.com,2025-01-27,Monitor,Electronics,1,461,461,Credit Card
5058,46,Kimberly Alexander,harrisonlaurie@example.org,2024-03-06,Smartphone,Electronics,3,1483,4449,Credit Card
5059,64,Christine Shah,johnstonmatthew@example.net,2024-11-19,Speaker,Photography,3,533,1599,Credit Card
5060,39,Anna Smith,lowemary@example.net,2025-01-22,Speaker,Accessories,4,67,268,Cash
5061,58,Matthew Hamilton,thomas86@example.net,2025-10-12,Laptop,Electronics,2,1069,2138,Cash
5062,25,Joshua Sims,stephaniejacobs@example.net,2025-06-14,Headphones,Photography,4,1338,5352,Cash
5063,37,Mitchell Gonzalez,yeseniagarcia@example.com,2025-09-23,Headphones,Accessories,1,779,779,PayPal
5064,54,Brian White,melissa84@example.net,2025-11-18,Keyboard,Photography,4,490,1960,Cash
5065,52,Rebecca Hardy,myersmichael@example.net,,Keyboard,Accessories,5,1461,7305,PayPal
5066,70,Kimberly Campbell,steven45@example.com,2025-12-22,Webcam,Electronics,3,1179,3537,Credit Card
5067,70,Darlene Rivera,crystalbenton@example.com,2024-11-06,Keyboard,Electronics,1,1457,1457,PayPal
5068,49,Mr. Jake Adkins,ryan53@example.com,2025-11-22,Smartphone,Electronics,5,78,390,Cash
5069,66,Danielle Moore,robert33@example.net,,Monitor,Accessories,1,842,842,Credit Card
5070,68,Raymond Rollins,aavila@example.com,2024-03-14,Webcam,Photography,2,336,672,PayPal
5071,41,Peter Trevino,jacobroman@example.org,2024-03-16,Webcam,Photography,4,1193,4772,Credit Card
5072,55,Kimberly Nelson,walkeramanda@example.org,2025-12-03,Webcam,Electronics,4,1324,5296,Cash
5073,37,Joshua Thomas,kfreeman@example.org,2024-10-27,Monitor,Electronics,3,1450,4350,PayPal
5074,45,,kingaudrey@example.net,2025-08-07,Headphones,Electronics,2,1410,2820,PayPal
5075,58,Todd Reyes,lisarobinson@example.org,2025-11-27,Headphones,Photography,1,1444,1444,Credit Card
5076,45,Christopher Calhoun,pclark@example.net,2025-11-22,Camera,Electronics,1,1289,1289,Cash
5077,21,Heather Steele,darrylle@example.org,2024-03-28,Webcam,Electronics,2,1033,2066,Cash
5078,64,Michael Smith,samantha17@example.org,2025-01-20,Smartphone,Photography,3,306,918,Credit Card
5079,19,Richard Hall,clarkedward@example.com,2024-06-09,Headphones,Accessories,3,1375,4125,Cash
5080,49,Leslie Cisneros,wwilliams@example.org,2025-03-28,Camera,Electronics,3,89,267,Cash
5081,37,Pamela Mason,jesus79@example.com,2025-10-28,Webcam,Electronics,1,661,661,Cash
5082,58,Lauren Vasquez,tyler02@example.com,2026-01-20,Keyboard,Accessories,4,299,1196,PayPal
5083,58,David King,uklein@example.com,2025-06-28,Webcam,Accessories,1,433,433,Credit Card
5084,33,Anthony Dixon,sylvia92@example.com,2025-05-11,Camera,Photography,2,1430,2860,Credit Card
5085,67,Christopher Miles,floydjohn@example.org,2024-11-04,Headphones,Accessories,5,296,1480,Cash
5086,38,Amanda Harper,abrown@example.org,2025-10-06,Laptop,Accessories,4,515,2060,Credit Card
5087,23,Summer Taylor,andrea25@example.net,2024-11-08,Tablet,Photography,3,334,1002,Cash
5088,28,Michael Thomas,christopher89@example.org,2024-07-31,Laptop,Electronics,2,1409,2818,Cash
5089,38,Aaron Willis,jacklopez@example.com,2025-02-11,Keyboard,Electronics,1,318,318,Credit Card
5090,67,Kendra Wiggins,davisrebecca@example.net,2024-04-01,Webcam,Electronics,4,1010,4040,Cash
5091,69,Samantha Richard,robertellis@example.net,2025-06-25,Tablet,Electronics,4,208,832,PayPal
5092,38,Denise Wade,pstuart@example.net,2024-07-27,Mouse,Photography,2,1443,2886,PayPal
5093,30,Richard Scott,anna84@example.com,2025-05-12,Camera,Photography,5,560,2800,Credit Card
5094,18,John Alvarez,walter15@example.org,2024-10-04,Keyboard,Electronics,1,144,144,Credit Card
5095,34,Corey Walker,gonzalezthomas@example.com,2026-02-19,Webcam,Electronics,4,1055,4220,Cash
5096,29,Kyle Hall,xhamilton@example.org,2025-09-18,Printer,Accessories,1,606,606,Cash
5097,66,Amanda Thomas,frenchjoseph@example.net,2025-07-13,Mouse,Electronics,4,1106,4424,PayPal
5098,46,Amy Buck,ythomas@example.net,2024-07-27,Monitor,Accessories,5,240,1200,PayPal
5099,29,Cheryl Hickman,sarajones@example.com,2026-02-08,Laptop,Accessories,2,221,442,Credit Card
5100,58,Nicholas Bond,codyhernandez@example.net,2025-08-08,Laptop,Electronics,5,1455,7275,PayPal
5101,46,Michelle Martinez,farrellkristen@example.org,2024-12-16,Camera,Electronics,3,1016,3048,PayPal
5102,42,Debra Page,kboyd@example.org,2025-09-18,Camera,Electronics,5,229,1145,Credit Card
5103,45,Terry Torres,sharpjoseph@example.org,2025-07-09,Webcam,Photography,3,316,948,Cash
5104,45,Kelly Green,floresamanda@example.com,2025-02-26,Speaker,Electronics,3,1085,3255,Cash
5105,20,Joseph Nichols,hendersonfelicia@example.net,,Monitor,Accessories,5,471,2355,Cash
5106,45,,oallen@example.org,2024-11-19,Camera,Electronics,2,104,208,Credit Card
5107,19,Catherine Cowan,mckenzienicole@example.com,,Keyboard,Electronics,4,705,2820,Cash
5108,50,Kelsey Rivera,riveraanthony@example.com,2025-10-17,Webcam,Photography,3,1486,4458,PayPal
5109,37,James Wong,uvega@example.net,2025-08-19,Mouse,Photography,1,185,185,PayPal
5110,58,Andrew Lopez,oross@example.com,2024-12-07,Mouse,Accessories,2,1268,2536,PayPal
5111,69,Austin Mckee,mcintoshdevin@example.com,2026-01-02,Speaker,Electronics,4,885,3540,PayPal
5112,49,Scott Ross,bryanmiller@example.com,2024-12-10,Webcam,Accessories,1,319,319,PayPal
5113,43,,richardgonzalez@example.com,2024-06-03,Camera,Electronics,1,100,100,Credit Card
5114,53,Jonathan Middleton,scottreyes@example.net,,Webcam,Accessories,4,1196,4784,Credit Card
5115,28,Victoria Rangel,qalvarado@example.org,2024-12-30,Tablet,Photography,4,161,644,Cash
5116,58,Christopher Williams,bramirez@example.net,2024-05-20,Webcam,Photography,4,663,2652,PayPal
5117,22,Shelly Contreras,markmartin@example.org,2026-02-12,Smartphone,Electronics,3,231,693,PayPal
5118,34,Tiffany Williams,vgarcia@example.net,2024-06-26,Keyboard,Electronics,3,653,1959,Cash
5119,30,Travis Roberts,taylor92@example.net,2025-09-14,Headphones,Photography,5,92,460,Credit Card
5120,51,,fmurphy@example.org,2024-05-22,Camera,Electronics,1,1475,1475,PayPal
5121,45,Zachary Rodriguez,hendersonkyle@example.com,2025-12-07,Mouse,Electronics,2,734,1468,PayPal
5122,63,Jasmine Buchanan,meganblake@example.com,2025-02-04,Laptop,Photography,1,358,358,PayPal
5123,60,Megan Carey,foxheidi@example.net,2025-09-14,Camera,Photography,2,1367,2734,PayPal
5124,55,Aaron Lang,simpsonkimberly@example.org,2025-08-31,Laptop,Electronics,4,1228,4912,Cash
5125,40,Kimberly Manning,hrobertson@example.net,2025-12-29,Camera,Accessories,3,1393,4179,Credit Card
5126,31,Monica Moore,johnsonjose@example.net,2025-06-22,Camera,Electronics,1,103,103,Credit Card
5127,46,Tracy Rose,kimberly04@example.com,2024-11-15,Mouse,Photography,5,374,1870,Credit Card
5128,51,Leslie Ortiz,brittany52@example.com,2026-01-10,Camera,Electronics,2,721,1442,PayPal
5129,39,Jordan Hoffman,gloriacooper@example.com,2024-10-25,Laptop,Electronics,3,329,987,Credit Card
5130,44,Jessica Mcneil,wilkersontammy@example.org,2025-12-28,Tablet,Electronics,1,1010,1010,Cash
5131,48,Renee Weber,angela68@example.com,2025-11-04,Monitor,Electronics,1,1228,1228,PayPal
5132,54,Katherine Wilson,maryparker@example.org,2025-01-30,Mouse,Electronics,4,174,696,PayPal
5133,35,Sarah Rivas,meghanbrown@example.net,,Tablet,Accessories,3,1209,3627,Credit Card
5134,36,Paula Herman,mcmillansharon@example.net,2024-06-03,Laptop,Electronics,5,293,1465,Cash
5135,54,Sarah Kelly,hhenry@example.net,,Keyboard,Accessories,2,912,1824,PayPal
5136,44,Joel Williams,dsmall@example.net,2024-10-08,Camera,Accessories,2,992,1984,Cash
5137,70,Victoria Morgan,dunnjody@example.net,2025-12-04,Printer,Photography,5,271,1355,PayPal
5138,23,Micheal Brown,iwilson@example.com,2025-01-03,Headphones,Accessories,5,763,3815,Credit Card
5139,28,Samantha Johnson,bryanmichael@example.com,,Webcam,Photography,2,100,200,Cash
5140,43,Linda Welch,lauraerickson@example.com,2024-04-26,Monitor,Accessories,5,600,3000,Cash
5141,33,Sherry Mathis,bradleyhernandez@example.net,2025-08-05,Headphones,Electronics,3,273,819,Cash
5142,26,Bobby Williams,dkennedy@example.org,,Tablet,Electronics,1,638,638,PayPal
5143,18,Michael Taylor,wongchristopher@example.net,2024-10-11,Laptop,Accessories,3,171,513,Cash
5144,41,Joshua Simmons,dbecker@example.com,2024-10-17,Printer,Electronics,4,1174,4696,Cash
5145,22,Dawn Flores,douglasskinner@example.com,2024-03-29,Speaker,Electronics,1,608,608,Cash
5146,31,Mrs. Patricia Graham,eherring@example.com,2024-03-03,Webcam,Electronics,5,1441,7205,Cash
5147,69,Heather Wilson,matthew09@example.com,2024-04-11,Laptop,Accessories,2,191,382,Cash
5148,43,Dr. Holly Summers,crystalnelson@example.org,2024-09-15,Tablet,Photography,1,724,724,Credit Card
5149,35,Julie Jones MD,alexbridges@example.com,2024-09-28,Camera,Accessories,1,673,673,PayPal
5150,33,Phillip Stevenson,millerjames@example.com,2025-08-01,Smartphone,Photography,2,1217,2434,Credit Card
5151,56,Peter Morgan,cindy61@example.com,2024-04-03,Printer,Accessories,1,325,325,PayPal
5152,53,,xunderwood@example.org,,Mouse,Photography,2,495,990,Cash
5153,43,Joshua Hull,michellebush@example.net,2025-05-16,Webcam,Accessories,4,1489,5956,Credit Card
5154,43,Dr. Ariel Chandler,william76@example.net,2025-06-28,Keyboard,Electronics,2,1469,2938,PayPal
5155,59,Amber Daniel,kwilliamson@example.com,2025-02-19,Keyboard,Electronics,2,1051,2102,Credit Card
5156,55,Donna Miller,heatherhoward@example.com,2024-07-30,Camera,Accessories,2,168,336,Cash
5157,63,Joseph Moore,timothywilliams@example.net,2026-02-13,Tablet,Photography,5,880,4400,Credit Card
5158,18,Ariel Woods,gloria28@example.org,2024-07-29,Tablet,Photography,2,355,710,PayPal
5159,35,Jasmine Taylor,johnnyanderson@example.com,,Monitor,Photography,2,321,642,PayPal
5160,53,Laurie Johnson,jerry73@example.net,2025-07-02,Monitor,Photography,4,145,580,Credit Card
5161,64,Danielle Lewis,christylove@example.org,2025-02-01,Mouse,Accessories,1,1416,1416,Cash
5162,68,Penny Sanchez,laura23@example.org,2025-11-20,Monitor,Accessories,5,74,370,Cash
5163,58,Christopher Park,petersonjohn@example.org,2025-01-19,Keyboard,Accessories,4,686,2744,Credit Card
5164,35,Stacy Munoz,cherylbarnes@example.org,2024-05-26,Monitor,Photography,4,417,1668,Credit Card
5165,62,Shannon Robinson,phillipsstacy@example.net,2025-07-27,Laptop,Photography,2,759,1518,Cash
5166,53,Frederick Franklin,cortezsharon@example.org,2025-10-10,Headphones,Accessories,5,1312,6560,PayPal
5167,40,Michael Smith,aaronflores@example.org,2026-02-25,Monitor,Accessories,4,143,572,PayPal
5168,29,Angelica Miller,rileyanthony@example.net,2024-08-02,Tablet,Accessories,4,425,1700,PayPal
5169,70,Tony Smith,danielsmith@example.org,2024-08-25,Headphones,Photography,5,921,4605,PayPal
5170,50,Samantha Cummings,ycantu@example.net,2025-04-15,Printer,Electronics,3,226,678,PayPal
5171,39,Stacy Petty,jessicacordova@example.com,2025-12-02,Webcam,Accessories,3,1250,3750,Credit Card
5172,30,Katherine Flores,burkedeborah@example.net,,Speaker,Accessories,4,167,668,Cash
5173,31,Daniel Freeman,bryanhernandez@example.net,2025-08-25,Smartphone,Photography,4,884,3536,PayPal
5174,50,Justin Phillips,allisonbarr@example.org,,Camera,Electronics,,69,0,Cash
5175,47,Traci Murphy,taradouglas@example.org,2025-04-11,Monitor,Photography,1,1266,1266,Cash
5176,42,Morgan Giles,james68@example.org,,Webcam,Accessories,3,125,375,Credit Card
5177,59,Alex Robinson,angelathompson@example.org,2025-05-25,Laptop,Accessories,4,801,3204,PayPal
5178,47,Dana Santiago,knightmelissa@example.com,2025-08-27,Tablet,Photography,1,149,149,PayPal
5179,23,Matthew Pena,theresa04@example.net,2025-10-13,Camera,Photography,1,104,104,Credit Card
5180,56,Barbara Gutierrez,sanchezmichael@example.com,2025-12-14,Mouse,Accessories,5,330,1650,Cash
5181,25,Bryce Walton,caseycharles@example.com,2025-05-28,Headphones,Electronics,4,796,3184,PayPal
5182,46,,xmorris@example.net,2024-03-17,Printer,Electronics,1,1138,1138,PayPal
5183,21,Susan Lucas,ndavenport@example.org,2024-08-14,Tablet,Electronics,2,1106,2212,Cash
5184,64,Kayla Warren,omar90@example.net,2025-07-15,Camera,Photography,2,147,294,PayPal
5185,34,John Dillon,jsantiago@example.com,2025-09-05,Mouse,Photography,5,1367,6835,Cash
5186,44,John Peterson,rogersdaniel@example.com,2024-11-14,Printer,Photography,4,1221,4884,PayPal
5187,53,Louis Melton,kimberlypage@example.net,2025-06-13,Mouse,Photography,5,957,4785,Credit Card
5188,49,Melissa Perez,amandaramirez@example.net,2025-06-12,Printer,Photography,3,872,2616,PayPal
5189,47,April Hughes,kristinaholland@example.net,2025-01-27,Laptop,Accessories,1,984,984,PayPal
5190,56,Adam Dennis,smithbrent@example.com,2024-08-09,Keyboard,Photography,1,328,328,PayPal
5191,20,Erica Williams,elizabethbates@example.org,2024-11-11,Headphones,Photography,4,949,3796,Credit Card
5192,51,Edward Jones,asimpson@example.org,,Webcam,Photography,2,293,586,PayPal
5193,70,Mrs. Aimee Costa,donna62@example.org,2025-07-06,Printer,Accessories,1,1196,1196,Cash
5194,56,Bradley Petersen,patrick22@example.org,2024-04-25,Smartphone,Electronics,2,594,1188,Credit Card
5195,25,Philip Graham,kaitlynjenkins@example.net,,Keyboard,Accessories,4,493,1972,Credit Card
5196,46,Michael Bailey,cbaird@example.net,2025-11-28,Printer,Accessories,4,1453,5812,PayPal
5197,66,Diana Buchanan,lmendoza@example.net,2024-06-23,Laptop,Electronics,1,86,86,Cash
5198,19,Janice Chapman,adam26@example.com,2024-03-27,Camera,Photography,3,768,2304,PayPal
5199,42,Cody Matthews,pwilliams@example.net,2026-01-05,Mouse,Accessories,1,1426,1426,Cash
5200,54,Kristina Webb,mitchellstokes@example.net,2025-02-03,Laptop,Photography,1,1474,1474,Credit Card
5201,36,Joshua Pennington,andreakelly@example.com,,Speaker,Photography,4,1231,4924,Credit Card
5202,67,,nelsondavid@example.net,2026-01-01,Monitor,Accessories,4,383,1532,Credit Card
5203,30,Jacob Allen,ronald12@example.net,2025-06-26,Mouse,Photography,2,1277,2554,Cash
5204,56,Jose Wilson,mary76@example.com,2026-01-04,Mouse,Accessories,2,849,1698,Credit Card
5205,43,Emily Mcclure MD,hendersonmichelle@example.com,2025-02-15,Keyboard,Photography,2,434,868,Cash
5206,57,William Kirk,alexander07@example.net,2025-04-27,Headphones,Accessories,5,50,250,Cash
5207,34,Peter Bennett,hernandezleah@example.com,2025-07-12,Webcam,Accessories,1,1102,1102,Credit Card
5208,34,Martha Daniels,mrhodes@example.com,2024-08-06,Speaker,Accessories,2,785,1570,PayPal
5209,58,Brianna Jones,francisvargas@example.com,2024-10-27,Camera,Accessories,4,266,1064,Cash
5210,29,Ashley Oliver,teresa92@example.net,2024-07-22,Smartphone,Accessories,1,258,258,PayPal
5211,21,Emily Rice,williamsemily@example.org,2026-01-15,Speaker,Electronics,3,1019,3057,Cash
5212,60,Christopher Alvarado,kevin82@example.net,2025-07-13,Tablet,Electronics,4,1370,5480,Cash
5213,31,Heather Mcclure,derek70@example.net,2025-11-15,Headphones,Photography,2,512,1024,PayPal
5214,64,Andrea Wheeler,watkinscasey@example.com,,Speaker,Accessories,5,190,950,Cash
5215,56,Stephen Cruz,smithsteven@example.net,2024-09-01,Monitor,Accessories,5,774,3870,PayPal
5216,44,Jonathan Mendoza,pcarter@example.net,2024-09-09,Camera,Photography,1,87,87,Credit Card
5217,55,Maureen Moore,kimberlywilliams@example.com,2024-10-19,Printer,Accessories,3,1413,4239,PayPal
5218,70,Kyle Gross,angela85@example.net,,Mouse,Photography,5,965,4825,Cash
5219,37,Heather Willis,linda27@example.net,,Headphones,Electronics,4,1372,5488,PayPal
5220,63,Aaron Villa,pennykelley@example.net,2025-04-05,Keyboard,Accessories,4,965,3860,PayPal
5221,67,Michelle Mccoy,billy46@example.net,2025-12-23,Printer,Accessories,3,1036,3108,Cash
5222,53,Victoria Johnson,ymeyers@example.com,2025-11-05,Camera,Electronics,5,611,3055,Credit Card
5223,43,Jo Jones,deborahsanchez@example.com,2025-12-19,Mouse,Photography,3,993,2979,Cash
5224,39,Nicholas Knight,jennifer65@example.org,2024-03-09,Headphones,Accessories,3,1444,4332,Cash
5225,49,David Jones,bill89@example.com,2025-07-07,Headphones,Photography,3,676,2028,Credit Card
5226,59,Emily Lewis,englishshelley@example.net,2024-10-04,Laptop,Electronics,5,249,1245,PayPal
5227,69,Kelly Long,stephanieparker@example.net,2024-07-31,Monitor,Photography,2,635,1270,Cash
5228,56,Samantha Nunez,jcarr@example.net,2024-10-27,Printer,Electronics,4,1011,4044,Credit Card
5229,31,Laura Ritter,thompsonryan@example.net,2025-02-19,Printer,Photography,3,1114,3342,Cash
5230,65,Matthew Diaz,geraldlewis@example.org,2024-07-01,Camera,Accessories,1,1401,1401,Cash
5231,62,Shelley Mendoza,rgibbs@example.org,2025-09-17,Headphones,Accessories,4,1410,5640,Cash
5232,53,Lauren Thomas MD,jaclynmalone@example.net,,Mouse,Electronics,4,1110,4440,Cash
5233,24,Melissa Jackson,jessicapatterson@example.org,2024-04-12,Tablet,Accessories,2,83,166,Credit Card
5234,56,Kevin Phillips,jessica50@example.com,2025-10-22,Laptop,Accessories,5,1485,7425,PayPal
5235,58,Stephanie Acosta,teresa61@example.net,2025-10-06,Webcam,Accessories,1,931,931,Cash
5236,70,Barbara Holder,robert88@example.com,2024-03-16,Webcam,Accessories,5,637,3185,PayPal
5237,62,Rachel Long,jillhunter@example.com,2026-01-31,Laptop,Photography,4,1416,5664,Cash
5238,55,Hailey Smith,katherinepalmer@example.com,2024-06-28,Speaker,Electronics,2,780,1560,PayPal
5239,52,Joseph Newman,shannonwarner@example.net,2025-04-10,Tablet,Electronics,2,383,766,Cash
5240,54,Stacey Garcia,uscott@example.net,2024-03-23,Monitor,Electronics,4,1365,5460,Cash
5241,26,Henry Weber,leslie51@example.org,2024-08-25,Headphones,Electronics,2,1435,2870,Credit Card
5242,49,Megan Johnson,taylorashlee@example.org,2025-06-03,Mouse,Accessories,,1343,0,Credit Card
5243,45,Tony Delacruz,jacquelinecurtis@example.com,,Tablet,Accessories,3,1128,3384,Cash
5244,31,Joshua Sherman,michelle12@example.org,2025-01-17,Monitor,Accessories,5,1323,6615,PayPal
5245,44,Joseph Watson,ujohnson@example.com,2024-02-29,Keyboard,Photography,1,1400,1400,Credit Card
5246,19,Darren Carr,jennifer72@example.com,2025-12-02,Laptop,Electronics,5,400,2000,Credit Card
5247,63,Cynthia Clayton,shelbymarshall@example.org,2026-02-15,Webcam,Photography,3,665,1995,Cash
5248,18,Austin Reid,crawforddanielle@example.net,2024-07-10,Speaker,Accessories,2,1448,2896,Credit Card
5249,49,Michael Pham,sheppardcarmen@example.org,2024-07-23,Headphones,Accessories,4,1481,5924,Credit Card
5250,66,Scott Smith,sshaffer@example.org,2025-09-05,Keyboard,Accessories,2,1284,2568,Credit Card
5251,64,Dana Knight,tammy12@example.net,2024-12-06,Camera,Photography,4,391,1564,PayPal
5252,66,Todd Knapp,mathisantonio@example.net,,Tablet,Accessories,4,795,3180,Cash
5253,18,Daniel Carey,becky95@example.com,2024-05-13,Smartphone,Photography,3,1207,3621,PayPal
5254,32,Kenneth Obrien,lmartinez@example.com,,Webcam,Electronics,2,1229,2458,Credit Card
5255,25,Elizabeth Woods,jeromejones@example.com,2025-01-28,Laptop,Photography,4,111,444,Cash
5256,37,Russell Dunn,pgarza@example.com,2024-10-04,Headphones,Accessories,2,397,794,Credit Card
5257,43,Whitney Conner,imontes@example.net,2025-02-22,Webcam,Accessories,4,1012,4048,PayPal
5258,31,Allison Ford,dannyhiggins@example.com,2025-05-25,Camera,Electronics,5,789,3945,Credit Card
5259,30,Mandy Moore,elizabeth06@example.com,2024-11-06,Laptop,Photography,4,1393,5572,Credit Card
5260,30,Glenn Garcia,jason01@example.com,2024-06-08,Monitor,Photography,1,1313,1313,Cash
5261,61,Michelle Hoover,acohen@example.net,2025-01-09,Mouse,Accessories,1,1273,1273,PayPal
5262,55,Justin Rose,jennifer09@example.net,2024-08-23,Headphones,Photography,4,857,3428,Credit Card
5263,21,Martin Davis,patriciajames@example.net,2025-08-01,Monitor,Electronics,1,745,745,Cash
5264,34,Lori Johnson,banksstephanie@example.net,2025-07-05,Tablet,Accessories,5,988,4940,Credit Card
5265,64,Leslie Garcia,acarpenter@example.org,2025-10-27,Webcam,Photography,3,1019,3057,Credit Card
5266,51,Troy Jarvis,qhernandez@example.net,2024-07-12,Tablet,Electronics,2,136,272,PayPal
5267,59,Stephen Ellis,broberts@example.com,2024-07-28,Mouse,Accessories,3,327,981,Credit Card
5268,57,Chloe Hopkins,walshandrew@example.net,2025-04-07,Monitor,Photography,4,205,820,PayPal
5269,48,Jessica Ortega,amycooke@example.com,2025-12-17,Headphones,Accessories,2,775,1550,PayPal
5270,25,Rose Daniel,dawsonmichael@example.org,2025-08-28,Camera,Photography,1,1110,1110,Credit Card
5271,27,Sarah Morrison,bautistaperry@example.net,2025-05-29,Speaker,Accessories,2,1076,2152,PayPal
5272,65,Jane Rowe,geraldarmstrong@example.net,2024-07-06,Speaker,Accessories,2,1331,2662,PayPal
5273,40,Ashley Gross,kevinhernandez@example.net,2025-05-27,Smartphone,Electronics,1,632,632,PayPal
5274,41,Peggy Montgomery,lauren12@example.com,,Mouse,Electronics,1,136,136,PayPal
5275,27,Lorraine Stevens,qbaker@example.org,2025-10-20,Webcam,Electronics,2,197,394,Cash
5276,68,Stephen Kelly,matthew84@example.org,2025-02-16,Mouse,Electronics,5,1422,7110,Cash
5277,57,Tara Williams,espinozadanielle@example.net,2024-04-28,Camera,Accessories,5,195,975,PayPal
5278,63,Johnathan Curry,holdenkaren@example.net,2024-04-21,Webcam,Photography,2,711,1422,Cash
5279,21,Tami Branch,daniellehale@example.com,2025-02-27,Printer,Electronics,3,472,1416,Credit Card
5280,56,Mr. Kenneth Kelly,melissa83@example.com,,Speaker,Photography,1,719,719,Credit Card
5281,27,Vanessa Stevenson,lindaperry@example.net,2024-05-28,Mouse,Photography,3,916,2748,Cash
5282,52,Brian Malone,james56@example.net,2025-03-01,Speaker,Accessories,2,30,60,Credit Card
5283,57,,rodney78@example.net,2025-01-16,Webcam,Accessories,5,401,2005,Cash
5284,66,Zachary Walls,grayjames@example.org,2025-07-30,Laptop,Electronics,5,686,3430,Credit Card
5285,27,Christopher Cohen,jamesjoanne@example.org,2024-07-14,Mouse,Accessories,1,1169,1169,PayPal
5286,55,Steven Hughes,ericferrell@example.net,2026-01-03,Mouse,Electronics,3,190,570,PayPal
5287,47,Tony Pacheco,xvasquez@example.net,2024-12-07,Mouse,Photography,2,920,1840,Cash
5288,20,Ashley Gray,rherring@example.org,2025-06-05,Mouse,Electronics,1,1480,1480,Credit Card
5289,39,Daniel Mills,gloria27@example.com,,Webcam,Accessories,4,381,1524,Cash
5290,18,Kenneth Burton,marydavis@example.org,2024-05-14,Smartphone,Photography,3,249,747,PayPal
5291,21,Brian Washington,huffmanjoseph@example.com,2025-01-25,Headphones,Photography,1,1328,1328,PayPal
5292,56,Amy Mcgee,raymond73@example.com,,Webcam,Electronics,3,440,1320,Credit Card
5293,54,Brandon Haynes DDS,barneschad@example.com,2024-11-25,Keyboard,Accessories,4,1266,5064,PayPal
5294,30,Jacqueline Smith,mbryant@example.com,,Monitor,Electronics,2,264,528,PayPal
5295,40,Timothy Adkins,codymays@example.org,2024-11-28,Laptop,Electronics,2,655,1310,Cash
5296,43,Kevin Weaver,dsmith@example.com,2024-03-11,Monitor,Electronics,1,263,263,Cash
5297,65,Erica Campbell,ryanhoward@example.net,2025-05-06,Laptop,Electronics,4,1430,5720,Cash
5298,56,Carl Watkins,williamorr@example.org,2025-09-01,Monitor,Accessories,4,376,1504,Credit Card
5299,35,Mrs. Elizabeth Williams MD,uwright@example.org,2024-08-14,Speaker,Accessories,5,483,2415,Cash
5300,34,Charles Wu,david85@example.net,2024-04-01,Camera,Accessories,,268,0,PayPal
5301,19,Troy Miller,hherman@example.net,2025-04-29,Laptop,Electronics,5,1494,7470,Cash
5302,29,Brian Hammond,theresa35@example.org,2025-10-26,Tablet,Photography,4,168,672,PayPal
5303,20,Mr. Nathan Figueroa MD,yweaver@example.net,2024-12-18,Camera,Electronics,1,808,808,Cash
5304,52,Maria Beck,qwalker@example.com,2024-03-31,Webcam,Electronics,5,103,515,Credit Card
5305,33,John Newton,ctran@example.net,2024-10-24,Smartphone,Photography,4,368,1472,Credit Card
5306,24,Matthew Peterson,adamwalker@example.net,2024-10-16,Laptop,Accessories,2,1248,2496,PayPal
5307,43,,frank72@example.net,2024-05-18,Monitor,Photography,1,419,419,PayPal
5308,23,Jacob Glover,ponceamy@example.com,,Webcam,Electronics,2,1174,2348,PayPal
5309,35,Shelby Dean,scott41@example.com,2025-10-03,Speaker,Electronics,2,383,766,PayPal
5310,19,Martin Harris,kendramiller@example.net,2025-11-11,Smartphone,Electronics,2,854,1708,PayPal
5311,34,Casey Adams,kellie67@example.net,2025-01-01,Monitor,Accessories,3,841,2523,PayPal
5312,44,Kari Smith,sstanley@example.org,2025-07-20,Printer,Photography,3,513,1539,Credit Card
5313,45,Gary Taylor,zhardin@example.com,2025-02-28,Headphones,Photography,2,734,1468,PayPal
5314,38,Luis Gaines,laura79@example.com,2025-04-07,Keyboard,Accessories,1,201,201,PayPal
5315,49,,lbrooks@example.com,2025-11-24,Keyboard,Photography,1,1195,1195,PayPal
5316,55,Michael Elliott,krystalguerrero@example.net,2024-04-19,Monitor,Accessories,3,904,2712,Cash
5317,28,Brett Perkins,greenleah@example.org,2024-11-03,Speaker,Electronics,4,770,3080,PayPal
5318,41,David Roberts,johnsmark@example.net,2024-09-13,Laptop,Photography,2,669,1338,PayPal
5319,19,Nathan Campbell,kmueller@example.net,2024-05-10,Monitor,Electronics,3,860,2580,Credit Card
5320,25,Victoria Roberts,brandon90@example.net,2025-12-02,Printer,Accessories,1,916,916,Cash
5321,18,Kevin Dixon,michael71@example.net,2024-11-19,Mouse,Electronics,2,1499,2998,Cash
5322,55,Jonathan Carter,kathyjohnson@example.org,2025-06-30,Speaker,Photography,5,844,4220,Credit Card
5323,32,Amber Scott,loveheather@example.org,2025-10-19,Mouse,Accessories,3,326,978,Credit Card
5324,67,Patricia Madden,jgarrett@example.com,2025-03-25,Speaker,Accessories,2,579,1158,PayPal
5325,57,Scott Alvarado,matthew30@example.net,2025-05-30,Mouse,Photography,3,1477,4431,PayPal
5326,61,John Moore,nfoster@example.org,2025-12-09,Laptop,Photography,1,574,574,PayPal
5327,68,Jennifer Silva,ibarnes@example.org,2024-05-02,Monitor,Photography,2,143,286,Cash
5328,56,Wesley Diaz,wileytina@example.net,2026-02-15,Mouse,Photography,1,1220,1220,Credit Card
5329,53,Dale Hines,russellshawn@example.net,2025-02-20,Printer,Photography,,531,0,PayPal
5330,42,Michael Morales,jerry37@example.net,2024-07-25,Laptop,Electronics,3,214,642,PayPal
5331,23,Andrew Jones,mkeller@example.com,2025-06-11,Mouse,Photography,4,1422,5688,Credit Card
5332,27,Candace Guerra,snowjulie@example.com,2025-10-13,Printer,Accessories,3,603,1809,PayPal
5333,38,Rachel Torres,ubrown@example.com,2025-05-23,Printer,Photography,3,920,2760,Credit Card
5334,47,Kaitlyn Brown,laura01@example.net,2026-01-11,Camera,Accessories,1,306,306,Cash
5335,67,Shane Barr,clinejason@example.net,2024-03-12,Headphones,Electronics,2,1416,2832,PayPal
5336,43,,jchandler@example.net,2024-11-25,Printer,Photography,2,926,1852,Credit Card
5337,24,Emily Harris,amberdavis@example.net,2024-11-18,Printer,Electronics,3,326,978,Credit Card
5338,26,Carmen Kim,tonyrogers@example.org,2025-05-14,Laptop,Accessories,2,652,1304,Credit Card
5339,64,Mark Dennis,clarkdeborah@example.org,2025-03-28,Smartphone,Photography,2,743,1486,Credit Card
5340,21,Mary Fleming,kelseyjackson@example.org,,Printer,Electronics,5,770,3850,PayPal
5341,47,Joshua Rice,moralesscott@example.net,2025-08-10,Keyboard,Accessories,3,945,2835,Credit Card
5342,36,Dana Holmes,ucollins@example.net,2025-05-12,Smartphone,Electronics,5,1264,6320,Cash
5343,36,Ebony Melendez,ginabernard@example.org,2026-02-24,Webcam,Photography,3,645,1935,PayPal
5344,20,Hannah Ayers,scott13@example.org,2024-05-25,Printer,Electronics,1,1079,1079,PayPal
5345,33,Angela Fox,laurenclark@example.com,,Headphones,Photography,1,812,812,Cash
5346,46,Steve Hale,ghernandez@example.com,2025-04-20,Smartphone,Electronics,5,56,280,Cash
5347,30,Vincent Sanders,wsingh@example.com,2025-07-22,Mouse,Photography,4,1323,5292,Credit Card
5348,18,Bradley Reyes,christopherkeller@example.org,2025-08-28,Camera,Accessories,3,1091,3273,Credit Card
5349,51,Linda Lucas,marie66@example.net,2025-09-21,Keyboard,Photography,4,26,104,Credit Card
5350,66,Johnny Ewing DDS,jessica83@example.net,2024-04-26,Camera,Electronics,5,1455,7275,Credit Card
5351,32,Lynn Thomas,cheyenne12@example.org,2025-08-31,Speaker,Photography,4,1014,4056,PayPal
5352,57,Samantha Jackson,gloriahutchinson@example.net,2024-09-22,Camera,Photography,5,163,815,Cash
5353,27,Dr. Mark Gardner,nancygreen@example.com,2025-09-20,Camera,Accessories,2,724,1448,Credit Card
5354,68,Stephen Pierce,collinssteven@example.org,2024-04-19,Keyboard,Photography,2,336,672,Credit Card
5355,48,Elizabeth Murray,chernandez@example.com,2024-08-23,Speaker,Accessories,1,454,454,PayPal
5356,64,Taylor Dunn,merickson@example.org,,Laptop,Photography,2,37,74,Cash
5357,21,Nicole Reyes,laura58@example.com,2025-11-25,Mouse,Photography,3,1174,3522,Credit Card
5358,53,Perry Lambert,raybenjamin@example.net,2024-07-10,Headphones,Photography,5,586,2930,Cash
5359,47,Eric Klein,kimberly79@example.com,2024-05-11,Tablet,Accessories,5,1341,6705,Cash
5360,56,Erica Dennis,andersongarrett@example.net,2025-08-13,Mouse,Accessories,4,737,2948,Cash
5361,27,Courtney Hale,amber56@example.org,2025-06-26,Printer,Photography,1,1364,1364,Cash
5362,49,Tracy Caldwell,devon70@example.org,2024-10-11,Camera,Accessories,4,1296,5184,Cash
5363,66,Joseph Hodges,hsmith@example.org,2026-02-04,Tablet,Electronics,1,225,225,PayPal
5364,38,Lisa Randall,jay55@example.org,2025-03-06,Camera,Electronics,2,355,710,Credit Card
5365,57,Victor Phillips,pamelahayes@example.org,2026-02-04,Printer,Electronics,1,761,761,PayPal
5366,44,Joseph Jones,joshua94@example.com,2025-12-16,Monitor,Electronics,2,1068,2136,PayPal
5367,30,Christopher Davis,spencer88@example.org,2024-03-16,Speaker,Electronics,2,846,1692,Credit Card
5368,24,James Floyd,reginasmith@example.org,2025-12-26,Monitor,Photography,1,330,330,Credit Card
5369,30,Patricia Carney,susan43@example.net,2025-06-07,Monitor,Electronics,5,996,4980,Credit Card
5370,42,Michael Robinson,melissa74@example.net,2024-12-11,Keyboard,Photography,2,665,1330,Cash
5371,33,Laura Meza,fritzcody@example.com,2024-12-30,Tablet,Electronics,2,602,1204,PayPal
5372,20,William Oneal,ryanshannon@example.net,2024-08-23,Monitor,Electronics,2,883,1766,Credit Card
5373,48,Rachel Schroeder,williamssara@example.net,2025-06-10,Monitor,Accessories,5,528,2640,PayPal
5374,34,Pamela Pierce,robbinswilliam@example.net,2025-01-08,Monitor,Electronics,4,1402,5608,PayPal
5375,55,Keith King,nhorton@example.org,2025-08-17,Camera,Electronics,4,973,3892,Cash
5376,29,Julie Roberson,samantha52@example.net,2024-08-19,Smartphone,Electronics,2,401,802,Cash
5377,61,Ryan Singh,kvasquez@example.net,2025-02-11,Printer,Photography,2,1050,2100,Credit Card
5378,48,Toni Smith,jessica74@example.org,,Keyboard,Photography,3,1487,4461,PayPal
5379,57,Kimberly Burch,milleraimee@example.com,2024-10-07,Keyboard,Accessories,5,1320,6600,Credit Card
5380,51,Erik Gilbert,jacobwilcox@example.org,,Webcam,Accessories,3,1265,3795,PayPal
5381,37,Jasmine Wright,mcclurejordan@example.com,2025-12-23,Tablet,Electronics,3,438,1314,Credit Card
5382,44,Shane Kim,sharonjohnson@example.org,2026-01-25,Smartphone,Accessories,2,543,1086,PayPal
5383,39,,bryantethan@example.net,2025-11-15,Keyboard,Electronics,1,400,400,PayPal
5384,35,Timothy Patel,vreed@example.com,2024-08-13,Smartphone,Photography,4,914,3656,Credit Card
5385,68,Sara Cox,rdean@example.net,2026-02-05,Speaker,Photography,2,1093,2186,Credit Card
5386,67,Lisa Walker,erica91@example.net,,Monitor,Electronics,2,515,1030,Cash
5387,68,Darryl Walker,matthew57@example.net,2025-06-13,Tablet,Accessories,4,903,3612,Cash
5388,51,Maria Wright,victormorris@example.net,2024-09-15,Speaker,Accessories,2,346,692,Credit Card
5389,30,Timothy Olson,snyderdeborah@example.com,2025-12-07,Headphones,Accessories,1,208,208,Credit Card
5390,25,Benjamin Martin,jason24@example.com,2024-10-27,Tablet,Electronics,3,1453,4359,Credit Card
5391,60,Mr. James Smith MD,mikewiley@example.net,2024-05-31,Keyboard,Accessories,2,1422,2844,Cash
5392,39,Julia Middleton,dominic26@example.com,2024-05-21,Monitor,Photography,2,1358,2716,Credit Card
5393,28,Lauren Ruiz,hollandsabrina@example.org,2024-08-27,Speaker,Photography,4,575,2300,Credit Card
5394,36,Caleb English,ronald78@example.net,2024-11-10,Camera,Electronics,2,1330,2660,Cash
5395,21,,johnnymiller@example.net,2025-12-06,Monitor,Photography,4,1432,5728,Credit Card
5396,51,Kenneth Bailey,kmartinez@example.net,2025-08-30,Speaker,Electronics,4,1417,5668,Credit Card
5397,42,James Ramos,brookesilva@example.com,2024-06-25,Laptop,Electronics,3,1159,3477,Cash
5398,50,Ann Ellis,ashley31@example.com,2025-12-09,Monitor,Electronics,5,125,625,Cash
5399,21,Robert Sims,christopher61@example.com,2025-10-15,Laptop,Electronics,5,87,435,Credit Card
5400,69,Lori Acosta,rpittman@example.org,2026-01-19,Printer,Electronics,4,612,2448,Credit Card
5401,21,Lisa Smith,angelasims@example.net,2024-03-25,Speaker,Electronics,2,605,1210,PayPal
5402,65,Dr. Karina Smith,hnicholson@example.net,2024-12-29,Mouse,Accessories,1,352,352,PayPal
5403,49,Dominique Walker,bennettjacob@example.com,2024-10-16,Speaker,Accessories,5,477,2385,Cash
5404,43,Glenn Abbott,sjones@example.com,2025-12-08,Laptop,Accessories,4,1456,5824,PayPal
5405,63,Michael Figueroa,sarah70@example.com,2025-12-13,Printer,Electronics,1,1326,1326,PayPal
5406,30,Danielle Delacruz,pwilson@example.org,2024-02-29,Mouse,Accessories,2,1065,2130,PayPal
5407,57,Kristen Ramsey,christopher09@example.com,2025-01-11,Smartphone,Accessories,2,862,1724,PayPal
5408,70,Matthew Black,piercethomas@example.com,2025-06-10,Monitor,Electronics,1,464,464,Credit Card
5409,24,Emily Harrell,davisashley@example.com,2024-04-03,Printer,Accessories,2,265,530,Cash
5410,32,Nicholas Tucker,gibsonamanda@example.com,2025-11-18,Speaker,Accessories,1,1420,1420,Credit Card
5411,65,Holly Nielsen,qayala@example.net,2025-07-21,Camera,Accessories,4,775,3100,Credit Card
5412,22,Kelly Gutierrez,yalvarez@example.net,2025-10-09,Printer,Accessories,3,1030,3090,PayPal
5413,47,Katherine Elliott,sarahrios@example.org,2026-01-14,Laptop,Photography,4,1331,5324,Cash
5414,60,Wendy Stewart,vickieoliver@example.com,2025-01-12,Speaker,Photography,5,20,100,Credit Card
5415,38,Kimberly Vasquez,fsmith@example.com,2024-09-03,Camera,Electronics,3,301,903,Credit Card
5416,28,Anthony Francis,jjones@example.org,2025-03-14,Monitor,Accessories,3,792,2376,PayPal
5417,45,Scott Burns,zacharyrichmond@example.com,,Headphones,Photography,4,534,2136,Credit Card
5418,54,Johnathan Smith,cheryl72@example.org,2024-11-19,Monitor,Accessories,1,684,684,Credit Card
5419,35,Robert Middleton,juliarobinson@example.com,2025-08-22,Printer,Electronics,2,1103,2206,PayPal
5420,65,Amber Gamble,scottbecky@example.com,2025-08-14,Headphones,Accessories,2,845,1690,Cash
5421,40,Sherry Cortez,rodriguezmary@example.net,2025-02-26,Keyboard,Accessories,1,886,886,PayPal
5422,49,Kenneth Harvey,bryantbrenda@example.net,2025-07-21,Mouse,Accessories,2,878,1756,Credit Card
5423,63,Gail Robles,bennettbenjamin@example.com,2024-09-07,Webcam,Electronics,1,1244,1244,Credit Card
5424,22,John Wilson,steven11@example.net,2024-07-18,Smartphone,Photography,4,989,3956,PayPal
5425,68,Tony Richardson,hillkristin@example.org,2026-02-18,Smartphone,Electronics,3,1115,3345,Credit Card
5426,34,David Hall,susansimmons@example.net,2026-02-14,Speaker,Accessories,2,1336,2672,Cash
5427,24,Nancy Taylor,elizabethkeller@example.org,2024-07-29,Printer,Photography,1,1393,1393,Cash
5428,63,Tanya Johnson,walter92@example.net,2025-10-03,Camera,Accessories,1,705,705,Cash
5429,69,Matthew Mckay,fjohnson@example.org,2024-05-17,Laptop,Photography,3,711,2133,Credit Card
5430,24,Mark Logan,jbaker@example.net,2026-01-31,Keyboard,Accessories,1,1182,1182,Credit Card
5431,35,William Lucas,brett95@example.org,2025-10-20,Tablet,Accessories,2,391,782,Cash
5432,48,Christie Smith,gibsonfelicia@example.com,2025-11-01,Smartphone,Photography,4,26,104,PayPal
5433,44,Chelsea Diaz,jennifer60@example.com,2024-06-30,Tablet,Electronics,3,466,1398,Cash
5434,31,Gina Singh,barbara60@example.net,,Tablet,Photography,2,1061,2122,Credit Card
5435,35,Kayla Conrad,lovesamantha@example.com,2025-05-19,Keyboard,Electronics,2,1385,2770,PayPal
5436,27,John Garcia,amywalker@example.org,2025-09-15,Speaker,Photography,2,928,1856,Credit Card
5437,44,Mark Neal,olsonsamantha@example.org,2024-12-20,Tablet,Accessories,5,360,1800,PayPal
5438,58,Kayla West,xwilliams@example.net,2025-03-29,Keyboard,Electronics,3,896,2688,Credit Card
5439,52,Calvin Rollins,sharon92@example.com,2025-06-06,Tablet,Photography,2,399,798,PayPal
5440,66,Jason White,kristismith@example.org,2025-10-22,Camera,Photography,2,457,914,Cash
5441,28,Briana Bishop,tpugh@example.org,,Mouse,Accessories,5,153,765,Cash
5442,35,James Landry,penakimberly@example.com,,Camera,Photography,4,953,3812,Cash
5443,39,Karen Boone,zsmith@example.net,2024-11-15,Keyboard,Electronics,3,1139,3417,PayPal
5444,51,Dawn Hernandez,richardhill@example.com,2024-07-12,Speaker,Electronics,3,817,2451,Credit Card
5445,69,Bonnie Atkinson,ecox@example.com,2025-09-22,Webcam,Photography,1,703,703,Cash
5446,63,Dennis Meyers,edwardbeard@example.com,2025-10-18,Tablet,Electronics,1,434,434,Credit Card
5447,62,Kathryn Russell,mcdonaldbrenda@example.org,2025-06-04,Mouse,Accessories,4,1356,5424,PayPal
5448,66,Robert Williams,cathyhughes@example.org,2025-04-01,Monitor,Accessories,4,659,2636,Cash
5449,49,,orobinson@example.org,2024-06-30,Tablet,Accessories,1,552,552,Cash
5450,51,Steven Cochran,randyparker@example.org,2024-12-17,Mouse,Photography,5,660,3300,PayPal
5451,46,Deborah Jones,raymondsmith@example.com,2025-11-08,Laptop,Electronics,3,1308,3924,Credit Card
5452,21,Bianca Harvey,nancy93@example.net,2025-07-12,Laptop,Electronics,3,827,2481,Cash
5453,24,Thomas Graves,susan55@example.net,2025-04-09,Camera,Electronics,5,1384,6920,Cash
5454,55,Erica King,stephen54@example.net,2024-06-15,Webcam,Electronics,4,1006,4024,Credit Card
5455,52,Cody Michael,devin93@example.org,2025-01-03,Smartphone,Electronics,1,779,779,PayPal
5456,48,,imartin@example.com,,Monitor,Photography,3,84,252,Cash
5457,65,Tracy Pham,megan94@example.com,2025-01-22,Monitor,Electronics,1,1229,1229,PayPal
5458,20,Sierra Newman,vjones@example.org,2026-01-29,Keyboard,Accessories,5,1065,5325,PayPal
5459,23,Amy Brown MD,michael08@example.net,2024-12-17,Mouse,Electronics,1,158,158,Credit Card
5460,56,Shirley Holmes,maria10@example.net,2025-02-12,Webcam,Accessories,2,843,1686,Cash
5461,26,Robert Melendez,powellariel@example.net,2024-08-15,Monitor,Accessories,1,757,757,Credit Card
5462,33,Alexis Coleman,raydonna@example.org,2025-04-17,Headphones,Electronics,3,513,1539,Credit Card
5463,40,Amy Reynolds,amberdavenport@example.org,2025-10-01,Keyboard,Photography,3,1062,3186,PayPal
5464,24,Amanda Scott DDS,amyruiz@example.org,2024-06-04,Printer,Photography,4,1095,4380,PayPal
5465,69,Lisa Velez,thomasroberts@example.org,2024-03-26,Speaker,Accessories,4,721,2884,PayPal
5466,20,Daniel French,ballardjamie@example.com,2026-01-29,Mouse,Electronics,2,650,1300,Cash
5467,57,Amy Horton,swaller@example.net,2025-06-15,Mouse,Electronics,3,913,2739,Cash
5468,24,George Vazquez,kevinsmith@example.com,2025-03-17,Camera,Accessories,1,1045,1045,Cash
5469,55,Kevin Smith,ykhan@example.org,2024-10-10,Printer,Accessories,3,1090,3270,Cash
5470,45,Shannon Silva,sarahwiggins@example.org,,Smartphone,Electronics,5,134,670,Cash
5471,58,Donna Hall,andrehorn@example.org,2025-01-01,Headphones,Photography,5,1030,5150,PayPal
5472,29,Steve Young,amy14@example.org,2025-05-29,Tablet,Accessories,3,1085,3255,Credit Card
5473,40,Carlos Curtis,vallison@example.net,2025-11-29,Webcam,Electronics,3,338,1014,PayPal
5474,25,David Kemp,jenniferpierce@example.com,2025-07-26,Monitor,Electronics,5,671,3355,Cash
5475,41,Angela Jackson,pamela34@example.net,,Printer,Electronics,5,271,1355,PayPal
5476,35,Jamie Preston,jenniferhays@example.net,2025-10-09,Mouse,Electronics,2,41,82,PayPal
5477,56,Steven Thompson,michelepeterson@example.net,2024-06-03,Mouse,Photography,1,975,975,Credit Card
5478,24,Paul Powell,jcosta@example.com,2024-06-09,Camera,Accessories,1,576,576,PayPal
5479,57,Nicole Zuniga,lindsaybell@example.org,2024-08-05,Webcam,Accessories,3,33,99,PayPal
5480,25,Louis Hill,kristenmorales@example.net,2025-10-01,Camera,Accessories,2,1250,2500,PayPal
5481,31,Taylor Mcdonald,schmidtandrew@example.com,2025-11-12,Smartphone,Photography,1,1470,1470,Credit Card
5482,63,Melanie Williams,aaron73@example.org,2025-03-15,Laptop,Electronics,4,1176,4704,PayPal
5483,19,Heather Guzman,xperez@example.net,,Speaker,Accessories,3,642,1926,Credit Card
5484,37,Joseph Brown,andrew34@example.org,2024-11-05,Tablet,Photography,1,1142,1142,Cash
5485,37,David Acosta,edward67@example.org,2024-08-04,Keyboard,Photography,3,653,1959,PayPal
5486,51,Luke Nguyen,erinclark@example.org,2024-08-02,Webcam,Electronics,2,1131,2262,PayPal
5487,45,Jennifer Wang,williamlopez@example.net,2024-08-07,Printer,Electronics,2,225,450,Credit Card
5488,27,Kara Campbell,rachelwalsh@example.com,2024-06-19,Laptop,Accessories,3,532,1596,PayPal
5489,63,Michael Lin,patricia91@example.org,2024-06-23,Camera,Accessories,3,689,2067,PayPal
5490,63,Kevin Frazier,lisaphelps@example.com,2024-10-27,Headphones,Photography,2,1364,2728,Cash
5491,28,James Villegas,jacquelineroberson@example.com,2025-04-10,Mouse,Photography,3,613,1839,PayPal
5492,58,Joel Frey,brandi17@example.com,2024-09-18,Tablet,Electronics,4,722,2888,Cash
5493,21,John Sweeney,joelwalker@example.org,2024-08-08,Laptop,Photography,3,606,1818,PayPal
5494,64,Justin Shields,jessecampbell@example.org,2025-06-27,Mouse,Electronics,4,439,1756,Credit Card
5495,67,,jacquelineperez@example.net,2025-08-27,Webcam,Photography,3,201,603,Cash
5496,53,Jeremy Price,wbrewer@example.org,2025-07-01,Headphones,Photography,4,71,284,PayPal
5497,62,Melissa Wood,derek02@example.net,2024-03-02,Keyboard,Accessories,2,795,1590,PayPal
5498,42,Christopher Winters,flong@example.com,2024-07-29,Laptop,Electronics,5,1449,7245,Credit Card
5499,70,Timothy Martinez,alexanderdavid@example.net,2025-12-11,Tablet,Photography,1,510,510,Cash
5500,65,Maria Edwards,tammyflores@example.net,2025-02-11,Laptop,Photography,5,1465,7325,PayPal
5501,30,Joel Carlson,lynnavila@example.org,2024-10-10,Camera,Photography,2,1474,2948,Credit Card
5502,39,,jbell@example.com,2024-10-21,Printer,Electronics,2,417,834,Credit Card
5503,22,Hunter Mack,xgrant@example.net,,Laptop,Accessories,3,391,1173,Cash
5504,55,Paul Baker,roblesstephen@example.net,2025-10-11,Tablet,Electronics,4,1435,5740,Credit Card
5505,52,Karen Wilson,vwatson@example.com,2024-07-29,Headphones,Electronics,4,909,3636,Credit Card
5506,40,Amanda Davis,mossedward@example.net,,Laptop,Electronics,1,942,942,Cash
5507,24,Sherry Payne,gregorynelson@example.net,2026-02-18,Mouse,Accessories,4,1085,4340,PayPal
5508,47,Madison Ford PhD,daustin@example.com,2025-10-14,Monitor,Photography,5,1275,6375,PayPal
5509,67,David Wright,woodssamuel@example.net,2024-09-12,Printer,Photography,5,852,4260,PayPal
5510,62,David Martinez,john61@example.com,2025-04-18,Laptop,Electronics,2,903,1806,PayPal
5511,50,Misty Bell,francis49@example.org,2024-06-01,Keyboard,Electronics,3,1069,3207,Cash
5512,63,James Anderson,jessica39@example.org,2024-06-24,Camera,Accessories,2,1312,2624,Cash
5513,66,Andrew Mcmillan,beasleyjames@example.org,2025-09-26,Camera,Photography,4,1329,5316,PayPal
5514,55,April Ramirez,james37@example.org,2025-01-12,Printer,Electronics,3,914,2742,Credit Card
5515,64,Anita Vasquez,jasonwhite@example.net,2024-11-15,Speaker,Electronics,4,722,2888,Credit Card
5516,70,Adam Henry,pagekelly@example.org,2024-11-03,Mouse,Accessories,2,1018,2036,Credit Card
5517,60,Kelly Carter,summersrobert@example.net,2025-10-05,Laptop,Accessories,3,1314,3942,PayPal
5518,42,Andrew Spencer,smithjames@example.net,2024-10-15,Printer,Accessories,4,149,596,Credit Card
5519,39,Melissa Briggs,amy24@example.net,2025-06-30,Laptop,Electronics,4,193,772,Cash
5520,38,Jesus Johnson,joseph32@example.com,2025-05-02,Webcam,Photography,2,799,1598,Credit Card
5521,49,Jeremy Lee,robertsjoanne@example.com,2025-03-06,Mouse,Photography,2,467,934,PayPal
5522,58,Ronald Duncan,hannahbanks@example.org,2024-09-23,Keyboard,Photography,2,722,1444,PayPal
5523,32,Paul Lynn,sean68@example.com,2025-08-18,Keyboard,Accessories,,132,0,Credit Card
5524,22,Rick Mcbride,kyle93@example.net,2025-02-01,Speaker,Electronics,4,282,1128,PayPal
5525,23,Michael Lane,laura29@example.net,2024-12-14,Tablet,Photography,,624,0,Cash
5526,37,Monica Ford,ijones@example.org,2025-03-09,Smartphone,Electronics,5,923,4615,Credit Card
5527,46,William Welch,katherinerhodes@example.com,2024-12-14,Tablet,Photography,2,983,1966,PayPal
5528,33,Jeff Figueroa,deankidd@example.net,2024-04-23,Smartphone,Photography,2,739,1478,Credit Card
5529,24,Monica Fischer,katherinecombs@example.com,2024-03-22,Smartphone,Electronics,,1151,0,Credit Card
5530,64,Michael Smith,gardnerphillip@example.org,,Speaker,Accessories,2,822,1644,Cash
5531,22,Ronald White,hoganwilliam@example.com,2025-12-28,Camera,Electronics,1,1003,1003,PayPal
5532,67,Autumn Pacheco,lowesandra@example.com,2025-02-27,Keyboard,Photography,4,1409,5636,PayPal
5533,66,Angela Parrish,jenniferbarker@example.net,2024-05-24,Webcam,Photography,5,1258,6290,Credit Card
5534,33,Thomas Bruce,colleencampbell@example.com,2024-03-16,Tablet,Accessories,4,1400,5600,Credit Card
5535,53,Faith Potter,fordvalerie@example.com,2024-09-28,Headphones,Electronics,2,159,318,Cash
5536,24,Shannon Thomas,kristenmiller@example.net,2024-08-05,Tablet,Accessories,3,372,1116,Credit Card
5537,69,Alexis Clark,robert71@example.net,2024-11-17,Mouse,Accessories,5,976,4880,Credit Card
5538,69,Sarah Lambert,tsparks@example.com,,Smartphone,Accessories,4,772,3088,Credit Card
5539,34,Vincent Jackson,christensenstacy@example.net,2025-06-06,Speaker,Electronics,4,764,3056,Cash
5540,60,Tracey Brooks,jgarcia@example.net,2026-01-31,Monitor,Photography,2,149,298,PayPal
5541,69,Scott Phillips,shall@example.org,2024-12-08,Speaker,Electronics,1,1016,1016,Cash
5542,63,Ryan Bowen,medinatravis@example.net,2024-06-26,Keyboard,Accessories,4,655,2620,PayPal
5543,41,Laura Robinson,ofinley@example.org,2024-06-21,Headphones,Photography,4,1422,5688,Credit Card
5544,61,Joseph Lee,gary65@example.net,2024-04-01,Laptop,Electronics,2,1162,2324,PayPal
5545,44,Brandi Taylor,lealexander@example.net,2025-05-31,Keyboard,Accessories,4,1010,4040,PayPal
5546,69,Benjamin Murray,yesenia85@example.org,2025-05-23,Laptop,Accessories,5,931,4655,Credit Card
5547,50,Jenna Sharp,danielle85@example.net,2025-04-04,Tablet,Accessories,3,725,2175,PayPal
5548,67,Paul Reynolds,harrisjaime@example.org,2025-05-15,Speaker,Electronics,5,1226,6130,PayPal
5549,18,Kevin Stevens,wgreen@example.net,2026-02-16,Laptop,Electronics,1,83,83,PayPal
5550,48,Joy Parks,boydkelsey@example.org,,Monitor,Photography,4,1216,4864,Credit Card
5551,57,Jennifer Gentry,hayessuzanne@example.org,2025-01-17,Laptop,Electronics,2,1418,2836,Cash
5552,62,John Morrison,bestrandy@example.net,2025-07-09,Laptop,Accessories,2,1127,2254,Credit Card
5553,47,Jared Day,susandorsey@example.net,2025-03-12,Monitor,Electronics,4,239,956,Credit Card
5554,63,Lisa Garcia,smithpatricia@example.com,2024-11-02,Smartphone,Photography,1,1412,1412,Cash
5555,34,Jennifer Green,wdougherty@example.com,2024-04-07,Keyboard,Photography,4,931,3724,Cash
5556,21,Ariel Campbell,bchristian@example.org,2025-12-21,Camera,Accessories,5,209,1045,Credit Card
5557,51,Virginia Allen,alyssaburns@example.com,2026-02-15,Speaker,Electronics,5,361,1805,Cash
5558,55,Eric James,dking@example.net,2025-06-22,Webcam,Electronics,3,1101,3303,PayPal
5559,18,Beverly Goodwin,isaac84@example.com,2026-02-13,Webcam,Photography,2,1194,2388,Cash
5560,28,Kathleen Lopez,kperry@example.org,2025-06-13,Smartphone,Photography,5,1076,5380,Credit Card
5561,61,Sara Day,xnguyen@example.net,2024-05-03,Webcam,Electronics,1,1099,1099,Credit Card
5562,68,Alyssa Walsh,vwilliams@example.net,2025-12-24,Printer,Photography,3,105,315,Cash
5563,41,Randy Rojas,oliviahendrix@example.net,2025-07-15,Laptop,Electronics,1,1071,1071,Credit Card
5564,70,Brandon Lawrence,hillgabriel@example.net,2024-10-31,Tablet,Photography,1,126,126,Credit Card
5565,37,Marcus Martinez,barronnicholas@example.net,2026-02-24,Camera,Photography,4,1320,5280,Credit Card
5566,58,Brian Sherman,uandersen@example.com,2025-01-13,Tablet,Accessories,1,595,595,PayPal
5567,66,,ggray@example.org,2024-08-18,Tablet,Accessories,3,212,636,PayPal
5568,40,Michael Peterson,kstewart@example.net,2025-08-15,Speaker,Electronics,1,947,947,Credit Card
5569,65,Gary Boyle,nyoung@example.com,2024-05-15,Mouse,Photography,5,971,4855,Cash
5570,37,Jordan Nichols,yhoward@example.com,2025-05-13,Headphones,Electronics,3,1467,4401,Credit Card
5571,36,Russell Glover,john02@example.net,2025-03-31,Mouse,Electronics,2,237,474,Cash
5572,42,Michelle Bright,brandymartinez@example.org,2025-02-17,Camera,Electronics,4,602,2408,PayPal
5573,41,Daniel Michael,mark65@example.net,2026-01-23,Headphones,Photography,3,815,2445,Cash
5574,34,Carolyn Williams,jacobmartinez@example.net,2025-10-30,Tablet,Photography,4,1069,4276,Credit Card
5575,53,Alexis Jennings,alvarezjeffrey@example.net,2024-08-27,Tablet,Photography,4,1381,5524,PayPal
5576,33,Mariah Burgess,rwright@example.com,2024-04-11,Mouse,Accessories,5,87,435,Cash
5577,65,,jessica80@example.com,2026-02-03,Monitor,Electronics,2,601,1202,Credit Card
5578,37,Karen Foster,johnwalsh@example.com,2024-09-06,Keyboard,Electronics,2,1452,2904,PayPal
5579,31,Mrs. Leslie Leach,ntrujillo@example.com,2024-07-29,Printer,Electronics,1,493,493,PayPal
5580,55,Joseph Bond,bgilmore@example.net,2024-08-16,Speaker,Accessories,5,1129,5645,Cash
5581,64,Charles Jimenez,bcampbell@example.org,2025-01-24,Tablet,Photography,2,970,1940,Cash
5582,43,Bailey Mcclain,fitzgeraldamber@example.net,2025-04-07,Webcam,Photography,2,1137,2274,PayPal
5583,37,Tara Allen DVM,nicholas62@example.org,,Keyboard,Accessories,2,1161,2322,Cash
5584,50,Regina Douglas,jerrydaniels@example.net,2025-09-12,Printer,Accessories,5,1452,7260,PayPal
5585,47,Patrick King,charles28@example.com,2024-04-17,Tablet,Photography,1,213,213,Credit Card
5586,47,Jeremy Decker,jason85@example.net,2026-01-29,Keyboard,Photography,5,760,3800,Credit Card
5587,51,Victor Randall,ruthcohen@example.org,2025-10-23,Camera,Photography,,1397,0,Cash
5588,66,Ms. Laura Martinez MD,deborahmorris@example.net,2025-11-28,Speaker,Photography,1,1203,1203,Credit Card
5589,26,Joel Lambert,lchristensen@example.com,2025-02-24,Keyboard,Electronics,3,241,723,PayPal
5590,67,Linda Brown,fsanders@example.com,2025-12-20,Keyboard,Photography,5,876,4380,Credit Card
5591,21,Dr. Michael Campbell,christopher31@example.net,2025-10-07,Printer,Accessories,4,1253,5012,Cash
5592,27,Martin Lyons,nancy93@example.org,2024-10-20,Webcam,Photography,4,608,2432,PayPal
5593,32,Leah Reid,ymoore@example.net,2025-04-21,Headphones,Photography,5,690,3450,Credit Card
5594,19,Bradley Baker,michaelrhodes@example.net,2024-06-02,Webcam,Electronics,4,1423,5692,Cash
5595,50,Diana Wilson,lisa60@example.org,2025-05-11,Monitor,Accessories,1,1258,1258,PayPal
5596,70,Nicole Dillon,conneryesenia@example.org,2024-10-17,Monitor,Photography,3,855,2565,Credit Card
5597,40,William Stein,leehaynes@example.net,2024-07-06,Speaker,Photography,4,184,736,PayPal
5598,22,William Santiago,wardemily@example.com,2024-04-23,Monitor,Accessories,5,1442,7210,PayPal
5599,59,Dennis Serrano,tmata@example.net,,Smartphone,Electronics,,887,0,PayPal
5600,70,Andrew Moreno,jerrybrown@example.net,2024-06-02,Mouse,Accessories,2,539,1078,Cash
5601,61,Anna Watson,nicholasmendoza@example.com,2025-09-16,Tablet,Electronics,3,964,2892,Credit Card
5602,40,Joseph Burke,georgerobles@example.net,2025-02-12,Tablet,Electronics,1,454,454,Credit Card
5603,35,Tyler Logan,sarah66@example.net,2024-08-18,Printer,Accessories,2,256,512,Cash
5604,67,,mobrien@example.org,2026-01-28,Webcam,Electronics,4,1006,4024,Cash
5605,37,Nathaniel Bird,kspencer@example.com,2024-05-26,Tablet,Electronics,5,53,265,Cash
5606,46,Jonathan Williams,masonjesse@example.net,2024-05-01,Laptop,Electronics,5,812,4060,Credit Card
5607,18,Mrs. Karen Richard,zmason@example.net,2024-08-31,Monitor,Accessories,2,959,1918,Credit Card
5608,56,Brooke Davis,carolyn96@example.com,2024-04-10,Speaker,Electronics,5,297,1485,Credit Card
5609,41,Michael Wallace,tclayton@example.com,,Printer,Photography,4,241,964,Credit Card
5610,57,Donald Young,palmerlori@example.org,2025-04-25,Headphones,Accessories,2,676,1352,Cash
5611,25,Gina Jones,andersonjonathan@example.com,2026-01-07,Headphones,Accessories,2,1363,2726,Credit Card
5612,43,Dennis Allen,kennethbrennan@example.org,2024-08-15,Smartphone,Accessories,1,1079,1079,Credit Card
5613,62,Richard Adkins,jeromeclark@example.org,2024-08-04,Printer,Accessories,4,687,2748,Cash
5614,32,Kylie Rivera,melvinwood@example.net,2024-04-03,Printer,Accessories,3,706,2118,Cash
5615,33,Christina Leach,wfuller@example.com,2024-12-31,Tablet,Photography,2,1024,2048,Cash
5616,31,Karla Hamilton,scurry@example.com,,Speaker,Electronics,,1126,0,Cash
5617,18,Nicholas Paul,crystal24@example.com,2025-05-24,Headphones,Accessories,5,72,360,Cash
5618,40,Scott Parker,scottfowler@example.org,2025-03-24,Monitor,Photography,5,428,2140,PayPal
5619,36,Felicia Tate,jacobthomas@example.net,2025-01-01,Smartphone,Electronics,2,117,234,Cash
5620,27,Jeremy Ward,acastillo@example.net,2025-05-25,Webcam,Electronics,2,766,1532,Credit Card
5621,34,Grace Richmond,melissa89@example.net,2025-02-02,Smartphone,Accessories,2,422,844,Credit Card
5622,65,Brian Mckenzie,rachel72@example.org,2024-07-17,Camera,Electronics,3,1452,4356,PayPal
5623,26,Jasmine Vargas,steven29@example.com,2024-04-12,Smartphone,Photography,5,1067,5335,PayPal
5624,69,Anthony Hunt,whitemaureen@example.com,2025-03-28,Speaker,Electronics,2,840,1680,Cash
5625,60,Stephen Wheeler,paigegibbs@example.com,2025-09-21,Mouse,Electronics,3,740,2220,Cash
5626,54,Barbara Campbell,scottritter@example.com,2024-04-11,Keyboard,Photography,3,521,1563,Credit Card
5627,53,Tina Harris,thompsonkimberly@example.com,2024-05-22,Headphones,Photography,4,1378,5512,PayPal
5628,24,Diana Jones,randalltanya@example.net,2026-01-25,Speaker,Electronics,3,106,318,Cash
5629,48,Mark Dennis,esparzahannah@example.com,2025-12-29,Tablet,Electronics,1,1246,1246,Credit Card
5630,35,Renee White,jenniferlewis@example.com,2025-06-19,Tablet,Photography,3,1297,3891,Credit Card
5631,38,Kelly Reed,lynnolsen@example.org,2025-03-03,Laptop,Accessories,4,375,1500,Credit Card
5632,68,Tommy Thomas,collinstammy@example.net,2025-06-30,Monitor,Accessories,4,680,2720,Cash
5633,45,Stacie Flores,lmassey@example.com,2024-06-27,Laptop,Accessories,4,207,828,PayPal
5634,67,Mr. Joseph Anderson,michael93@example.net,2025-03-20,Monitor,Accessories,2,1287,2574,Cash
5635,45,Andrea Oconnell,erikaherrera@example.org,2025-10-08,Speaker,Electronics,4,278,1112,Cash
5636,64,James Moore,fernandeztina@example.net,2025-05-12,Keyboard,Electronics,2,645,1290,Cash
5637,52,Jessica Quinn,froberson@example.net,2025-09-15,Keyboard,Photography,2,311,622,PayPal
5638,24,Jeffery Martin,ajackson@example.net,2025-02-19,Webcam,Accessories,5,976,4880,Cash
5639,49,Chelsea Martin,manntimothy@example.com,2024-04-06,Speaker,Electronics,3,418,1254,PayPal
5640,26,Michele Garcia,melissamcpherson@example.org,2025-04-02,Tablet,Electronics,3,542,1626,Credit Card
5641,70,Susan Torres,timothy85@example.net,2024-03-19,Tablet,Electronics,3,490,1470,Credit Card
5642,56,Brandon Bennett,ykeller@example.com,2024-09-29,Tablet,Electronics,2,768,1536,Cash
5643,63,Adrian Rowe,curtis99@example.com,2024-11-25,Smartphone,Photography,3,1065,3195,Cash
5644,66,Jeffrey Abbott,lopezrhonda@example.org,,Laptop,Electronics,3,559,1677,Credit Card
5645,34,Kelli Cain,rodriguezjustin@example.net,2024-05-03,Laptop,Accessories,5,487,2435,Credit Card
5646,64,Ashley White PhD,gonzalezjoshua@example.net,2024-11-22,Laptop,Photography,4,288,1152,PayPal
5647,47,Kathleen Lee,michael92@example.net,,Keyboard,Accessories,2,574,1148,Cash
5648,18,John Bruce,keith70@example.org,2025-10-09,Mouse,Accessories,5,501,2505,Credit Card
5649,66,Katelyn Taylor,martinlinda@example.com,2026-01-10,Printer,Electronics,3,1076,3228,Cash
5650,48,Steven Jones,dylan05@example.com,2024-11-08,Speaker,Photography,4,1470,5880,PayPal
5651,55,Rebecca Cole,xwillis@example.org,2025-06-08,Camera,Photography,3,422,1266,Cash
5652,23,Julie Kane,bondjennifer@example.net,2024-12-22,Camera,Accessories,1,70,70,Credit Card
5653,39,Bradley Harris,joseph95@example.org,2025-06-25,Printer,Accessories,4,1197,4788,Credit Card
5654,50,Rodney Garrett,isaac24@example.net,2024-03-05,Smartphone,Electronics,1,219,219,PayPal
5655,32,Brett Castillo,dparker@example.org,2025-12-10,Webcam,Accessories,3,1431,4293,Cash
5656,28,Rodney Richardson,xrush@example.org,2025-01-24,Webcam,Accessories,3,1486,4458,Credit Card
5657,21,Alexander Estrada,mariahbrown@example.net,2025-01-16,Keyboard,Accessories,5,1368,6840,PayPal
5658,51,Jesse Barnett,gonzalezkatie@example.com,2024-04-03,Printer,Electronics,2,1040,2080,Credit Card
5659,29,Mr. Brett Mercer,xwalker@example.net,2025-08-15,Printer,Accessories,4,1303,5212,Cash
5660,59,Susan Nunez,nicholasstephens@example.net,2025-06-19,Speaker,Accessories,1,879,879,PayPal
5661,37,Joseph Schroeder,jackwillis@example.com,2025-06-04,Keyboard,Electronics,5,916,4580,Cash
5662,29,Anna Shields,michelle55@example.net,2024-07-05,Tablet,Accessories,4,1434,5736,PayPal
5663,18,Cody Aguilar,manuel11@example.org,2025-04-02,Laptop,Photography,5,350,1750,Credit Card
5664,60,Peter Andrade,osanchez@example.org,2024-09-02,Headphones,Electronics,5,192,960,Cash
5665,18,,sarahsnyder@example.org,2025-04-18,Headphones,Photography,5,1448,7240,Cash
5666,30,Michelle Hodges,rjackson@example.com,2024-10-27,Speaker,Accessories,2,495,990,Credit Card
5667,32,Carla Hunter,orichards@example.net,2025-07-04,Keyboard,Photography,2,81,162,Cash
5668,70,Paul Orozco MD,cestes@example.com,2025-01-14,Mouse,Electronics,5,1238,6190,Credit Card
5669,30,,adrian41@example.net,2025-12-04,Tablet,Accessories,2,614,1228,Credit Card
5670,43,Allen Clark,mariachavez@example.com,,Laptop,Accessories,2,288,576,Credit Card
5671,61,Ryan Soto,jonsolomon@example.com,2025-06-23,Mouse,Photography,4,1058,4232,PayPal
5672,45,Michael Young,chanerin@example.org,2024-11-10,Tablet,Photography,5,464,2320,Credit Card
5673,63,Vincent Harper,mrogers@example.net,2025-10-01,Smartphone,Photography,4,178,712,Cash
5674,40,Jason Shaw,katielopez@example.net,,Headphones,Electronics,2,22,44,Cash
5675,36,Gloria Donaldson DVM,phillipsweeney@example.net,2024-05-20,Smartphone,Accessories,2,724,1448,PayPal
5676,52,Brittany Castro,plindsey@example.com,2025-05-02,Speaker,Electronics,4,762,3048,Cash
5677,57,Colin Harris,wgomez@example.net,2025-07-30,Laptop,Accessories,1,142,142,Cash
5678,28,Larry Hunter,jamesantonio@example.com,2025-02-16,Headphones,Accessories,2,1041,2082,Cash
5679,35,Kevin Howard,jharris@example.org,2024-05-09,Headphones,Electronics,2,815,1630,Credit Card
5680,51,Billy Kerr,bruce88@example.org,2025-01-17,Headphones,Accessories,4,370,1480,Credit Card
5681,24,,xstrong@example.org,2025-04-28,Laptop,Photography,2,940,1880,Credit Card
5682,41,Dr. Angela Wilson DDS,ycook@example.net,2026-01-11,Printer,Accessories,3,1036,3108,PayPal
5683,37,Jessica Miranda,cassandra59@example.com,2024-06-23,Keyboard,Photography,2,536,1072,Cash
5684,31,Kathy Campbell,wsmith@example.org,2024-05-02,Monitor,Electronics,4,1235,4940,Credit Card
5685,56,Michelle Castillo,mlevine@example.net,2025-07-17,Headphones,Photography,5,290,1450,PayPal
5686,57,Harold Silva,paulmartinez@example.org,2024-08-16,Webcam,Photography,2,1196,2392,Cash
5687,69,Paul Best,michaelmayo@example.com,,Keyboard,Electronics,1,595,595,Cash
5688,23,David Davis,sthompson@example.org,2024-06-22,Smartphone,Accessories,1,1434,1434,Cash
5689,61,Karen Brooks,wardcatherine@example.org,2024-08-07,Webcam,Accessories,3,940,2820,Credit Card
5690,63,Angela Green,jonathan92@example.net,2024-11-24,Mouse,Electronics,2,368,736,PayPal
5691,28,Gordon Villarreal,rcoleman@example.com,2024-03-26,Camera,Photography,4,564,2256,PayPal
5692,65,Shannon Stewart,bbrown@example.net,2025-02-28,Speaker,Photography,4,622,2488,Cash
5693,54,Bobby Johnson,donaldrivas@example.com,2026-01-10,Speaker,Photography,4,251,1004,Cash
5694,39,Amber Daniels,travismichael@example.org,2024-04-18,Camera,Electronics,3,1139,3417,Credit Card
5695,55,Donna Price,thomas56@example.com,2025-11-17,Smartphone,Electronics,4,306,1224,Cash
5696,54,Jill Roberts,livingstonjohn@example.com,2024-09-24,Laptop,Accessories,1,1373,1373,Cash
5697,54,Pamela Larsen,reynoldspeter@example.com,2025-02-07,Smartphone,Accessories,5,381,1905,Cash
5698,69,David Garcia,hbrown@example.net,2024-08-22,Camera,Photography,2,760,1520,Credit Card
5699,56,Luis Brown,cassandrajimenez@example.com,2025-01-06,Tablet,Photography,1,259,259,Cash
5700,37,Wayne Ayers,jesus16@example.org,2025-02-26,Keyboard,Electronics,3,977,2931,PayPal
5701,18,Danielle Russell,mathew49@example.net,2025-06-30,Webcam,Electronics,3,81,243,Credit Card
5702,70,Jeffery Gross,mosssuzanne@example.net,2025-03-18,Headphones,Electronics,1,1351,1351,PayPal
5703,39,Ryan Jacobs,kenneth07@example.net,2026-02-09,Camera,Accessories,5,407,2035,PayPal
5704,50,Kylie Keller,qsantiago@example.org,2026-02-11,Speaker,Photography,4,949,3796,Credit Card
5705,48,Raymond Wallace,mhorne@example.org,2025-02-01,Laptop,Electronics,1,601,601,Credit Card
5706,66,Timothy Blackburn,teresabarry@example.net,2025-01-27,Monitor,Electronics,5,738,3690,Cash
5707,52,Melissa Yang,ewilson@example.net,,Monitor,Accessories,4,369,1476,Credit Card
5708,43,Andrea Ferguson,gjackson@example.org,2025-05-09,Tablet,Electronics,1,857,857,Cash
5709,50,,ystewart@example.com,2024-07-30,Speaker,Photography,3,1308,3924,Credit Card
5710,23,Patrick Sanchez,reesejeremy@example.org,2024-08-11,Tablet,Photography,3,1025,3075,PayPal
5711,42,William Solomon,justin70@example.org,2026-01-22,Camera,Photography,1,1145,1145,Credit Card
5712,48,Angela Hodge,qvasquez@example.net,2025-05-07,Monitor,Electronics,4,638,2552,Credit Card
5713,55,Robert Austin,davenportaustin@example.com,2025-05-09,Keyboard,Photography,2,193,386,PayPal
5714,23,Timothy Allen,garyburgess@example.org,2025-01-24,Camera,Accessories,4,1071,4284,PayPal
5715,21,William Barnett,andrew00@example.net,2025-09-27,Smartphone,Electronics,,717,0,Credit Card
5716,23,Cheryl Thompson,kimberly79@example.net,2025-04-18,Headphones,Accessories,5,678,3390,PayPal
5717,61,Charles Livingston,nicoleoliver@example.com,,Webcam,Photography,5,546,2730,PayPal
5718,50,Natasha Hernandez,jessica66@example.org,,Tablet,Electronics,1,1386,1386,Cash
5719,51,Dennis Nguyen,haleyparker@example.net,2026-01-17,Webcam,Photography,2,1190,2380,Cash
5720,47,Jared Ellis,charles18@example.net,2025-06-11,Printer,Photography,5,1303,6515,PayPal
5721,28,Loretta Mann,tinarobbins@example.net,2024-10-22,Monitor,Photography,2,211,422,Cash
5722,44,Victor Lewis,rachel28@example.net,2024-06-11,Camera,Photography,3,823,2469,PayPal
5723,66,Misty Jackson,michaelwebb@example.org,,Camera,Electronics,5,734,3670,Credit Card
5724,55,Richard Hughes,kiddfrank@example.net,,Tablet,Electronics,1,1221,1221,Credit Card
5725,29,Morgan Carroll,cameronferguson@example.com,2024-11-05,Printer,Photography,2,347,694,Cash
5726,48,Cory Robertson,victoriacarter@example.org,2025-07-05,Headphones,Photography,1,406,406,PayPal
5727,32,Connie Lara,lharris@example.org,2025-10-31,Monitor,Photography,1,934,934,Credit Card
5728,65,Nicholas Cox,jessicawilliams@example.net,2025-12-16,Camera,Electronics,2,352,704,Cash
5729,31,Barbara Wall,tammyhughes@example.net,2025-01-19,Printer,Accessories,3,132,396,PayPal
5730,62,Sarah Sanchez DDS,elizabethmurphy@example.net,2025-12-28,Webcam,Electronics,2,1096,2192,PayPal
5731,52,John Long,robin69@example.net,,Laptop,Accessories,2,1229,2458,Credit Card
5732,44,Steven Newman,michaelsnyder@example.org,2025-11-20,Printer,Photography,5,798,3990,Cash
5733,54,Cheryl Joseph,garciapaul@example.net,2025-07-27,Camera,Photography,4,719,2876,Cash
5734,52,Donna Hansen,elizabeth42@example.com,2024-04-02,Monitor,Electronics,2,1132,2264,Credit Card
5735,36,Justin Morris,robertgreer@example.org,2024-03-29,Monitor,Electronics,1,349,349,Credit Card
5736,61,Frederick Brown,bradleysteele@example.net,2024-08-14,Printer,Electronics,2,550,1100,PayPal
5737,57,Lori Wright,ellisbarbara@example.com,2024-10-19,Keyboard,Electronics,1,1104,1104,PayPal
5738,43,Jesse Stuart,eugenejohnson@example.com,2024-07-09,Tablet,Photography,1,783,783,PayPal
5739,58,Zachary Smith,zmccall@example.net,2025-05-15,Tablet,Electronics,1,1257,1257,Cash
5740,67,Courtney Lynch,lauraperry@example.org,2025-01-06,Printer,Electronics,4,212,848,PayPal
5741,30,Connor Mitchell,tina18@example.org,2025-02-28,Keyboard,Photography,2,701,1402,PayPal
5742,62,Joshua Mcneil,castillokaren@example.org,2025-09-13,Tablet,Electronics,3,341,1023,PayPal
5743,39,Meredith Hamilton MD,fchavez@example.net,2025-02-23,Tablet,Accessories,4,693,2772,PayPal
5744,38,Jim Evans,jacob63@example.org,2025-09-03,Camera,Photography,1,630,630,Credit Card
5745,41,Brian Stephens,garcialisa@example.com,2024-08-22,Webcam,Photography,2,636,1272,PayPal
5746,49,Veronica Jennings,paul52@example.com,2026-01-01,Speaker,Electronics,5,796,3980,Cash
5747,44,Catherine Medina,carterjames@example.com,2025-10-17,Speaker,Photography,4,455,1820,Credit Card
5748,30,Tyler Murphy,veronicadavis@example.org,,Headphones,Accessories,4,654,2616,PayPal
5749,27,Melanie Miller,ashleymalone@example.org,2025-11-28,Headphones,Electronics,3,395,1185,PayPal
5750,35,Vincent Ware,jessicamcclure@example.net,2024-07-30,Printer,Photography,,1446,0,Credit Card
5751,30,David Snyder,rmendoza@example.net,2024-10-28,Camera,Photography,5,234,1170,Credit Card
5752,50,Cody Boyd,ksmith@example.net,2024-10-24,Monitor,Accessories,1,484,484,PayPal
5753,66,Danielle Jones,uburton@example.net,2024-06-18,Monitor,Electronics,3,66,198,PayPal
5754,36,Leonard Vega,millerdeborah@example.net,,Mouse,Accessories,3,1376,4128,Credit Card
5755,46,Richard Davis,uwilson@example.net,2026-01-06,Headphones,Accessories,5,733,3665,Cash
5756,51,Elizabeth Little,ramseycandace@example.net,2024-07-20,Headphones,Electronics,5,223,1115,Credit Card
5757,63,Dr. Ruben Whitney,wlarson@example.net,2025-02-19,Mouse,Electronics,1,365,365,Cash
5758,53,,josephlong@example.com,2026-01-13,Speaker,Electronics,2,564,1128,PayPal
5759,38,Keith Williamson,james93@example.com,,Monitor,Electronics,4,82,328,Cash
5760,20,Brandon Hayes,cindy32@example.org,2024-03-19,Camera,Electronics,3,1255,3765,Cash
5761,38,Jill Johnson,hhoffman@example.org,2024-05-09,Smartphone,Electronics,1,856,856,Credit Card
5762,25,Mrs. Kayla Hunter,richardrobinson@example.com,2025-08-18,Headphones,Electronics,5,735,3675,Cash
5763,67,Lucas Ellis,robertmcconnell@example.org,2025-05-23,Camera,Photography,2,400,800,Credit Card
5764,44,Julian Wilson,juanhoffman@example.com,2025-08-18,Webcam,Accessories,1,987,987,PayPal
5765,35,,troy51@example.com,2025-01-20,Laptop,Accessories,2,1374,2748,PayPal
5766,49,Gregory Gibson,christine94@example.net,2025-06-07,Laptop,Accessories,5,60,300,Credit Card
5767,38,George Baker,lindsey41@example.org,2025-09-03,Headphones,Electronics,1,80,80,Cash
5768,47,Charles Foster,gesparza@example.net,2026-01-17,Mouse,Accessories,2,1168,2336,Credit Card
5769,42,Christopher Rice,lwright@example.net,2025-04-30,Printer,Accessories,4,64,256,PayPal
5770,65,Diana Ball,raynatalie@example.org,2024-04-19,Printer,Accessories,1,1005,1005,Credit Card
5771,25,,hoffmantonya@example.com,2024-11-19,Monitor,Accessories,2,169,338,PayPal
5772,68,Meredith Freeman,mwashington@example.net,2024-08-23,Webcam,Photography,2,233,466,PayPal
5773,34,Brianna Spencer,jondougherty@example.net,2024-10-20,Headphones,Accessories,1,929,929,PayPal
5774,52,Christina Farrell,angela57@example.net,2025-01-18,Smartphone,Photography,3,178,534,Credit Card
5775,48,Jaclyn Diaz,corey24@example.net,2024-06-02,Headphones,Electronics,2,54,108,Credit Card
5776,52,Joel Lewis,karen07@example.org,2024-07-16,Keyboard,Photography,1,897,897,Credit Card
5777,49,Jacob Murray,stevenjordan@example.com,2025-03-29,Camera,Accessories,1,143,143,Credit Card
5778,29,Amanda Wilson,zprice@example.com,2024-08-02,Monitor,Electronics,5,670,3350,Credit Card
5779,34,Timothy Thomas,erica88@example.com,2025-10-26,Keyboard,Electronics,3,1276,3828,PayPal
5780,24,Alexandra Rodriguez,cynthiamitchell@example.net,2024-05-16,Laptop,Photography,3,167,501,Credit Card
5781,55,Sarah Holloway,scrosby@example.org,2025-11-12,Monitor,Accessories,3,1175,3525,Credit Card
5782,18,,shepardmonica@example.org,2024-03-15,Laptop,Accessories,4,744,2976,Cash
5783,45,Phillip Rodriguez III,smithmatthew@example.com,,Speaker,Accessories,3,845,2535,Cash
5784,28,Danielle Mejia,wigginsroy@example.com,2025-11-22,Smartphone,Photography,3,1272,3816,PayPal
5785,64,Anthony Burke,james12@example.com,2025-03-22,Smartphone,Accessories,2,667,1334,PayPal
5786,49,Rebecca Baker,paul44@example.org,2025-05-03,Speaker,Electronics,5,815,4075,Cash
5787,59,Diamond Cross,rjenkins@example.net,2024-08-13,Keyboard,Photography,4,1217,4868,PayPal
5788,50,Troy Hall,jhill@example.net,2024-12-21,Printer,Accessories,4,690,2760,Credit Card
5789,28,Beverly Barnes,wolfbonnie@example.net,2025-04-27,Speaker,Photography,4,1033,4132,PayPal
5790,44,Ashley Hernandez,bharris@example.org,2025-07-23,Mouse,Photography,1,599,599,Credit Card
5791,18,Lauren Washington,stevenlopez@example.com,2025-01-23,Camera,Photography,,358,0,PayPal
5792,50,Charles Wilson,galvantaylor@example.com,2026-01-08,Mouse,Photography,2,1131,2262,Cash
5793,68,Travis Herman,diane11@example.org,2025-05-21,Speaker,Photography,4,860,3440,PayPal
5794,23,Tiffany Flores,qmahoney@example.com,2025-04-21,Tablet,Photography,2,1482,2964,PayPal
5795,42,Deanna Reed,jmartin@example.net,2024-06-26,Camera,Photography,5,1482,7410,PayPal
5796,56,Kayla Lopez,cherylcallahan@example.org,2024-06-29,Camera,Photography,4,1330,5320,PayPal
5797,67,Valerie Rogers DVM,leeashley@example.com,2025-09-17,Tablet,Photography,4,726,2904,Cash
5798,18,Scott Hammond,leemegan@example.com,2024-10-07,Mouse,Photography,1,393,393,PayPal
5799,67,Angela Young,jennifer04@example.net,2024-05-01,Headphones,Photography,1,778,778,PayPal
5800,47,Ashley Peck,frodriguez@example.net,2025-10-11,Mouse,Accessories,1,1072,1072,PayPal
5801,30,Melanie Brady,tjones@example.org,2025-11-27,Speaker,Accessories,5,849,4245,Cash
5802,67,Cathy Davis,tammy69@example.com,2024-12-13,Webcam,Photography,5,449,2245,Cash
5803,57,Mr. Joseph Webster,jessicariley@example.net,2024-08-23,Webcam,Electronics,3,739,2217,PayPal
5804,29,Andrew Johns,jorge38@example.com,2024-07-12,Laptop,Electronics,5,120,600,PayPal
5805,63,Nicole Strickland,matthewnorris@example.org,2025-10-16,Speaker,Electronics,3,21,63,Cash
5806,28,Paul Dean,brian59@example.net,2025-11-21,Laptop,Accessories,1,123,123,Credit Card
5807,65,Kelly Rocha,morrisdenise@example.com,2025-10-06,Printer,Accessories,5,916,4580,PayPal
5808,30,Joanna Peterson,danageorge@example.net,2025-04-04,Monitor,Photography,3,1236,3708,Credit Card
5809,65,Kevin Schmidt,jenniferpadilla@example.org,2024-07-12,Mouse,Accessories,3,361,1083,Credit Card
5810,53,Patrick Molina,jeffrey42@example.com,2024-10-14,Printer,Photography,4,1398,5592,PayPal
5811,32,Dakota Liu,annaruiz@example.com,2025-02-13,Camera,Photography,5,874,4370,PayPal
5812,61,Erik Wilson,tamibrown@example.com,2025-02-24,Camera,Accessories,1,423,423,Credit Card
5813,31,Melissa Williams,jacoblee@example.net,,Laptop,Photography,1,550,550,Cash
5814,61,Jacqueline Williams,fthompson@example.com,2025-09-27,Tablet,Electronics,1,1295,1295,PayPal
5815,56,Diane Anderson,joshua57@example.org,2025-05-26,Smartphone,Electronics,5,500,2500,PayPal
5816,59,Patricia Jenkins,kaylacarter@example.com,2024-03-05,Camera,Photography,5,309,1545,PayPal
5817,29,Natalie Osborne,mark58@example.net,2024-12-19,Speaker,Accessories,5,1143,5715,PayPal
5818,55,Victor Walsh,rbraun@example.com,,Printer,Photography,1,768,768,Cash
5819,22,Manuel Wilson,joneskimberly@example.org,2024-10-10,Printer,Photography,2,1143,2286,PayPal
5820,26,Jessica Bell,ryanmcfarland@example.net,2025-07-24,Headphones,Photography,3,975,2925,Cash
5821,70,Mitchell Perry,watkinsbrian@example.org,2024-11-27,Monitor,Electronics,4,216,864,Cash
5822,33,Melody Juarez,morarobert@example.org,2025-12-29,Keyboard,Photography,5,85,425,PayPal
5823,39,David Vincent,jonesheather@example.com,2024-03-31,Keyboard,Electronics,1,402,402,Cash
5824,23,Jay Owen PhD,bscott@example.net,2024-03-21,Smartphone,Photography,1,1364,1364,PayPal
5825,66,Kevin Conner,abigailhines@example.net,2024-12-12,Speaker,Photography,4,235,940,Credit Card
5826,62,John Ruiz,dcarroll@example.org,2024-11-01,Headphones,Photography,4,791,3164,Credit Card
5827,49,Amy Johnson,joshuafreeman@example.org,2025-04-28,Laptop,Photography,3,1126,3378,PayPal
5828,50,Amy Maldonado,dennis58@example.net,2025-03-19,Keyboard,Accessories,1,218,218,PayPal
5829,59,David Bell,samantha58@example.com,2025-12-05,Printer,Accessories,4,114,456,PayPal
5830,54,Linda Conner,ulynn@example.net,2024-10-10,Keyboard,Accessories,2,974,1948,Cash
5831,50,Amy Rodriguez,david86@example.org,2025-02-28,Printer,Accessories,5,45,225,Credit Card
5832,57,Lisa Harmon,stephanieashley@example.com,2025-12-27,Smartphone,Electronics,1,1265,1265,PayPal
5833,22,Olivia Sanchez,joseph90@example.org,2024-07-30,Smartphone,Accessories,3,1124,3372,Credit Card
5834,41,Victoria Glass,michelle70@example.net,2025-07-12,Headphones,Accessories,3,270,810,PayPal
5835,39,Krystal Clark,pwebb@example.com,2025-03-16,Printer,Photography,4,286,1144,Cash
5836,29,Douglas Parker,wisechristopher@example.org,2025-01-15,Laptop,Electronics,2,1437,2874,Credit Card
5837,45,Ray Bridges,samantha35@example.org,2024-09-08,Laptop,Electronics,5,120,600,Credit Card
5838,27,Adam Marshall,zunigaparker@example.net,2025-12-30,Laptop,Photography,5,1412,7060,Cash
5839,28,John Ward,thomas81@example.org,2024-12-13,Keyboard,Accessories,5,783,3915,PayPal
5840,35,Jesse Solomon,wlong@example.net,2025-04-28,Tablet,Electronics,4,1207,4828,PayPal
5841,64,Heather Fisher,garciaterri@example.org,2025-11-20,Webcam,Accessories,5,1226,6130,Credit Card
5842,65,Taylor Johnson,aperez@example.com,2026-01-15,Headphones,Electronics,5,793,3965,Cash
5843,63,Nicholas Ferrell,jillmoore@example.com,2025-05-27,Camera,Electronics,1,100,100,Cash
5844,35,Danny Rivas PhD,arianamoreno@example.com,2025-04-28,Speaker,Photography,5,578,2890,Credit Card
5845,42,Kristin Harding,cmejia@example.com,2024-06-06,Laptop,Accessories,2,874,1748,PayPal
5846,36,Martha Morales,mullinsjeremy@example.com,2024-09-21,Headphones,Electronics,2,1018,2036,Cash
5847,44,Reginald Davies,michaeljohnson@example.com,2025-06-03,Printer,Photography,3,995,2985,Credit Card
5848,28,Allison Crawford,solismichael@example.org,,Headphones,Accessories,1,952,952,PayPal
5849,45,Joseph Gonzalez,jamesmoore@example.com,2025-11-19,Headphones,Electronics,4,1248,4992,PayPal
5850,39,Andrew Graham,briannabuckley@example.net,2024-07-20,Headphones,Photography,5,1252,6260,PayPal
5851,37,Paige Patel MD,armstronglarry@example.net,2025-10-06,Laptop,Accessories,5,1451,7255,PayPal
5852,34,Jamie Mueller,lisacollins@example.net,2024-08-20,Speaker,Electronics,2,824,1648,Credit Card
5853,68,Joseph Miller,vasquezkara@example.com,2024-07-25,Headphones,Photography,3,425,1275,PayPal
5854,55,Kaitlin Spears,rebecca89@example.net,2025-09-14,Headphones,Accessories,1,311,311,Credit Card
5855,54,Catherine Roberts,ptaylor@example.org,2024-04-04,Camera,Accessories,1,363,363,Cash
5856,20,James Hall,williamcarter@example.net,2024-04-19,Keyboard,Photography,4,1289,5156,Credit Card
5857,37,William Mckinney,coxisaac@example.com,2024-04-21,Speaker,Photography,3,315,945,Credit Card
5858,36,Michael Conley,erika56@example.net,2025-11-12,Keyboard,Accessories,1,376,376,PayPal
5859,40,Seth Miller,christina81@example.com,2024-05-26,Smartphone,Electronics,3,180,540,Cash
5860,60,Angela Blake,adam87@example.org,2024-04-02,Speaker,Electronics,1,1127,1127,Credit Card
5861,48,Christopher Simmons,dennis73@example.com,2024-09-12,Monitor,Electronics,3,678,2034,Cash
5862,60,Mitchell Acosta,gsmith@example.org,2025-02-27,Monitor,Electronics,3,1346,4038,Cash
5863,53,Cheryl Mercado,uwebster@example.org,2025-04-24,Mouse,Electronics,2,644,1288,Credit Card
5864,61,Bradley Kennedy,conniecoleman@example.org,2024-09-01,Speaker,Accessories,2,275,550,Credit Card
5865,39,Charles Wolf,vwillis@example.org,,Laptop,Accessories,2,1056,2112,Cash
5866,70,Brendan Carrillo,michellethomas@example.com,2024-03-15,Monitor,Accessories,3,367,1101,Cash
5867,34,Steven Ryan,brownshawn@example.org,2024-12-20,Tablet,Electronics,3,127,381,Credit Card
5868,67,Patrick Raymond,paul40@example.net,,Camera,Photography,1,756,756,Credit Card
5869,22,,laura33@example.net,2024-08-14,Mouse,Accessories,1,618,618,Cash
5870,27,Christopher Espinoza,fjohnson@example.com,2024-07-01,Tablet,Electronics,2,444,888,PayPal
5871,35,Luke Jordan,isaiah72@example.net,2025-08-24,Tablet,Electronics,5,1343,6715,Credit Card
5872,48,Dr. Shane Adams,nicholasyoung@example.com,2024-07-14,Printer,Electronics,5,721,3605,Cash
5873,63,Robert Walker,brandonschneider@example.org,2024-03-16,Speaker,Photography,5,410,2050,Cash
5874,36,,leetaylor@example.net,2025-10-29,Smartphone,Photography,3,64,192,Credit Card
5875,40,Ryan Cox,desireepatton@example.com,,Camera,Electronics,2,887,1774,Credit Card
5876,41,Emily Christian,brian75@example.com,2025-08-22,Camera,Electronics,5,803,4015,Cash
5877,58,Alexis Schroeder,susanzamora@example.com,2024-07-22,Tablet,Photography,1,136,136,Credit Card
5878,21,Michael Rodgers,tbrown@example.net,2025-02-23,Laptop,Photography,5,510,2550,Cash
5879,57,Dale Castro,erikabanks@example.net,2026-02-15,Monitor,Accessories,,1100,0,Cash
5880,49,Suzanne Norman,christine52@example.org,2025-08-04,Headphones,Accessories,1,196,196,Credit Card
5881,29,Sheryl Russell,stewartcheryl@example.net,2024-07-19,Smartphone,Photography,,1065,0,Cash
5882,65,Kristina Hernandez,esimmons@example.net,2025-04-07,Mouse,Accessories,4,868,3472,Cash
5883,49,Jeremiah Montgomery,danny06@example.net,,Monitor,Accessories,4,255,1020,Cash
5884,59,Kevin Santiago,sgutierrez@example.net,2025-06-30,Speaker,Electronics,2,504,1008,PayPal
5885,65,Matthew Morrow,umiller@example.net,2024-09-04,Smartphone,Photography,3,644,1932,Credit Card
5886,43,Whitney Turner,rushvalerie@example.org,2024-08-15,Headphones,Electronics,2,578,1156,Cash
5887,61,Sarah Lee,susanwilson@example.com,2025-04-02,Tablet,Electronics,1,1131,1131,Credit Card
5888,35,Robin Gordon,hillmary@example.net,,Printer,Electronics,2,1388,2776,Cash
5889,41,Glenn Garcia,charlesanderson@example.net,2025-09-19,Smartphone,Electronics,1,645,645,Credit Card
5890,28,Joseph Ray,aaron46@example.net,2025-09-17,Camera,Electronics,2,1325,2650,Credit Card
5891,52,David Ramos,velezchristopher@example.net,,Speaker,Photography,4,298,1192,Cash
5892,66,Jonathan Bradley,ugates@example.com,2025-04-15,Speaker,Accessories,2,253,506,Credit Card
5893,22,,adamsstephanie@example.com,2025-03-06,Laptop,Accessories,5,815,4075,Credit Card
5894,21,Tabitha Carlson,cjohnson@example.net,2024-07-29,Mouse,Electronics,5,1307,6535,Cash
5895,58,Judy Moore,louis93@example.net,2024-12-19,Laptop,Photography,5,642,3210,PayPal
5896,45,Joseph Smith,pshannon@example.net,2024-02-28,Camera,Electronics,5,969,4845,Cash
5897,46,Jeffrey Lopez,thomas81@example.com,2024-06-11,Speaker,Accessories,5,537,2685,PayPal
5898,55,Allen Graham,kanebryan@example.net,2024-04-09,Laptop,Electronics,2,170,340,Credit Card
5899,43,James Brown,wpatterson@example.net,2024-10-08,Camera,Photography,1,1131,1131,PayPal
5900,29,Edward May,melaniecalhoun@example.org,2025-05-16,Monitor,Photography,3,1009,3027,Cash
5901,59,Rebecca Ross,keithmendoza@example.com,2024-08-31,Speaker,Electronics,3,733,2199,Cash
5902,29,Willie Lopez,christopher24@example.com,2024-04-27,Mouse,Electronics,5,920,4600,PayPal
5903,64,Melissa Moreno,hirwin@example.net,2025-02-03,Mouse,Electronics,2,310,620,PayPal
5904,52,Autumn Davidson,stacy60@example.com,2026-02-10,Keyboard,Photography,1,42,42,Credit Card
5905,64,Jamie Rosales,wmedina@example.net,2025-01-30,Laptop,Electronics,1,1063,1063,PayPal
5906,39,Antonio Martin,hmason@example.com,2025-05-27,Monitor,Photography,2,745,1490,Credit Card
5907,21,Antonio Henderson,richard03@example.com,,Keyboard,Accessories,4,866,3464,Credit Card
5908,38,Andrea Lang,jerrylawson@example.org,2025-02-11,Keyboard,Accessories,4,640,2560,PayPal
5909,24,Michael Macdonald,collinsyolanda@example.net,,Smartphone,Electronics,1,1067,1067,PayPal
5910,67,,scottrhonda@example.org,,Smartphone,Accessories,5,594,2970,PayPal
5911,37,Brandon Smith,johnsonjennifer@example.org,2025-12-05,Monitor,Electronics,2,1331,2662,Cash
5912,60,Tara Herrera,jerry28@example.org,2025-02-26,Smartphone,Accessories,2,76,152,Credit Card
5913,20,Norma Walters,coxjoseph@example.org,2025-03-02,Smartphone,Photography,3,102,306,Cash
5914,44,Martin Gamble,tiffany22@example.com,2025-03-24,Headphones,Photography,5,1283,6415,Cash
5915,49,Catherine Young,mward@example.org,2025-02-17,Laptop,Electronics,3,525,1575,Credit Card
5916,55,Bianca Allen,johnrivera@example.com,2024-03-28,Smartphone,Photography,4,1198,4792,Credit Card
5917,24,Krystal Evans,simpsonchristopher@example.com,,Speaker,Photography,5,930,4650,Credit Card
5918,26,Dana Evans,khahn@example.org,,Headphones,Accessories,3,1044,3132,PayPal
5919,43,Matthew Mcdonald,elizabethbyrd@example.org,2025-11-15,Printer,Photography,3,196,588,Credit Card
5920,20,Cathy Armstrong,michaelhale@example.net,2025-12-06,Tablet,Accessories,5,265,1325,PayPal
5921,67,Javier Fisher,paulgarcia@example.net,2025-09-05,Smartphone,Photography,3,829,2487,PayPal
5922,63,Joseph Hill,allendavid@example.net,2024-04-07,Tablet,Photography,4,535,2140,Cash
5923,25,Mark Jones,iholmes@example.org,2025-04-26,Headphones,Accessories,1,545,545,Cash
5924,42,Elizabeth Donovan,ischwartz@example.com,2024-10-12,Monitor,Accessories,3,370,1110,PayPal
5925,27,Chad Reed,matthew97@example.org,2024-07-25,Tablet,Photography,4,268,1072,Credit Card
5926,23,Patrick Howard,sabrinareyes@example.net,2024-09-09,Camera,Electronics,4,159,636,Credit Card
5927,18,Makayla Jones,vjohnson@example.com,2024-02-28,Keyboard,Electronics,3,101,303,Credit Card
5928,22,Bobby Perry,hansenwilliam@example.org,2024-05-23,Keyboard,Accessories,1,272,272,PayPal
5929,32,Kevin Robinson,madelinehale@example.com,2024-12-21,Mouse,Electronics,1,1259,1259,PayPal
5930,32,Cody Cooper,zosborne@example.org,2024-07-05,Printer,Photography,2,926,1852,Cash
5931,49,Victoria Mccarty DDS,dmatthews@example.net,2025-01-14,Speaker,Accessories,5,900,4500,PayPal
5932,22,Amanda Miles,mgreen@example.com,2026-02-13,Mouse,Electronics,,956,0,Credit Card
5933,70,Victoria Soto,douglas07@example.net,2024-04-04,Webcam,Electronics,3,425,1275,PayPal
5934,19,,brownmarcus@example.org,2025-08-23,Keyboard,Accessories,3,718,2154,Credit Card
5935,47,Joann Edwards,jennifer72@example.org,2026-01-26,Mouse,Accessories,3,211,633,Cash
5936,25,Andrea Walker,lori50@example.com,2025-02-10,Monitor,Accessories,3,1087,3261,Credit Card
5937,66,Lori Vega,roygraham@example.net,2025-03-05,Webcam,Photography,1,194,194,Credit Card
5938,37,,philipweaver@example.com,2025-11-04,Speaker,Electronics,3,715,2145,Credit Card
5939,68,Sherry Hammond,jensencynthia@example.com,2024-07-21,Laptop,Electronics,2,421,842,Credit Card
5940,56,Benjamin Hopkins II,hendersonkevin@example.net,2025-02-28,Tablet,Accessories,4,893,3572,PayPal
5941,28,Eric Williamson,rogerwilson@example.org,2024-07-31,Speaker,Electronics,5,1197,5985,PayPal
5942,27,Kenneth Hartman,cheyennebrooks@example.org,2025-06-03,Monitor,Accessories,5,566,2830,Credit Card
5943,30,Anthony Serrano,lauraklein@example.org,2024-05-27,Keyboard,Accessories,4,1024,4096,Credit Card
5944,30,Mary Gardner,michellegreen@example.org,2025-09-08,Webcam,Photography,5,972,4860,Cash
5945,69,Michael Ortiz,iwhite@example.org,2025-09-13,Smartphone,Photography,3,1269,3807,Credit Card
5946,56,Nicole Hernandez,jamescatherine@example.net,2025-02-09,Webcam,Accessories,1,827,827,Credit Card
5947,27,David Willis,susan86@example.net,,Speaker,Accessories,4,186,744,Cash
5948,45,Ruben Gray,krussell@example.net,2024-03-14,Keyboard,Photography,1,325,325,Cash
5949,52,Larry Tyler,amanda94@example.org,2025-12-08,Headphones,Electronics,4,1429,5716,Cash
5950,36,Paul Murphy,rodneyhunter@example.com,2025-12-24,Camera,Photography,3,876,2628,Cash
5951,25,,kayla97@example.com,2024-04-30,Smartphone,Accessories,4,1370,5480,Credit Card
5952,43,Alisha Jones,joseph94@example.org,2025-03-27,Speaker,Electronics,4,582,2328,Cash
5953,46,Stephen Nguyen,christopher07@example.com,2025-09-30,Laptop,Electronics,2,642,1284,Credit Card
5954,33,Brandi Mcbride,gordonraymond@example.net,2024-09-09,Keyboard,Electronics,2,634,1268,PayPal
5955,25,Robert Hodges,oharris@example.org,2024-04-25,Speaker,Accessories,3,147,441,Credit Card
5956,53,Jonathan Brennan,gonzalezcaitlyn@example.net,2025-10-19,Camera,Accessories,3,1034,3102,PayPal
5957,29,,dlopez@example.com,2025-11-10,Monitor,Accessories,2,239,478,PayPal
5958,52,Sandra Ramos,kbrown@example.net,2026-01-26,Monitor,Photography,5,1279,6395,Cash
5959,49,Julia Willis,bgreene@example.com,2025-12-26,Tablet,Accessories,3,878,2634,Credit Card
5960,36,Ricky Bond,hmoody@example.com,2024-05-12,Laptop,Electronics,1,322,322,PayPal
5961,51,William Anderson,whitescott@example.com,2024-10-06,Camera,Photography,1,1003,1003,PayPal
5962,30,Alyssa Cole,christopherharvey@example.com,2025-05-31,Printer,Electronics,1,1488,1488,Cash
5963,44,Joshua Richardson,travisrush@example.com,2026-02-20,Laptop,Photography,2,656,1312,PayPal
5964,27,Jeremiah Castillo,grubio@example.com,2026-01-23,Keyboard,Electronics,5,646,3230,Credit Card
5965,25,Glenn Aguilar,estewart@example.org,2025-02-19,Monitor,Photography,4,362,1448,PayPal
5966,48,Alicia Smith,feliciacastro@example.net,2025-03-19,Monitor,Electronics,3,888,2664,Cash
5967,39,Tom Flores,zfields@example.org,2025-10-07,Keyboard,Electronics,1,1012,1012,Credit Card
5968,51,,christy86@example.net,2024-11-16,Webcam,Accessories,2,1215,2430,Cash
5969,53,Tracy Thomas,gallowayroy@example.org,2026-01-02,Smartphone,Photography,4,90,360,Credit Card
5970,30,Robin Evans,brian48@example.org,2024-05-02,Keyboard,Electronics,1,368,368,PayPal
5971,28,Karen Mckay,jean71@example.org,2025-03-08,Speaker,Photography,1,159,159,PayPal
5972,55,Paul Garrett,radams@example.org,2025-11-01,Speaker,Accessories,2,151,302,PayPal
5973,27,Stephanie Young,evansmichael@example.org,2024-09-15,Printer,Accessories,4,1246,4984,Credit Card
5974,29,Ryan Cunningham,sweiss@example.com,2024-11-14,Smartphone,Accessories,1,909,909,PayPal
5975,28,Jake Ortega,jessica37@example.org,2025-07-18,Monitor,Electronics,3,318,954,PayPal
5976,51,Paige Ramirez,deborahhobbs@example.net,2025-07-15,Monitor,Photography,2,548,1096,Cash
5977,38,Jordan Graves,jason70@example.com,2025-12-19,Mouse,Accessories,1,35,35,Credit Card
5978,56,Lisa Lee,psparks@example.com,2024-09-06,Mouse,Accessories,4,836,3344,Credit Card
5979,39,Melinda King,sylviahess@example.org,2026-01-24,Headphones,Electronics,3,103,309,Credit Card
5980,36,Brittney Pena,owilliams@example.com,,Speaker,Photography,2,1448,2896,Credit Card
5981,18,Rachael Alvarez,edwardsandrew@example.com,,Headphones,Photography,3,126,378,PayPal
5982,22,Suzanne Hall,jamesrice@example.org,2024-08-31,Mouse,Photography,3,1475,4425,PayPal
5983,52,Denise Barker,seth76@example.com,2025-07-12,Laptop,Accessories,1,1039,1039,Credit Card
5984,23,Casey Schneider,matthew68@example.net,2024-06-11,Speaker,Photography,1,642,642,Credit Card
5985,58,Chelsea Jones,erik72@example.com,,Headphones,Photography,2,846,1692,PayPal
5986,55,Laura Garcia,amberberry@example.org,2024-08-15,Tablet,Accessories,3,1365,4095,PayPal
5987,30,Justin Weiss,martinezkevin@example.net,2024-04-03,Headphones,Electronics,4,1019,4076,Cash
5988,19,James Jimenez,scott90@example.net,2025-09-19,Mouse,Photography,5,1474,7370,Credit Card
5989,36,Angelica Patel,scott58@example.com,2024-11-27,Tablet,Electronics,5,194,970,Cash
5990,32,Anthony Silva,charles63@example.org,2025-12-20,Keyboard,Accessories,2,442,884,PayPal
5991,48,Timothy Gardner,andersonkristin@example.net,2024-04-14,Camera,Electronics,5,406,2030,Cash
5992,55,Sherry Jimenez,baileylawrence@example.net,2024-11-04,Webcam,Electronics,2,333,666,Credit Card
5993,66,Thomas Wright,keydonna@example.net,,Tablet,Accessories,3,764,2292,Cash
5994,51,Kathleen Smith DVM,icunningham@example.com,2024-08-12,Monitor,Photography,5,359,1795,Credit Card
5995,34,Elizabeth Pittman,wwalker@example.org,2024-05-30,Speaker,Electronics,5,223,1115,Cash
5996,19,Carl Hudson,mcdanielholly@example.net,2025-10-25,Keyboard,Photography,4,1370,5480,Cash
5997,52,Vincent Stevens,elizabeththomas@example.org,2024-11-12,Monitor,Photography,5,1280,6400,PayPal
5998,29,Amanda Gordon,tracie33@example.com,2025-10-07,Webcam,Photography,3,295,885,Credit Card
5999,62,Catherine Burgess,rodriguezjason@example.net,2025-05-04,Headphones,Electronics,3,918,2754,Cash
6000,33,Dawn Cruz,kelseyjames@example.com,2024-12-30,Camera,Electronics,2,188,376,PayPal
6001,45,Darren Johnson,mjacobs@example.net,2024-09-18,Speaker,Accessories,1,1141,1141,PayPal
6002,58,Antonio Suarez,cdavis@example.net,2025-06-01,Speaker,Electronics,5,587,2935,Cash
6003,23,Colleen Hall,qcunningham@example.com,2024-07-27,Laptop,Electronics,2,644,1288,Cash
6004,70,James Reed,rphelps@example.com,,Printer,Photography,4,772,3088,Cash
6005,51,Maria Gaines,smithdawn@example.org,2024-12-31,Tablet,Photography,3,703,2109,PayPal
6006,62,James Bush,uglover@example.com,2026-02-05,Camera,Electronics,4,483,1932,Cash
6007,43,William Rogers,rachelrios@example.org,,Headphones,Electronics,2,710,1420,PayPal
6008,19,Heather Jenkins,owashington@example.com,2025-08-15,Headphones,Photography,2,471,942,Cash
6009,45,Derrick Lin,hritter@example.net,2025-03-08,Printer,Electronics,3,1173,3519,PayPal
6010,50,Parker Murphy,scottfitzgerald@example.org,2024-10-19,Smartphone,Photography,5,1395,6975,Cash
6011,46,Michael Manning,emily14@example.org,2024-04-09,Speaker,Photography,1,1311,1311,Credit Card
6012,25,Amy Durham,hessjasmine@example.net,,Monitor,Accessories,3,277,831,Credit Card
6013,24,Rachel Singh,mcclurejustin@example.org,2025-09-25,Speaker,Electronics,1,597,597,Credit Card
6014,56,Alan Ortiz,ronalddavis@example.org,2025-05-08,Keyboard,Electronics,4,556,2224,PayPal
6015,37,Thomas Wells MD,eromero@example.com,2025-09-29,Printer,Electronics,4,1313,5252,Credit Card
6016,50,Frank Mann,brooke93@example.org,2024-03-22,Headphones,Accessories,5,156,780,Credit Card
6017,56,Christopher Castro,qmunoz@example.com,2024-07-14,Keyboard,Accessories,2,265,530,Cash
6018,38,Suzanne Fernandez,matthewknight@example.com,2025-12-03,Speaker,Electronics,4,1327,5308,Credit Card
6019,39,Travis Wilson,dsims@example.org,2024-11-23,Printer,Accessories,3,1295,3885,Credit Card
6020,31,Joseph Perkins,sharonlong@example.com,2025-06-06,Monitor,Photography,2,893,1786,Cash
6021,36,Michael Sullivan,pagekaren@example.org,2025-11-23,Smartphone,Electronics,3,742,2226,Credit Card
6022,45,Nicole Roy,bradley87@example.net,2025-04-07,Keyboard,Electronics,5,1102,5510,Cash
6023,40,Kenneth Schmitt,johnny22@example.org,2025-02-27,Tablet,Accessories,5,236,1180,Credit Card
6024,55,Laura Walton,veronicarichardson@example.org,2025-09-25,Laptop,Electronics,,1187,0,Cash
6025,63,Kristin Jordan,thomas10@example.org,2024-03-29,Laptop,Electronics,2,1420,2840,Cash
6026,70,Michael Frank,morenomaria@example.net,2026-01-17,Laptop,Photography,4,272,1088,Cash
6027,19,Jacob Johnson,brandon02@example.org,2025-08-07,Printer,Accessories,4,1426,5704,Credit Card
6028,18,Scott Martin,nichole59@example.org,2024-08-30,Laptop,Accessories,4,661,2644,Cash
6029,18,Lisa Eaton,brent93@example.org,2025-04-29,Smartphone,Photography,3,996,2988,PayPal
6030,28,Robert Brown,joeosborne@example.com,2025-06-29,Headphones,Photography,2,614,1228,Credit Card
6031,64,James Wright,lammaria@example.net,2024-04-15,Headphones,Accessories,3,1314,3942,Cash
6032,23,Eric Warren,timothylarson@example.com,2024-10-03,Speaker,Photography,2,670,1340,PayPal
6033,30,Nathan Hubbard,samantha44@example.org,2024-04-29,Tablet,Accessories,3,536,1608,PayPal
6034,44,Michael Martinez,ericwest@example.org,2025-05-29,Mouse,Accessories,4,645,2580,Credit Card
6035,67,Kevin Lee,ssolis@example.org,2025-05-02,Keyboard,Accessories,3,869,2607,Credit Card
6036,33,Timothy Smith,wvargas@example.org,2025-07-25,Speaker,Electronics,1,1000,1000,PayPal
6037,59,Angela Jimenez,ifitzpatrick@example.org,2025-06-11,Webcam,Photography,2,678,1356,Credit Card
6038,26,Rachel Harmon,brianholland@example.net,2024-12-22,Speaker,Electronics,1,898,898,PayPal
6039,37,Carol Garza,fhill@example.com,2025-10-24,Tablet,Electronics,5,967,4835,Cash
6040,48,Lee Hernandez,durhamchad@example.com,2025-07-30,Smartphone,Photography,4,974,3896,Cash
6041,69,Lynn Torres,ewest@example.org,,Printer,Accessories,1,212,212,PayPal
6042,54,Jennifer Oneal,whitelarry@example.net,,Monitor,Electronics,4,526,2104,PayPal
6043,50,Gerald Sanchez,hannahbrown@example.com,2025-11-27,Mouse,Accessories,4,248,992,Cash
6044,30,Taylor Charles,ebryant@example.net,2025-07-03,Monitor,Electronics,5,171,855,PayPal
6045,48,Abigail Clark,peterskevin@example.com,2024-09-27,Laptop,Electronics,5,1053,5265,Cash
6046,33,Ashley Bowen,andersonrebecca@example.net,2025-05-16,Mouse,Photography,4,1026,4104,Cash
6047,43,Michael Garcia,prestontamara@example.com,2024-04-10,Keyboard,Electronics,4,645,2580,Credit Card
6048,37,Kevin Hutchinson,dwallace@example.com,,Webcam,Accessories,3,1472,4416,PayPal
6049,67,Mr. Douglas Holmes,christian80@example.org,2025-05-13,Mouse,Accessories,3,108,324,Credit Card
6050,29,,tbarnett@example.net,2025-07-14,Keyboard,Accessories,5,817,4085,Credit Card
6051,52,Beth Sims,marc42@example.org,2024-09-20,Camera,Accessories,1,799,799,Cash
6052,33,Katie Villegas,patrick50@example.org,2024-05-29,Laptop,Accessories,5,1373,6865,Cash
6053,18,Amy Henry,griffithbrett@example.com,2025-10-21,Mouse,Electronics,1,1076,1076,Cash
6054,24,Jeffrey Freeman,charlesharper@example.org,2025-08-15,Laptop,Accessories,2,1494,2988,Cash
6055,60,Ruben Riley,clintonlewis@example.com,,Speaker,Accessories,2,1173,2346,Cash
6056,19,Dustin Carter,johnsonjennifer@example.com,2025-01-30,Mouse,Electronics,5,787,3935,Cash
6057,42,Robert Reynolds,cjames@example.net,2024-05-06,Laptop,Photography,4,1497,5988,Cash
6058,52,,qroman@example.net,2025-02-25,Laptop,Photography,5,45,225,Cash
6059,49,Sandra Nichols,aallen@example.org,2025-01-21,Smartphone,Photography,1,428,428,Credit Card
6060,69,Susan Melendez,ashley71@example.net,2024-04-27,Tablet,Electronics,3,776,2328,Cash
6061,51,Maureen Butler,yperez@example.com,2025-05-01,Keyboard,Electronics,5,170,850,PayPal
6062,42,Jamie Myers,sturner@example.net,2026-02-04,Headphones,Electronics,2,595,1190,PayPal
6063,69,Steve Greene,xsnyder@example.org,2024-06-01,Camera,Electronics,1,771,771,Credit Card
6064,47,Ronald Wilson,rgreene@example.com,2024-07-22,Keyboard,Photography,1,203,203,Credit Card
6065,52,Heidi Fisher MD,vasquezjeffrey@example.net,2026-01-18,Smartphone,Accessories,2,1108,2216,Credit Card
6066,40,,jimthompson@example.com,2024-09-02,Laptop,Electronics,3,137,411,Credit Card
6067,45,Jose Kramer,phughes@example.org,,Laptop,Photography,2,125,250,Cash
6068,33,Melissa Kennedy,showell@example.org,2025-01-21,Camera,Electronics,5,266,1330,Cash
6069,20,Hannah Flores,reneemiller@example.net,2024-08-24,Headphones,Accessories,1,940,940,Credit Card
6070,57,Christopher Coleman,kvargas@example.net,2025-08-28,Smartphone,Photography,3,1267,3801,Credit Card
6071,42,Kimberly Jones,pattersonvanessa@example.net,2024-07-02,Headphones,Electronics,4,301,1204,Credit Card
6072,21,Rachel Cox,eric67@example.com,2025-01-03,Camera,Accessories,4,129,516,PayPal
6073,42,Timothy Miller,caseyjamie@example.org,2024-12-13,Monitor,Electronics,5,363,1815,Cash
6074,68,Anthony Abbott,greenerichard@example.net,,Speaker,Electronics,3,793,2379,Cash
6075,21,Connie Rivera,craigbrooks@example.net,2024-09-03,Keyboard,Accessories,1,296,296,Cash
6076,37,Colleen Gilbert,scottjennifer@example.com,2025-07-18,Mouse,Accessories,5,479,2395,PayPal
6077,41,Kim Johnson,darren42@example.com,2024-04-26,Smartphone,Electronics,3,261,783,Credit Card
6078,59,Allen Robinson,matthew25@example.org,2024-05-01,Headphones,Electronics,3,1462,4386,PayPal
6079,45,Dwayne Morrison,tamara81@example.net,2024-06-19,Laptop,Photography,4,1427,5708,Cash
6080,26,Ashley Rodriguez MD,rodgersjoseph@example.org,2025-03-18,Tablet,Photography,4,1223,4892,PayPal
6081,32,Kristen Gordon,justinayers@example.org,2024-07-01,Tablet,Photography,5,613,3065,Cash
6082,55,Barbara Smith,ymiller@example.com,2025-12-15,Laptop,Accessories,5,1426,7130,PayPal
6083,29,Elizabeth Miller,debbierodriguez@example.net,2025-02-05,Webcam,Photography,5,41,205,Cash
6084,52,Veronica Ford,murraypatricia@example.org,2024-08-14,Tablet,Accessories,1,1096,1096,PayPal
6085,49,Victoria Sherman,fmoody@example.com,2025-04-23,Keyboard,Electronics,1,1441,1441,Cash
6086,47,Mr. Stephen Alvarez,ocastaneda@example.com,2024-10-04,Tablet,Accessories,1,1021,1021,Cash
6087,40,George Gray,sheilabrown@example.com,2024-08-13,Mouse,Electronics,4,1494,5976,Cash
6088,61,David Kane,jenniferbailey@example.net,2025-12-07,Tablet,Electronics,2,660,1320,Cash
6089,57,Thomas Robertson,billyjohnson@example.com,2024-09-05,Mouse,Accessories,4,283,1132,Cash
6090,47,Ashley Carter,james81@example.org,2024-06-03,Webcam,Accessories,5,57,285,PayPal
6091,45,Jessica Johnson,williamsonaustin@example.org,2024-11-05,Smartphone,Electronics,3,1369,4107,Cash
6092,63,Ashley Rodriguez,harrisjessica@example.org,,Printer,Accessories,5,469,2345,Cash
6093,30,Crystal Huffman,riveraashley@example.org,2024-10-07,Headphones,Electronics,4,347,1388,Cash
6094,38,Jennifer Bradley,mooneydanielle@example.org,2025-12-21,Camera,Electronics,1,1410,1410,Credit Card
6095,34,Shawn Smith,amberdrake@example.com,2024-08-14,Keyboard,Photography,2,896,1792,Cash
6096,63,Erin Cook,gillpatricia@example.net,2025-11-26,Smartphone,Accessories,3,55,165,Cash
6097,35,Michael James,marybyrd@example.org,2024-09-20,Mouse,Accessories,5,856,4280,PayPal
6098,52,Beverly Cooley,obrady@example.com,2024-10-21,Smartphone,Photography,1,576,576,Cash
6099,29,Darren Ward,patricia12@example.org,2025-11-12,Laptop,Accessories,3,629,1887,Credit Card
6100,55,David Tran,martinezchristopher@example.org,2024-12-08,Webcam,Photography,4,102,408,Cash
6101,43,Dustin Dickerson,kingstacy@example.net,2024-11-30,Monitor,Photography,2,1017,2034,Credit Card
6102,66,Meagan Roberts,ryankennedy@example.net,,Webcam,Electronics,1,900,900,Cash
6103,36,,stuart14@example.org,2024-06-16,Tablet,Accessories,,74,0,Credit Card
6104,59,Rachel Barrera,leroy05@example.net,2025-02-20,Speaker,Photography,2,280,560,PayPal
6105,63,Melanie Smith,allensmith@example.com,2025-05-31,Mouse,Electronics,4,261,1044,PayPal
6106,59,Kaitlyn Kramer,clarkcarlos@example.com,2025-05-08,Mouse,Electronics,5,1468,7340,Cash
6107,50,Michael Lee,travis24@example.com,2025-05-12,Keyboard,Photography,5,1253,6265,PayPal
6108,67,,lvaldez@example.net,2025-12-05,Smartphone,Electronics,5,1434,7170,Credit Card
6109,63,Brandy Howard,nichole53@example.net,2025-07-04,Printer,Electronics,3,159,477,Cash
6110,69,Abigail King,phale@example.net,2025-11-14,Mouse,Photography,3,399,1197,Cash
6111,66,Anthony Fitzgerald,jonathancollins@example.com,2025-09-14,Keyboard,Photography,5,982,4910,PayPal
6112,19,Maria Andersen,paula74@example.com,2024-04-04,Printer,Photography,2,205,410,Cash
6113,35,Todd Baker,jwilcox@example.net,2024-10-13,Tablet,Photography,3,733,2199,Credit Card
6114,61,Tony Sampson,scottangela@example.com,2024-09-17,Keyboard,Electronics,1,66,66,PayPal
6115,28,Mary Higgins,josemarquez@example.net,2025-04-12,Mouse,Electronics,1,1323,1323,Cash
6116,40,Troy Cannon,yreyes@example.com,2024-11-11,Webcam,Accessories,1,1029,1029,Credit Card
6117,27,Casey Armstrong,glenn19@example.org,2025-08-18,Speaker,Accessories,3,1428,4284,Credit Card
6118,57,Marie Williams,michael43@example.net,2025-03-22,Monitor,Photography,5,1349,6745,Cash
6119,56,Kevin Rosario,kyoung@example.org,2025-02-17,Webcam,Accessories,4,485,1940,Cash
6120,51,Marie Haynes,mary85@example.net,,Smartphone,Electronics,2,725,1450,PayPal
6121,20,Deanna Coleman,jdelgado@example.com,2025-08-08,Tablet,Accessories,5,1168,5840,Cash
6122,58,Michelle Swanson,jeffscott@example.net,2024-08-20,Laptop,Photography,5,1013,5065,PayPal
6123,21,Dawn Fernandez,chelseamichael@example.com,2024-02-28,Smartphone,Accessories,1,449,449,PayPal
6124,43,Thomas Valdez,mkey@example.com,2025-12-02,Webcam,Photography,2,89,178,Cash
6125,22,Joseph Weber,jbuchanan@example.com,2025-01-13,Mouse,Electronics,,658,0,Credit Card
6126,61,Richard Collier,davisjustin@example.org,,Smartphone,Electronics,,767,0,PayPal
6127,30,Michael Stark,myersgarrett@example.com,2025-06-01,Keyboard,Electronics,5,822,4110,Cash
6128,41,Bruce Johnson,anthonycompton@example.com,2025-11-19,Printer,Photography,1,1323,1323,Cash
6129,58,William Wilson,zhunter@example.org,2025-05-03,Keyboard,Electronics,5,591,2955,PayPal
6130,65,Melissa Johnson,jeffreycowan@example.org,2024-06-16,Speaker,Accessories,5,162,810,Cash
6131,68,Luis Mckee,zalexander@example.com,2024-04-04,Speaker,Accessories,3,244,732,Credit Card
6132,61,Cynthia Velasquez,dustinwells@example.com,2024-06-04,Printer,Electronics,4,1386,5544,Credit Card
6133,42,Jennifer Cobb,jamescarlson@example.net,,Printer,Electronics,3,429,1287,Cash
6134,41,Timothy Bright,dlivingston@example.org,2025-04-11,Tablet,Electronics,5,28,140,PayPal
6135,31,,tsmith@example.com,2025-01-11,Camera,Accessories,1,877,877,Cash
6136,35,,matthewjones@example.org,2024-11-01,Mouse,Photography,4,782,3128,Cash
6137,27,William Walker,glendalee@example.com,2025-01-05,Mouse,Photography,5,812,4060,PayPal
6138,63,Aaron Nguyen,erikakelly@example.net,2025-04-19,Webcam,Photography,4,312,1248,Cash
6139,64,Randall Edwards,oweaver@example.net,2024-12-01,Smartphone,Accessories,5,348,1740,Cash
6140,38,Michael Whitaker,pearsonhannah@example.net,2024-10-29,Webcam,Accessories,4,1023,4092,PayPal
6141,53,David Green,kimberly17@example.net,2025-08-08,Keyboard,Accessories,3,1407,4221,Credit Card
6142,44,Anna Yang,mhopkins@example.com,2024-06-25,Webcam,Accessories,4,387,1548,Credit Card
6143,50,Adam Castaneda,qmckee@example.net,2025-12-23,Printer,Accessories,3,1453,4359,Cash
6144,62,Kevin Ramirez,diane15@example.net,2024-10-14,Tablet,Accessories,5,1046,5230,Credit Card
6145,53,Sara Morris,brandon76@example.org,2026-02-22,Printer,Accessories,5,473,2365,PayPal
6146,27,Nicholas Murray,timothy11@example.org,2024-10-24,Mouse,Accessories,3,1389,4167,PayPal
6147,64,Steven Coleman,ibaker@example.org,2024-11-08,Mouse,Accessories,2,463,926,PayPal
6148,59,Tina Stevens,clayjonathan@example.com,2025-09-29,Speaker,Photography,4,910,3640,Cash
6149,27,Kristen Simpson,dzamora@example.net,2025-01-19,Tablet,Photography,5,463,2315,PayPal
6150,62,Kimberly Chen,davidsandoval@example.net,2025-08-20,Keyboard,Photography,2,965,1930,Credit Card
6151,58,Cindy Bradshaw,marksjulie@example.com,2024-06-10,Smartphone,Electronics,5,145,725,Cash
6152,68,Barbara Lopez,tperez@example.net,2025-10-13,Webcam,Accessories,4,902,3608,Cash
6153,46,Heather Cohen,elizabeth96@example.net,2025-03-25,Tablet,Electronics,1,537,537,Credit Card
6154,29,Ashley Martinez,imartin@example.com,2024-07-03,Camera,Accessories,3,441,1323,Cash
6155,56,,hardinpaula@example.net,2024-09-14,Monitor,Electronics,1,599,599,PayPal
6156,22,Christopher Diaz,rgraham@example.net,2025-11-04,Printer,Photography,1,441,441,Credit Card
6157,54,Michael Morales,sgates@example.com,2025-03-23,Camera,Electronics,3,813,2439,Credit Card
6158,18,Ashley Sosa PhD,kristyweeks@example.net,2024-06-08,Printer,Electronics,5,503,2515,PayPal
6159,41,Hannah Pruitt,kristen48@example.com,2024-04-01,Tablet,Electronics,3,660,1980,Credit Card
6160,54,Heather Jones,kingholly@example.net,2025-04-16,Headphones,Photography,2,711,1422,PayPal
6161,66,Carla Thomas,michael50@example.net,2024-11-22,Mouse,Accessories,2,512,1024,Credit Card
6162,26,Mike Sparks,howetimothy@example.com,2024-11-07,Monitor,Photography,1,212,212,PayPal
6163,21,Todd Brooks,kimrobert@example.org,2026-01-17,Speaker,Accessories,3,1257,3771,Cash
6164,21,Kendra Reed,reyesdavid@example.net,2025-01-08,Headphones,Photography,1,852,852,Cash
6165,65,,garyrichardson@example.org,2024-05-28,Speaker,Photography,3,864,2592,Credit Card
6166,26,Ms. Kimberly Mcdonald,lmoyer@example.org,2026-01-12,Speaker,Accessories,2,1207,2414,Cash
6167,68,Scott Porter,pmckinney@example.net,2026-01-29,Mouse,Photography,4,1383,5532,Cash
6168,31,Monica Holmes,meganharmon@example.org,2026-01-10,Headphones,Photography,5,881,4405,Cash
6169,61,Elizabeth Armstrong,anthonyallen@example.net,2025-04-10,Printer,Accessories,1,407,407,Cash
6170,48,Mr. Michael Martin Jr.,hharris@example.org,2024-07-22,Webcam,Electronics,5,1176,5880,PayPal
6171,67,,allisonriley@example.com,2024-06-01,Smartphone,Accessories,2,1354,2708,Credit Card
6172,65,Cindy Williams,lewistimothy@example.com,2025-03-01,Speaker,Photography,2,1366,2732,Credit Card
6173,39,Cheryl Reid,mguzman@example.com,2025-11-19,Mouse,Electronics,3,1438,4314,Credit Card
6174,29,Kimberly Elliott,ramirezbrent@example.com,2026-02-17,Camera,Electronics,4,375,1500,Credit Card
6175,60,Shannon Jones,jmoreno@example.org,2025-05-24,Webcam,Accessories,4,1317,5268,PayPal
6176,44,Andrew Kent,kimberly13@example.com,2024-06-19,Tablet,Photography,5,1499,7495,PayPal
6177,63,Alvin Villarreal,wrightdavid@example.org,2025-05-02,Headphones,Accessories,3,1365,4095,PayPal
6178,65,Shawn Weaver DDS,derek24@example.org,2026-02-27,Laptop,Accessories,4,1101,4404,PayPal
6179,57,Barbara Walker,jessicamartinez@example.org,2024-12-28,Tablet,Accessories,5,640,3200,Credit Card
6180,52,Jessica Petersen,anitaeaton@example.com,2025-06-17,Laptop,Photography,4,1026,4104,Credit Card
6181,59,Jennifer Gonzalez,keith26@example.net,2026-02-01,Headphones,Electronics,3,624,1872,Cash
6182,25,Carlos Middleton,seanfox@example.com,2024-08-17,Tablet,Accessories,1,551,551,Cash
6183,19,Mallory Cruz,dennis24@example.net,2026-01-01,Tablet,Electronics,5,68,340,Credit Card
6184,62,Carolyn Hernandez,jeffreyaguilar@example.org,,Printer,Accessories,4,831,3324,Cash
6185,48,Michael Suarez,benjaminbuck@example.net,2025-10-19,Keyboard,Photography,4,564,2256,PayPal
6186,68,Steven Hardy,gsmith@example.net,2024-09-09,Camera,Accessories,2,549,1098,PayPal
6187,54,Laurie Wright,gary79@example.com,2025-06-16,Laptop,Electronics,4,1204,4816,Cash
6188,52,Gregory Herrera,beverly14@example.net,2024-07-30,Webcam,Photography,4,1469,5876,Credit Card
6189,38,Paul Gillespie,michael62@example.com,2025-07-02,Monitor,Electronics,2,855,1710,Credit Card
6190,37,Barbara Bradley,mmaxwell@example.net,2025-05-31,Mouse,Electronics,3,980,2940,PayPal
6191,19,Megan Smith,foxapril@example.org,2025-03-11,Monitor,Photography,4,147,588,Cash
6192,25,Lindsay Jones,andersonsusan@example.com,2024-04-13,Tablet,Photography,1,385,385,PayPal
6193,29,Brenda Miles,lisalyons@example.org,2025-06-07,Laptop,Accessories,3,918,2754,Cash
6194,33,Alicia Lee,iweaver@example.org,2026-02-13,Speaker,Photography,2,883,1766,Credit Card
6195,31,Bruce Patel,cfoster@example.com,2025-10-25,Laptop,Electronics,4,180,720,Credit Card
6196,19,Craig Guzman,susan42@example.com,2025-02-09,Printer,Electronics,4,741,2964,Cash
6197,70,Micheal Brown,jason76@example.com,2024-03-02,Keyboard,Accessories,3,200,600,Credit Card
6198,43,Cheryl Barker,charlesjones@example.org,2024-05-30,Tablet,Accessories,3,471,1413,Cash
6199,70,Debra Wagner MD,christensenbrandy@example.com,,Laptop,Electronics,3,940,2820,Cash
6200,58,Patricia Brewer,mcdowellteresa@example.org,2024-11-03,Tablet,Electronics,1,521,521,Credit Card
6201,56,Alan Freeman,bryanstevenson@example.com,2025-09-30,Mouse,Electronics,5,1222,6110,Cash
6202,45,Holly Smith,watsonrobert@example.org,2025-09-27,Smartphone,Photography,5,630,3150,Cash
6203,46,Monique Miller,elane@example.net,2025-08-30,Monitor,Photography,2,856,1712,Credit Card
6204,19,Alexander Saunders,johnsonmargaret@example.org,,Laptop,Accessories,5,817,4085,Cash
6205,45,Carol Morrow,cgarcia@example.org,2025-05-28,Keyboard,Photography,1,474,474,PayPal
6206,67,Alexander Griffith,christopheryoung@example.org,2025-09-28,Webcam,Electronics,4,143,572,Credit Card
6207,59,Christopher Dodson,ofisher@example.net,2024-11-03,Mouse,Photography,3,1207,3621,PayPal
6208,65,Lisa Valdez,uwilliams@example.org,2025-03-23,Speaker,Electronics,1,1385,1385,Credit Card
6209,54,Richard Powell,petergardner@example.org,2025-05-06,Laptop,Photography,2,1280,2560,Cash
6210,27,David Watkins,susan52@example.net,2024-12-03,Camera,Accessories,,217,0,Credit Card
6211,38,Justin Davis,popejames@example.org,2024-11-17,Headphones,Electronics,1,846,846,Cash
6212,65,Mr. Julian Singh Jr.,james71@example.com,2024-04-16,Keyboard,Accessories,4,1207,4828,PayPal
6213,54,Donald Cross,kimberly05@example.org,2025-11-02,Speaker,Accessories,4,772,3088,PayPal
6214,38,Kathleen Johnson,thomas62@example.com,2024-09-01,Keyboard,Electronics,3,164,492,Credit Card
6215,51,Hannah Morris,vincentmoore@example.com,2025-09-30,Monitor,Electronics,1,852,852,Cash
6216,24,Mr. Gary Mcfarland,michael41@example.org,,Laptop,Photography,1,1088,1088,Cash
6217,37,Daniel Lambert,dperkins@example.org,2026-02-12,Printer,Photography,1,518,518,Cash
6218,62,Jill Smith,laura32@example.net,2024-08-22,Printer,Electronics,4,508,2032,Cash
6219,61,Erica Thomas,johnjohnson@example.com,2024-06-05,Webcam,Accessories,5,1230,6150,PayPal
6220,25,James Hayden,smitheric@example.com,2025-09-29,Camera,Electronics,1,969,969,Credit Card
6221,21,Jonathan Johnson,wilsonallen@example.net,2026-01-23,Speaker,Photography,1,927,927,Credit Card
6222,63,Amber Simmons,duffyaaron@example.org,2025-04-08,Monitor,Photography,1,1087,1087,Cash
6223,27,Jane Patel,pamela98@example.net,2025-05-10,Smartphone,Accessories,2,535,1070,Credit Card
6224,22,James Molina,arthurthomas@example.net,2024-05-09,Printer,Accessories,3,590,1770,Cash
6225,30,Karen Russell,jordan97@example.org,2025-11-01,Laptop,Accessories,1,905,905,PayPal
6226,39,Meghan Curtis,marilyn65@example.net,2025-10-10,Tablet,Photography,5,494,2470,Cash
6227,55,Darlene Johnson,richard91@example.com,2025-11-03,Printer,Accessories,4,812,3248,PayPal
6228,60,,gilbertmorrow@example.org,2025-10-12,Tablet,Photography,3,778,2334,PayPal
6229,59,Joshua Rodriguez,eshaw@example.org,2024-09-14,Speaker,Photography,4,787,3148,Cash
6230,43,Dr. Edward Hoover,stevenmata@example.org,2024-09-22,Speaker,Photography,4,1223,4892,PayPal
6231,65,,victoria33@example.net,2024-12-05,Headphones,Accessories,3,1266,3798,PayPal
6232,38,Ryan Williams,aaronlee@example.org,2025-12-31,Monitor,Electronics,4,1290,5160,PayPal
6233,49,Mrs. Jessica Christensen,jeffrey94@example.net,2025-02-07,Laptop,Electronics,3,925,2775,Cash
6234,52,Johnny Jones,jhoffman@example.org,2024-08-31,Laptop,Electronics,3,1036,3108,Cash
6235,47,Donald Taylor,umiller@example.org,2024-11-19,Tablet,Photography,4,1393,5572,Cash
6236,58,James Underwood,owensmichael@example.org,,Camera,Accessories,5,347,1735,PayPal
6237,53,Kevin Cooper,valdezchristopher@example.net,2024-08-21,Headphones,Photography,,296,0,Cash
6238,50,Richard Fields,arogers@example.net,2024-05-25,Printer,Electronics,2,33,66,Cash
6239,46,William Mcconnell,michael30@example.com,2024-11-25,Mouse,Accessories,3,916,2748,Cash
6240,27,Carolyn Jones,terryjulie@example.net,2024-10-31,Mouse,Accessories,3,1425,4275,Credit Card
6241,31,Laura Hernandez,alvarezchristopher@example.net,2025-10-21,Speaker,Accessories,3,147,441,Credit Card
6242,34,Heather Washington,gomezmichelle@example.org,2025-05-16,Keyboard,Accessories,3,582,1746,PayPal
6243,47,Keith Clark,sarahamilton@example.com,2024-04-23,Speaker,Accessories,2,1143,2286,Credit Card
6244,41,Robert Thomas,morrisonbrett@example.org,2025-02-28,Printer,Electronics,2,1359,2718,Cash
6245,35,George Pearson,annawalls@example.com,2025-01-15,Laptop,Accessories,3,1083,3249,Cash
6246,64,Christopher Wu,taylorjennifer@example.com,2024-04-20,Speaker,Electronics,4,441,1764,Cash
6247,29,Todd Dunn,hkhan@example.com,2025-10-04,Smartphone,Photography,5,954,4770,Credit Card
6248,69,Edgar Evans,debra55@example.com,2025-05-04,Tablet,Electronics,3,1190,3570,PayPal
6249,64,Lauren Haynes,rwilliams@example.com,2026-02-16,Webcam,Accessories,5,709,3545,Cash
6250,27,April Bryant,jillparker@example.net,2025-01-05,Monitor,Photography,4,431,1724,Cash
6251,65,Mrs. Jennifer Castro,agonzalez@example.org,2025-06-24,Printer,Electronics,4,1399,5596,Cash
6252,43,Nicole Cervantes,joelperez@example.net,,Printer,Electronics,2,518,1036,Credit Card
6253,29,Amanda Jackson,hallbenjamin@example.net,2025-08-14,Printer,Electronics,4,1096,4384,PayPal
6254,48,Brittany Williams,dorothyburns@example.net,2025-07-21,Laptop,Photography,4,103,412,PayPal
6255,23,Gwendolyn Moore,wrogers@example.net,,Smartphone,Accessories,1,1056,1056,Cash
6256,66,Jerry Mitchell,gregory21@example.org,2025-12-23,Smartphone,Photography,1,1182,1182,PayPal
6257,36,Kevin Walton,floresgregory@example.net,2025-06-27,Camera,Accessories,3,1390,4170,Cash
6258,48,Dawn Benson,bryantlisa@example.com,2025-07-25,Speaker,Accessories,1,200,200,PayPal
6259,49,Megan Jackson,arodriguez@example.com,2024-09-29,Speaker,Accessories,5,1472,7360,PayPal
6260,34,Stephanie James,randall75@example.org,2025-04-01,Keyboard,Photography,4,46,184,Credit Card
6261,66,Spencer Vega,jaybarton@example.org,2025-02-22,Speaker,Photography,5,755,3775,Cash
6262,42,Monica Johnson,gerald42@example.net,2025-11-23,Webcam,Electronics,5,1418,7090,PayPal
6263,48,Michael Mcclure,lrandolph@example.net,2024-09-06,Printer,Accessories,,557,0,Credit Card
6264,50,Louis Banks MD,gilbert79@example.com,,Printer,Photography,5,1434,7170,Credit Card
6265,62,Renee Hansen,jacobanderson@example.com,,Smartphone,Accessories,2,217,434,Credit Card
6266,54,Kevin Andrade,summer94@example.net,2025-09-17,Headphones,Photography,1,1389,1389,Cash
6267,59,Natasha Lynn,benjaminbrooks@example.net,2024-05-24,Mouse,Photography,5,544,2720,Credit Card
6268,49,Charles Moore,nathanavila@example.net,2025-07-23,Printer,Accessories,5,983,4915,Cash
6269,53,Amy Klein,jasonyoung@example.com,2024-04-09,Headphones,Photography,,1094,0,Credit Card
6270,62,Rodney Mckinney,njohnson@example.net,2025-04-16,Laptop,Accessories,3,724,2172,Cash
6271,29,Jacob Acosta,kyle77@example.com,,Speaker,Accessories,4,1135,4540,Cash
6272,54,Brenda Smith,kristineross@example.com,2024-07-30,Camera,Photography,1,436,436,Cash
6273,50,Debbie Soto,alexandria97@example.org,2024-04-24,Mouse,Electronics,3,646,1938,Cash
6274,60,Gregory Mullins,ramirezmichelle@example.com,2024-10-26,Speaker,Accessories,4,1453,5812,PayPal
6275,66,Cindy Reed,marywatkins@example.com,2025-12-19,Camera,Accessories,2,1045,2090,PayPal
6276,66,William Nichols,seankelley@example.org,2025-12-18,Headphones,Electronics,4,155,620,Cash
6277,34,Randy Griffin,william55@example.com,2024-11-12,Webcam,Accessories,1,607,607,PayPal
6278,42,John Krueger,jared11@example.org,2025-05-19,Camera,Accessories,3,1321,3963,Cash
6279,55,,brian10@example.net,2025-03-31,Printer,Accessories,1,124,124,PayPal
6280,55,Shannon Fox,victor86@example.net,2026-01-17,Tablet,Photography,4,936,3744,Cash
6281,60,Calvin Valenzuela,jasmine86@example.com,2024-05-02,Printer,Electronics,5,1281,6405,PayPal
6282,39,Ryan Porter,christina97@example.org,,Headphones,Accessories,1,1265,1265,PayPal
6283,34,Kyle Davis,gillespierussell@example.com,2024-12-01,Smartphone,Photography,1,1279,1279,PayPal
6284,18,Tammy Ford,jessica95@example.com,2025-12-14,Monitor,Electronics,5,933,4665,Cash
6285,42,Stuart Smith,kennethfisher@example.org,2024-09-14,Speaker,Photography,3,1120,3360,Credit Card
6286,57,Ronnie Blankenship,teresajensen@example.org,2025-07-28,Printer,Accessories,2,732,1464,Cash
6287,64,George Barnett,wallacebenjamin@example.net,2025-07-31,Headphones,Photography,5,1156,5780,Credit Card
6288,66,Sheryl Johnson,katherinereid@example.net,2024-05-25,Headphones,Photography,4,703,2812,Cash
6289,46,Jared Ward,keith78@example.net,2024-03-15,Webcam,Electronics,4,1376,5504,PayPal
6290,44,Scott Orr,marthamiranda@example.net,2024-10-29,Laptop,Accessories,5,1475,7375,Cash
6291,21,Melissa Riley,michael27@example.com,2026-02-02,Camera,Accessories,3,116,348,Credit Card
6292,69,Victoria Carson,kthornton@example.net,2025-12-15,Laptop,Photography,1,63,63,Credit Card
6293,31,Zachary Dunlap,shawn87@example.net,2025-05-23,Smartphone,Accessories,5,1080,5400,PayPal
6294,23,,samanthagray@example.org,2025-04-28,Smartphone,Accessories,4,715,2860,PayPal
6295,59,Stephen Jones,amy14@example.net,2025-09-27,Webcam,Electronics,5,317,1585,PayPal
6296,23,Ryan Meyers,brent19@example.com,2025-05-14,Printer,Accessories,3,103,309,PayPal
6297,19,Erin Barrera,adamsmatthew@example.com,,Webcam,Photography,2,406,812,Credit Card
6298,23,Michael Small,johnshaffer@example.net,,Webcam,Electronics,1,743,743,Credit Card
6299,56,Katie Holland,marcus09@example.org,2024-07-02,Headphones,Electronics,5,383,1915,Cash
6300,51,Megan Porter,melissabrown@example.org,2024-08-23,Webcam,Photography,4,243,972,Credit Card
6301,38,Marc Gomez,eileen15@example.com,2025-08-14,Webcam,Photography,2,1069,2138,Cash
6302,33,Vanessa Cervantes,mark49@example.com,2024-04-06,Speaker,Electronics,1,551,551,PayPal
6303,58,Garrett Williams,shawn94@example.net,2025-09-19,Printer,Accessories,2,708,1416,Credit Card
6304,28,Carrie Mcintosh,blackburngary@example.com,2024-04-29,Headphones,Photography,3,86,258,PayPal
6305,20,James Hall Jr.,waynematthews@example.com,2025-11-16,Camera,Photography,4,496,1984,Cash
6306,55,Eric Bates,walter37@example.net,2025-08-02,Printer,Accessories,3,1333,3999,PayPal
6307,63,Jaime Taylor,jmolina@example.com,2024-10-27,Monitor,Accessories,3,1261,3783,Cash
6308,56,Steven Powell,gabriela99@example.org,2026-01-21,Smartphone,Accessories,5,356,1780,Credit Card
6309,70,Mr. Gary Lynch,davissara@example.org,2026-02-11,Mouse,Photography,4,621,2484,Cash
6310,61,Rachel Reid,nicole97@example.com,2025-04-03,Smartphone,Photography,4,591,2364,PayPal
6311,64,William Ramos,zhoward@example.org,2024-10-06,Smartphone,Photography,5,1057,5285,Cash
6312,68,Erica Ward,gmack@example.com,2024-06-19,Smartphone,Electronics,1,853,853,Cash
6313,40,Michael Jones,frankstewart@example.org,2025-01-04,Tablet,Electronics,5,236,1180,Credit Card
6314,55,Tracy Torres,travis57@example.net,2025-07-18,Tablet,Electronics,5,1144,5720,PayPal
6315,46,Cassandra Obrien,zrollins@example.net,2026-01-04,Speaker,Accessories,3,727,2181,Credit Card
6316,48,Rebecca Clark,srivas@example.org,2025-12-02,Webcam,Electronics,2,379,758,PayPal
6317,55,Elizabeth Lee,lauren57@example.net,2024-09-02,Webcam,Photography,1,1349,1349,Cash
6318,44,Mary Williams,jamesrodriguez@example.net,2025-03-12,Webcam,Electronics,5,1116,5580,Credit Card
6319,24,Brian Weaver,shammond@example.org,2025-08-08,Monitor,Photography,5,843,4215,Credit Card
6320,58,Amy Jefferson,laura78@example.org,2025-09-09,Printer,Photography,5,1120,5600,PayPal
6321,68,Marie Pierce,yalexander@example.net,2025-08-15,Headphones,Accessories,2,787,1574,Credit Card
6322,50,Justin Jones,stacey21@example.org,2025-08-14,Smartphone,Accessories,1,1365,1365,PayPal
6323,27,Kelly Myers,charles66@example.org,2024-08-21,Smartphone,Photography,4,265,1060,PayPal
6324,47,Melissa Wolfe,gregoryjohnson@example.net,2026-02-11,Tablet,Photography,1,1356,1356,Credit Card
6325,55,Ryan Allen,dclayton@example.com,2024-08-30,Headphones,Photography,5,1345,6725,PayPal
6326,68,Veronica Rogers,butlerjessica@example.org,2024-10-30,Speaker,Photography,2,831,1662,PayPal
6327,60,,tmartinez@example.org,2025-09-28,Headphones,Accessories,5,420,2100,Credit Card
6328,25,Steven Jackson,allenjulie@example.net,2025-08-10,Tablet,Electronics,1,523,523,Credit Card
6329,42,Michelle Banks,mary66@example.net,2024-07-01,Headphones,Accessories,3,403,1209,Credit Card
6330,57,Maria Larson,sstuart@example.org,2025-10-26,Mouse,Electronics,4,1265,5060,Cash
6331,25,Timothy Bowen,davidfernandez@example.org,2025-06-17,Mouse,Accessories,1,691,691,PayPal
6332,53,Matthew Wilcox,ibautista@example.org,2025-03-14,Printer,Photography,2,1253,2506,Credit Card
6333,52,Juan Ball,darlene47@example.com,2024-12-29,Smartphone,Photography,4,566,2264,Credit Card
6334,61,David Wolfe,tware@example.net,2024-12-30,Printer,Accessories,4,1064,4256,Cash
6335,66,Amy Goodwin,jacquelinegarcia@example.com,2025-12-18,Smartphone,Accessories,2,875,1750,Cash
6336,56,Linda Osborn PhD,kmiranda@example.net,2024-11-14,Camera,Photography,,1042,0,Cash
6337,52,Erica Todd,murphybrooke@example.net,2025-12-14,Webcam,Electronics,2,1092,2184,PayPal
6338,65,,joseevans@example.com,2025-05-28,Speaker,Photography,4,983,3932,Credit Card
6339,46,Haley Beck,michaelrussell@example.net,2025-02-02,Smartphone,Photography,1,274,274,PayPal
6340,37,Clayton Garcia,martinkyle@example.org,2025-06-22,Webcam,Electronics,1,504,504,Cash
6341,48,Sheila Smith,marymiller@example.net,2024-12-18,Camera,Accessories,2,1378,2756,Cash
6342,55,Tammy Rivas,jason52@example.net,2025-03-01,Keyboard,Accessories,1,704,704,Credit Card
6343,25,Amber Goodwin,russell98@example.net,2025-03-28,Tablet,Photography,4,908,3632,Credit Card
6344,43,Raymond Luna,sheriknight@example.net,2024-06-07,Tablet,Electronics,1,990,990,PayPal
6345,68,Carl Smith,oevans@example.net,2025-02-24,Keyboard,Accessories,4,685,2740,PayPal
6346,54,Christopher Hartman,tina53@example.org,2026-02-24,Printer,Electronics,4,303,1212,PayPal
6347,22,Kimberly Robinson,fisherdavid@example.com,,Keyboard,Accessories,4,338,1352,Cash
6348,41,John Gonzales,leehoward@example.com,2025-07-09,Smartphone,Accessories,4,1450,5800,Cash
6349,27,Tiffany Allen,cunninghamanthony@example.net,2024-12-23,Smartphone,Electronics,5,1383,6915,PayPal
6350,30,Jennifer Marsh,zyates@example.net,2024-12-19,Keyboard,Electronics,5,1431,7155,Cash
6351,64,Gabrielle Hill,hernandezlaurie@example.com,2026-02-22,Speaker,Accessories,5,35,175,Credit Card
6352,50,Linda Lucas,zimmermanmary@example.org,2025-07-31,Smartphone,Electronics,3,789,2367,Cash
6353,49,Jeremy Randolph,gwilliams@example.com,2024-10-10,Mouse,Photography,2,524,1048,Credit Card
6354,44,Laura Brady,dustinmccoy@example.net,2026-01-28,Camera,Accessories,4,152,608,Credit Card
6355,56,Courtney Briggs,kristi26@example.net,2024-10-26,Keyboard,Photography,5,683,3415,PayPal
6356,60,Kathleen King,simmonstracy@example.org,2024-11-04,Laptop,Photography,1,497,497,Credit Card
6357,69,Michael Sims,melissa99@example.com,2025-12-16,Monitor,Electronics,4,45,180,PayPal
6358,24,Nicole Montgomery,fhall@example.net,2024-05-02,Headphones,Photography,5,922,4610,Cash
6359,21,,smiller@example.org,,Mouse,Electronics,2,173,346,Credit Card
6360,35,,matthewtorres@example.net,2024-10-16,Smartphone,Accessories,1,962,962,PayPal
6361,65,Linda Hill,ggriffith@example.org,2024-08-21,Smartphone,Photography,1,1160,1160,Cash
6362,20,Alison Johnson,ylambert@example.com,2025-04-09,Mouse,Accessories,1,1317,1317,Cash
6363,18,Michael Yates,kevin20@example.org,2024-11-21,Keyboard,Electronics,1,1479,1479,PayPal
6364,59,Jeremy Ibarra,hernandezkaren@example.net,2025-06-06,Headphones,Photography,1,1448,1448,PayPal
6365,21,Cameron Joyce,lkey@example.com,2025-07-30,Headphones,Photography,3,947,2841,Cash
6366,43,Kayla Hoover,emilyhenry@example.org,2025-05-03,Mouse,Electronics,3,1466,4398,PayPal
6367,21,Robert King,davismichelle@example.com,,Headphones,Electronics,1,708,708,Credit Card
6368,53,Sheri Phillips,collinsluis@example.org,2026-02-22,Tablet,Accessories,4,633,2532,PayPal
6369,26,Tina Williams,edwardhamilton@example.net,2025-11-22,Speaker,Electronics,4,1116,4464,Cash
6370,18,Kristi Brooks,perezamanda@example.org,2024-12-25,Laptop,Accessories,,622,0,PayPal
6371,65,John Mann,stacylee@example.net,2026-02-04,Smartphone,Electronics,4,472,1888,Credit Card
6372,51,Lisa Barnett,murphycalvin@example.net,2024-09-01,Smartphone,Electronics,2,790,1580,PayPal
6373,63,Samuel Mcintosh,frankhill@example.com,2025-01-12,Headphones,Photography,4,998,3992,Credit Card
6374,39,Ryan Blackburn,christina33@example.net,,Tablet,Electronics,4,1475,5900,PayPal
6375,49,Corey Jones,nicole37@example.com,2025-03-23,Webcam,Accessories,4,537,2148,Credit Card
6376,54,Steven Mendez,joshua08@example.com,2025-09-24,Monitor,Electronics,5,1320,6600,Credit Card
6377,36,Thomas Hubbard,ryang@example.org,2024-11-28,Speaker,Photography,4,1204,4816,PayPal
6378,57,Ariel Lewis,laurie40@example.net,2025-02-08,Mouse,Accessories,4,228,912,PayPal
6379,59,Nathan Mitchell,fblackwell@example.com,2026-02-25,Speaker,Electronics,3,1320,3960,Cash
6380,60,Brianna Phillips,denise23@example.net,,Tablet,Electronics,,907,0,PayPal
6381,28,Joyce Hoffman,isoto@example.org,2026-01-15,Smartphone,Electronics,5,84,420,Credit Card
6382,28,Joshua Snyder,whitney37@example.com,,Webcam,Photography,1,1119,1119,PayPal
6383,21,Kathryn Sanchez,keithmartinez@example.com,2024-08-19,Smartphone,Electronics,,497,0,PayPal
6384,53,Samantha Morrow,parksara@example.net,2025-06-07,Tablet,Photography,4,114,456,PayPal
6385,23,Jennifer Taylor,iharris@example.com,2024-08-26,Keyboard,Electronics,5,1135,5675,Cash
6386,65,Charles Maldonado,zalexander@example.net,2024-05-30,Keyboard,Photography,4,477,1908,PayPal
6387,56,Matthew Robinson,tristanwilson@example.com,2024-11-22,Printer,Accessories,5,1254,6270,PayPal
6388,35,Matthew Bartlett,cgutierrez@example.org,2024-04-11,Tablet,Electronics,1,261,261,PayPal
6389,49,Gregory Larsen,travis01@example.com,2025-08-06,Webcam,Accessories,4,1189,4756,Credit Card
6390,70,Kyle Anderson,brianna78@example.org,2024-03-18,Monitor,Photography,1,1094,1094,Credit Card
6391,22,Jesus Perez,smithjennifer@example.com,2024-11-05,Laptop,Photography,3,1380,4140,Cash
6392,28,Sarah Stewart,brownjeremy@example.com,2025-10-25,Webcam,Electronics,1,632,632,Credit Card
6393,19,Robert Allen,monteshannah@example.com,2025-07-25,Mouse,Electronics,1,1386,1386,PayPal
6394,35,Donna Wilkerson,hscott@example.net,2025-12-17,Printer,Photography,5,256,1280,PayPal
6395,18,Wendy Hester,alanpearson@example.org,2024-07-14,Laptop,Photography,1,607,607,PayPal
6396,20,Mary Sparks,nicholasdavis@example.com,2025-10-27,Speaker,Accessories,5,47,235,PayPal
6397,64,Mary Morgan,kathleen62@example.net,2026-02-02,Headphones,Photography,1,709,709,Cash
6398,65,,drewzamora@example.com,2025-10-09,Webcam,Photography,4,550,2200,Credit Card
6399,59,Jason Crawford,turnerbenjamin@example.net,,Speaker,Electronics,3,1480,4440,PayPal
6400,27,Jared Mason,longcory@example.com,2025-04-08,Tablet,Electronics,4,1006,4024,Credit Card
6401,57,Megan Ford,webbdiane@example.com,2025-12-09,Mouse,Accessories,2,520,1040,PayPal
6402,47,Nicholas Thompson,wolfmichael@example.net,2025-02-05,Keyboard,Electronics,1,399,399,PayPal
6403,68,Christine Jones,asmith@example.com,2025-08-31,Speaker,Accessories,3,187,561,Credit Card
6404,62,Lindsay Bowen,gregory01@example.org,2025-11-25,Printer,Photography,,1433,0,PayPal
6405,31,William Watts,carneydebra@example.org,2024-08-19,Keyboard,Accessories,5,1364,6820,PayPal
6406,53,Tracey Hines,mortonclayton@example.net,2026-02-11,Keyboard,Electronics,5,817,4085,PayPal
6407,34,Lindsay Brown,fstrong@example.com,2024-09-18,Keyboard,Electronics,4,1243,4972,Cash
6408,59,Raven Farmer,jacqueline34@example.net,2024-10-15,Speaker,Electronics,4,162,648,PayPal
6409,58,,kortiz@example.net,2025-11-11,Smartphone,Electronics,1,475,475,PayPal
6410,54,Mary West,michelle93@example.com,2026-01-16,Tablet,Photography,4,60,240,Credit Card
6411,37,Christopher Collins,ryan87@example.net,2024-09-20,Mouse,Electronics,5,278,1390,PayPal
6412,54,Angela Brennan,xkramer@example.net,,Camera,Photography,2,1324,2648,Credit Card
6413,40,Brian Duffy,veronicabates@example.org,2024-11-29,Camera,Accessories,4,812,3248,Cash
6414,51,Kerri Fitzgerald,javier27@example.com,2024-06-26,Tablet,Electronics,4,390,1560,PayPal
6415,39,Derek Douglas,anthonybarnes@example.org,2025-04-09,Speaker,Photography,1,1264,1264,PayPal
6416,66,Jennifer Gilbert,varnold@example.org,2025-06-20,Camera,Photography,4,106,424,PayPal
6417,37,Devon Fields,frussell@example.net,,Printer,Electronics,2,891,1782,PayPal
6418,50,Edward Sutton,gardneredward@example.net,,Printer,Electronics,4,312,1248,PayPal
6419,29,Robert Bradley,carriemcclure@example.net,2024-07-25,Laptop,Photography,5,1325,6625,Cash
6420,47,Jennifer Arnold,robert54@example.net,2024-04-06,Keyboard,Accessories,1,1253,1253,Credit Card
6421,33,Joel Jackson,tammy13@example.org,2025-04-11,Printer,Accessories,3,1423,4269,Cash
6422,22,Suzanne Jones,dsmith@example.net,,Printer,Electronics,2,1131,2262,Cash
6423,30,Thomas Scott,tuckerkatherine@example.net,2025-05-08,Headphones,Photography,1,1183,1183,Credit Card
6424,33,Susan Hunter,icabrera@example.net,,Monitor,Electronics,3,574,1722,PayPal
6425,31,Heather Burke,lrobbins@example.org,2026-01-01,Monitor,Accessories,2,1121,2242,Cash
6426,54,,smithian@example.net,2024-07-02,Headphones,Accessories,4,165,660,PayPal
6427,33,Anna Dorsey,jonathanbrock@example.com,,Webcam,Electronics,4,814,3256,Cash
6428,18,Charles Campbell,benjaminduke@example.net,2024-08-01,Monitor,Accessories,3,732,2196,PayPal
6429,23,Kevin Tucker,ithompson@example.com,2025-11-06,Monitor,Accessories,5,1284,6420,Cash
6430,60,Kevin Winters,phyllis29@example.com,2025-11-25,Printer,Electronics,3,791,2373,Cash
6431,39,Courtney Hood,kevinhiggins@example.net,2025-03-01,Smartphone,Electronics,1,1174,1174,PayPal
6432,43,Michael Palmer,vpetty@example.net,2024-06-29,Camera,Accessories,4,54,216,Cash
6433,57,Travis Shelton,utaylor@example.com,2025-04-16,Speaker,Photography,3,973,2919,Cash
6434,48,Jessica Thompson,madison40@example.com,2024-05-25,Camera,Accessories,4,995,3980,Credit Card
6435,33,,kelseypittman@example.com,2025-08-06,Camera,Photography,4,1432,5728,Credit Card
6436,29,Brian Nolan,millerjohn@example.com,2025-07-09,Tablet,Electronics,3,1120,3360,PayPal
6437,43,Antonio Taylor,anne41@example.com,2025-04-06,Smartphone,Photography,3,522,1566,Cash
6438,65,Daniel Valentine,steven97@example.com,2024-12-02,Monitor,Electronics,2,663,1326,PayPal
6439,55,Jennifer Gardner,mollydavis@example.org,2025-06-05,Mouse,Accessories,4,1378,5512,PayPal
6440,54,Brenda Perez,pprice@example.com,2025-05-29,Camera,Photography,5,297,1485,PayPal
6441,41,William Perry,kevinrichmond@example.com,2024-09-15,Speaker,Electronics,5,1079,5395,Credit Card
6442,55,John Best,greg07@example.org,2025-08-04,Mouse,Photography,4,690,2760,Cash
6443,57,Taylor Hill,rodney44@example.org,2025-10-29,Monitor,Photography,2,73,146,Credit Card
6444,67,Jason Espinoza,william28@example.net,2025-06-29,Headphones,Accessories,5,374,1870,Credit Card
6445,33,Thomas Donovan,tsmith@example.com,2025-05-28,Headphones,Accessories,2,640,1280,PayPal
6446,44,Mary Norton,jeromefoster@example.com,2025-06-30,Monitor,Electronics,5,1063,5315,Credit Card
6447,38,Nicholas George,asoto@example.org,2024-11-21,Monitor,Photography,4,507,2028,Cash
6448,36,Andrew Navarro,wilsonashley@example.org,,Smartphone,Photography,1,1238,1238,Cash
6449,60,Tanya Kane,andrecombs@example.net,2024-04-20,Webcam,Photography,,1073,0,Credit Card
6450,38,Marvin Castro,susan59@example.org,2025-06-27,Smartphone,Electronics,3,1379,4137,Cash
6451,57,Joshua Collier,khill@example.org,2024-10-02,Tablet,Accessories,1,991,991,PayPal
6452,42,Chris Garcia,gallegoschristopher@example.net,2026-02-08,Printer,Electronics,5,158,790,Credit Card
6453,22,Amber Mitchell,zhowell@example.com,2025-05-13,Headphones,Photography,5,1079,5395,Cash
6454,64,Steven Phillips,jhill@example.com,2025-02-12,Tablet,Electronics,4,960,3840,PayPal
6455,63,Lori Garner,castrotimothy@example.com,2025-09-24,Tablet,Electronics,4,1432,5728,Cash
6456,28,Larry Beasley,travis05@example.net,2024-09-05,Headphones,Photography,2,611,1222,PayPal
6457,61,,jeffreytaylor@example.com,2024-10-20,Headphones,Photography,2,120,240,Credit Card
6458,31,Nicholas Ross,brianmercer@example.net,2026-02-13,Speaker,Electronics,1,642,642,Cash
6459,30,Melissa Sanchez,hendersonshelly@example.org,,Mouse,Accessories,4,1440,5760,PayPal
6460,68,Michelle Gonzalez,vross@example.com,2025-03-31,Tablet,Photography,5,914,4570,Cash
6461,42,Richard Tate,tanyawilliamson@example.net,2025-09-24,Speaker,Photography,1,1460,1460,Cash
6462,56,Rachel Smith,maria82@example.net,2024-03-21,Keyboard,Photography,1,1072,1072,Cash
6463,48,Sarah Mann,keithaguilar@example.net,2025-07-13,Camera,Accessories,3,735,2205,PayPal
6464,44,Stefanie Williams,laura76@example.com,2025-05-30,Headphones,Accessories,3,858,2574,Credit Card
6465,20,Megan Merritt,jennifer79@example.com,2025-10-25,Webcam,Electronics,1,810,810,Cash
6466,56,Kimberly Flores,timothytaylor@example.com,2025-05-08,Headphones,Accessories,3,953,2859,Credit Card
6467,18,Billy Carter,carterheather@example.net,2026-01-05,Laptop,Photography,4,687,2748,PayPal
6468,23,Larry Coleman,hayesamanda@example.net,2025-01-18,Webcam,Accessories,2,51,102,Cash
6469,25,Michael Brown,elizabethfoster@example.net,2025-11-21,Speaker,Photography,4,106,424,Cash
6470,19,Jason Knight,wilsonsteven@example.com,2025-06-24,Headphones,Accessories,1,1078,1078,Credit Card
6471,46,Jennifer Foster,nicholswilliam@example.com,2026-02-18,Tablet,Electronics,5,1450,7250,PayPal
6472,25,Sarah Higgins,williamcurtis@example.net,2025-05-24,Tablet,Accessories,5,76,380,Credit Card
6473,24,Kenneth Choi,aprilwyatt@example.net,2025-07-29,Headphones,Accessories,4,1432,5728,Cash
6474,26,Heather King,kevin92@example.net,2025-11-06,Webcam,Photography,4,1370,5480,PayPal
6475,53,Victoria Lamb,williamscheryl@example.com,2024-08-15,Webcam,Photography,5,810,4050,PayPal
6476,31,Tammy Carpenter,jphillips@example.net,2024-04-03,Mouse,Accessories,4,777,3108,PayPal
6477,34,John Rodriguez,yvonnecollins@example.com,2024-05-27,Smartphone,Accessories,5,1163,5815,PayPal
6478,62,,karla16@example.net,2024-06-20,Mouse,Photography,3,253,759,Cash
6479,63,Lisa Lyons,dlucas@example.org,,Headphones,Photography,1,280,280,Cash
6480,52,Sandra Davis,austinchristopher@example.org,2025-06-17,Mouse,Electronics,3,1328,3984,PayPal
6481,22,Brenda Morales,weberpatricia@example.org,2026-01-08,Tablet,Electronics,,977,0,PayPal
6482,47,Matthew Bush,jermaine19@example.net,,Keyboard,Photography,3,456,1368,PayPal
6483,23,Brenda Campos,stephanie44@example.org,2025-04-15,Headphones,Photography,3,377,1131,PayPal
6484,61,Mark Glover,bcarr@example.com,2024-10-27,Mouse,Accessories,4,505,2020,Cash
6485,29,,catherine87@example.net,2024-11-17,Headphones,Photography,4,220,880,Cash
6486,50,Sherry Moore,anthonyvaldez@example.org,2025-12-07,Printer,Photography,3,841,2523,Credit Card
6487,66,David Chavez,robert51@example.org,2024-07-23,Monitor,Photography,5,678,3390,Cash
6488,21,,jade00@example.net,,Keyboard,Photography,4,551,2204,Credit Card
6489,53,Sheila Anderson,jessicawright@example.net,2025-08-10,Speaker,Accessories,4,71,284,PayPal
6490,19,Angela Odom,jeremy21@example.net,2025-02-11,Webcam,Electronics,4,1325,5300,PayPal
6491,30,Richard Moore,james27@example.org,2025-12-17,Smartphone,Electronics,,989,0,Credit Card
6492,26,Garrett Barnes,mendozageorge@example.com,2025-11-10,Printer,Electronics,4,100,400,Cash
6493,57,Dr. Sarah Thompson,cbrowning@example.org,2025-09-14,Mouse,Accessories,3,1165,3495,Credit Card
6494,37,,xsmith@example.net,2025-04-18,Laptop,Photography,3,1013,3039,PayPal
6495,62,Marcus Obrien II,vincentmartinez@example.com,2024-04-22,Printer,Photography,5,146,730,Cash
6496,70,Heather Williams,ogutierrez@example.com,2024-07-16,Mouse,Accessories,2,1301,2602,PayPal
6497,47,Gabriela Schneider,bautistalaura@example.com,2025-03-09,Keyboard,Accessories,4,174,696,Cash
6498,38,Terry Mitchell,aprilsingh@example.net,2025-12-20,Webcam,Photography,2,1166,2332,Credit Card
6499,32,Michael Mccarty,suzanneford@example.com,2025-10-09,Mouse,Electronics,3,774,2322,PayPal
6500,60,Kristie Herrera,michelle15@example.com,2026-01-02,Monitor,Accessories,3,316,948,PayPal
6501,62,Andre Tran,edwardsnicole@example.net,2025-09-20,Laptop,Photography,2,943,1886,Cash
6502,70,Tracy Ramsey,torresmanuel@example.org,2026-01-08,Smartphone,Photography,2,1239,2478,PayPal
6503,59,Debra Kim,hcox@example.net,2025-11-17,Speaker,Electronics,1,1425,1425,Credit Card
6504,62,Samuel Rosales,clam@example.org,2025-06-10,Webcam,Electronics,3,706,2118,PayPal
6505,47,Jeff Mitchell,jenkinsgary@example.net,2025-10-24,Webcam,Electronics,1,1241,1241,PayPal
6506,36,Seth Haynes,davidgibson@example.com,2024-10-12,Tablet,Photography,1,1011,1011,Credit Card
6507,59,Gina Williams,davidwheeler@example.org,2024-06-04,Camera,Electronics,4,245,980,Credit Card
6508,56,John Craig,brenda40@example.org,,Smartphone,Accessories,5,688,3440,PayPal
6509,51,Leah Hernandez,jparrish@example.org,2025-05-20,Smartphone,Photography,3,1440,4320,PayPal
6510,47,Calvin Morales,kimberlywebb@example.net,2024-11-07,Smartphone,Electronics,2,751,1502,PayPal
6511,42,Peter Camacho,taylorkimberly@example.net,2025-02-02,Tablet,Accessories,2,683,1366,PayPal
6512,48,Dr. Charles Moreno,danielledavis@example.net,2024-07-27,Printer,Accessories,4,901,3604,Cash
6513,32,Brandon Cooper,richardbrooks@example.net,2025-03-11,Keyboard,Electronics,2,881,1762,Credit Card
6514,41,,blairaaron@example.com,2024-10-23,Laptop,Photography,2,876,1752,Credit Card
6515,38,Rachel Ford,andersonjamie@example.net,2025-04-14,Speaker,Electronics,2,459,918,PayPal
6516,41,Steven Lopez,thomascarroll@example.org,2024-06-12,Printer,Accessories,3,1352,4056,Cash
6517,68,Lisa Alvarez,csmith@example.com,,Monitor,Photography,5,734,3670,Credit Card
6518,51,Thomas Johnson,ruizdouglas@example.net,2025-04-14,Speaker,Accessories,3,1088,3264,Cash
6519,31,Elizabeth Avila,kayla40@example.org,2025-04-19,Tablet,Electronics,3,211,633,Credit Card
6520,46,Rhonda Casey,amanda39@example.net,2025-03-06,Mouse,Electronics,4,458,1832,PayPal
6521,25,Matthew Neal,austinmartin@example.org,2024-12-27,Smartphone,Accessories,1,1284,1284,Credit Card
6522,50,Cynthia Chang,jasonrodriguez@example.org,,Headphones,Accessories,4,518,2072,Cash
6523,24,Linda Howard,hannah35@example.org,2024-11-18,Printer,Electronics,5,413,2065,PayPal
6524,65,Jennifer Hernandez,jerrylong@example.net,2025-11-02,Speaker,Photography,3,810,2430,Credit Card
6525,46,Jesus Frost,emilymathis@example.net,2024-07-30,Speaker,Accessories,1,519,519,Credit Card
6526,31,Thomas Wood,khawkins@example.org,2025-01-03,Keyboard,Photography,4,1389,5556,PayPal
6527,39,James Willis,xsilva@example.com,,Headphones,Accessories,5,970,4850,Cash
6528,58,Taylor Smith,fmartin@example.com,2024-06-24,Keyboard,Electronics,3,1208,3624,Cash
6529,58,Charles Miller,suttonjennifer@example.com,2024-04-05,Mouse,Electronics,4,852,3408,Credit Card
6530,25,Brandon Ware,zmartin@example.net,2026-02-08,Headphones,Photography,5,636,3180,PayPal
6531,26,Brian Garrett,mccormicktara@example.net,2024-05-25,Smartphone,Accessories,4,512,2048,Credit Card
6532,37,Christine Raymond,shannonyang@example.org,2025-06-07,Monitor,Accessories,3,254,762,PayPal
6533,26,Kimberly Mosley,nathan31@example.net,2025-02-07,Tablet,Accessories,5,508,2540,Cash
6534,62,Zachary Bennett,thompsonlisa@example.org,2025-11-06,Headphones,Accessories,4,305,1220,PayPal
6535,46,Roberto Hernandez,carlahaynes@example.net,2025-08-04,Mouse,Accessories,1,708,708,PayPal
6536,41,Catherine Nichols,andrewsrobert@example.com,,Tablet,Photography,3,1062,3186,PayPal
6537,68,Savannah Flores,kaylalevine@example.net,2024-05-05,Webcam,Electronics,4,843,3372,Cash
6538,45,,yfreeman@example.net,2024-05-12,Speaker,Electronics,3,280,840,Credit Card
6539,21,Glenn Woods,bsnyder@example.com,2024-03-13,Laptop,Photography,4,215,860,PayPal
6540,33,Kenneth Davidson,pachecotyler@example.com,2025-10-19,Webcam,Accessories,4,413,1652,Cash
6541,46,Melissa Jones DDS,lisaarmstrong@example.org,2025-04-30,Tablet,Electronics,2,1363,2726,PayPal
6542,54,Larry Edwards,sandrawilliams@example.net,2025-06-02,Speaker,Accessories,2,847,1694,PayPal
6543,60,John Hart,rsanchez@example.net,2024-06-08,Speaker,Accessories,4,756,3024,PayPal
6544,48,Monica Hubbard,johnsonrobert@example.org,2025-03-06,Mouse,Photography,5,1266,6330,Credit Card
6545,50,Sabrina Greene,xjacobs@example.net,2025-01-05,Tablet,Photography,5,987,4935,Credit Card
6546,23,Mark Lopez,franklinmark@example.com,2024-12-18,Printer,Photography,2,624,1248,Cash
6547,37,Jessica Smith,cpage@example.com,2025-12-05,Laptop,Photography,5,864,4320,PayPal
6548,50,Kendra Johnson,htorres@example.org,2025-07-24,Monitor,Electronics,3,850,2550,Cash
6549,29,Jamie Brown,kathybradshaw@example.org,2024-07-28,Printer,Electronics,2,1006,2012,Cash
6550,62,Donald Adams,kallen@example.org,2026-02-01,Laptop,Accessories,1,1235,1235,Cash
6551,22,,matthew51@example.org,2025-03-28,Smartphone,Electronics,3,188,564,Credit Card
6552,40,Brandon Montoya,joshua53@example.com,2026-01-24,Headphones,Accessories,1,681,681,Cash
6553,28,Christopher Hill,paulaschneider@example.org,2026-01-21,Monitor,Electronics,1,1235,1235,PayPal
6554,64,Michael James,bhawkins@example.org,2025-11-28,Webcam,Accessories,1,1229,1229,Credit Card
6555,57,Betty Rasmussen,ssimpson@example.org,2024-08-05,Monitor,Electronics,3,1331,3993,PayPal
6556,48,Jill Goodman,kathrynriley@example.org,2024-03-03,Printer,Accessories,3,792,2376,Cash
6557,61,Lauren Gomez,joancuevas@example.com,,Camera,Photography,3,495,1485,Credit Card
6558,62,Elizabeth Nelson,pberger@example.org,2026-01-08,Printer,Accessories,3,710,2130,Cash
6559,55,Jay Morales,crystalpayne@example.com,2025-02-09,Laptop,Electronics,1,789,789,Credit Card
6560,23,Steven Foster,brownlori@example.net,2024-05-24,Keyboard,Accessories,3,855,2565,PayPal
6561,35,Jacob Reed,chase41@example.net,,Laptop,Photography,1,1262,1262,Cash
6562,66,Susan Nash,daniel06@example.net,2026-02-07,Smartphone,Accessories,5,1385,6925,Credit Card
6563,61,Stephen Stout,anthonynelson@example.com,2024-12-01,Webcam,Accessories,4,788,3152,PayPal
6564,22,Ashley Carroll,joebaker@example.com,2024-06-25,Speaker,Photography,1,661,661,Credit Card
6565,35,Robert Scott,dhuff@example.com,2026-01-12,Headphones,Electronics,2,1071,2142,Credit Card
6566,51,Shannon Horne PhD,jrogers@example.org,2026-02-07,Mouse,Photography,5,890,4450,Cash
6567,41,Javier Fuentes,abigail09@example.net,2025-02-11,Headphones,Electronics,2,1277,2554,Credit Card
6568,44,Katrina Berry,helenwilliams@example.net,2024-05-13,Mouse,Accessories,2,770,1540,PayPal
6569,64,,qpetersen@example.net,2025-10-16,Headphones,Photography,3,173,519,PayPal
6570,44,Bryan Wang,murphyeric@example.com,2025-09-05,Smartphone,Photography,5,884,4420,Credit Card
6571,25,Daniel Keller,tammy63@example.org,2026-01-19,Webcam,Accessories,1,602,602,Cash
6572,53,Rebecca Parker,derekoliver@example.net,2025-09-19,Smartphone,Accessories,3,909,2727,Credit Card
6573,56,Seth Campbell,brent63@example.com,2024-06-27,Smartphone,Accessories,1,1400,1400,Credit Card
6574,31,Melissa Huffman,masonshawn@example.com,2025-10-25,Smartphone,Photography,2,574,1148,PayPal
6575,19,Benjamin Lawrence,victorthomas@example.net,2024-11-07,Speaker,Photography,4,1489,5956,Cash
6576,35,Natalie Johnson,deanna28@example.net,2025-03-20,Headphones,Photography,2,1062,2124,PayPal
6577,54,Adrian Garcia,lshepard@example.net,2025-11-24,Smartphone,Electronics,3,893,2679,Credit Card
6578,29,David Miller,ashleyclark@example.com,2025-09-14,Headphones,Electronics,5,541,2705,PayPal
6579,59,Tiffany Rodriguez,brianna33@example.org,2025-05-01,Headphones,Accessories,1,656,656,Credit Card
6580,19,,brandon41@example.org,2026-02-01,Smartphone,Accessories,3,378,1134,Cash
6581,24,Ana Bennett,brooke00@example.net,2025-07-20,Keyboard,Accessories,3,747,2241,Credit Card
6582,57,John Hill,jonesjustin@example.org,2025-06-10,Keyboard,Photography,4,705,2820,Credit Card
6583,65,Johnny Torres,diane26@example.org,2025-02-02,Mouse,Electronics,2,1265,2530,Credit Card
6584,42,Thomas Gilbert,mike64@example.org,2024-09-09,Speaker,Accessories,2,1021,2042,Cash
6585,18,John Cook,hcarter@example.org,2024-06-06,Printer,Accessories,4,652,2608,Credit Card
6586,58,,mariapope@example.net,2025-09-26,Monitor,Electronics,2,1109,2218,Credit Card
6587,56,Laura Harris,riveraeric@example.net,2024-12-20,Headphones,Photography,4,127,508,Cash
6588,35,Amanda Robles,yserrano@example.org,,Headphones,Electronics,3,105,315,PayPal
6589,21,Michelle Bailey,pattersongeorge@example.org,2024-06-11,Speaker,Accessories,3,1174,3522,Credit Card
6590,20,James Martin,robersontyler@example.org,2024-06-04,Mouse,Photography,5,47,235,Cash
6591,42,Bruce Torres,grayashley@example.org,2025-03-17,Smartphone,Electronics,1,1086,1086,PayPal
6592,63,Janice Henderson,dennis56@example.org,2025-02-10,Smartphone,Accessories,,967,0,PayPal
6593,66,Sarah Gordon,ejones@example.net,2025-11-09,Speaker,Electronics,5,793,3965,PayPal
6594,43,Jose Ramirez,harrisondebra@example.com,2025-05-02,Keyboard,Electronics,5,948,4740,Cash
6595,67,Carlos Gibson,andrewlamb@example.net,,Printer,Photography,2,400,800,Credit Card
6596,24,Jacob Allen,ortizisaac@example.com,2025-02-07,Camera,Electronics,2,912,1824,Cash
6597,33,Danielle Richards,aheath@example.com,2024-03-24,Headphones,Photography,2,329,658,Cash
6598,36,Tamara Sanchez,evanwagner@example.net,2025-10-13,Monitor,Photography,4,860,3440,Cash
6599,68,April Ortiz,amyanderson@example.net,2024-11-09,Headphones,Electronics,3,793,2379,Credit Card
6600,18,Laurie Bennett,jamiewalker@example.org,2025-10-07,Headphones,Electronics,4,906,3624,Cash
6601,25,Victoria Rodgers,dmartinez@example.org,2024-09-28,Keyboard,Photography,1,98,98,Cash
6602,54,Andrew Garcia,pamelamartin@example.net,2025-11-24,Mouse,Electronics,5,494,2470,Cash
6603,51,Dylan Pena,joseph29@example.net,2025-09-04,Laptop,Electronics,1,184,184,Cash
6604,32,Patricia Ramirez,kylemorris@example.org,2024-03-27,Headphones,Photography,5,82,410,Credit Card
6605,24,Ronald Becker,pmcguire@example.org,2024-04-20,Webcam,Accessories,,1231,0,Cash
6606,46,Erin Bailey,thomascampos@example.com,2024-03-13,Keyboard,Electronics,3,934,2802,Credit Card
6607,25,Michael Miller,harrisonandrea@example.net,2024-12-25,Keyboard,Electronics,1,315,315,Cash
6608,56,Anthony Harrison,qfernandez@example.com,2025-12-23,Speaker,Accessories,1,1049,1049,Cash
6609,33,Brandon Pierce,ustewart@example.net,2025-08-31,Printer,Accessories,4,67,268,PayPal
6610,20,,kkemp@example.com,2025-03-03,Headphones,Electronics,2,1031,2062,Cash
6611,43,Kathryn Newman,christina26@example.net,2025-02-11,Mouse,Accessories,1,1063,1063,PayPal
6612,18,Todd Lopez,erobertson@example.org,2025-07-31,Tablet,Electronics,2,802,1604,PayPal
6613,67,Steven Brooks,daviskristin@example.com,2025-04-01,Laptop,Photography,3,609,1827,PayPal
6614,19,Timothy Moore,william14@example.net,2024-09-21,Speaker,Accessories,3,745,2235,Cash
6615,45,Amanda Morse,william91@example.com,2025-09-01,Speaker,Photography,3,1403,4209,Cash
6616,38,Kevin Ponce,christinerhodes@example.org,2025-07-15,Smartphone,Electronics,5,984,4920,PayPal
6617,61,Suzanne Kramer,kim89@example.org,2024-09-06,Camera,Electronics,5,256,1280,PayPal
6618,30,Connor Harper,rogersrussell@example.org,,Speaker,Photography,3,858,2574,Cash
6619,52,Scott Acosta,johnsonmonica@example.net,2025-04-24,Camera,Accessories,1,322,322,Cash
6620,63,Christopher Wallace,zacharygonzalez@example.net,2024-11-29,Speaker,Accessories,3,30,90,Cash
6621,26,Dustin Adams,ruizalbert@example.org,2025-04-07,Tablet,Photography,3,164,492,PayPal
6622,40,Joshua Simmons,cynthiayoung@example.net,2024-07-03,Mouse,Accessories,5,1383,6915,Cash
6623,61,Deborah Lopez,welchsara@example.net,2025-01-28,Webcam,Photography,1,875,875,PayPal
6624,67,,penarobert@example.org,,Laptop,Photography,5,437,2185,PayPal
6625,45,Crystal Lowery,adamwilson@example.com,2024-12-30,Headphones,Electronics,4,754,3016,Credit Card
6626,42,Joshua Osborne,aaron69@example.org,2024-05-15,Laptop,Accessories,2,798,1596,Cash
6627,60,Sarah White,aaron96@example.net,2025-09-13,Smartphone,Accessories,4,1181,4724,PayPal
6628,42,William Brady,kcowan@example.com,2024-04-09,Camera,Accessories,4,482,1928,Cash
6629,66,Jennifer Brown,lorirussell@example.com,2025-05-23,Printer,Accessories,4,27,108,Credit Card
6630,32,,alexandria30@example.org,2025-05-29,Printer,Electronics,3,746,2238,PayPal
6631,44,Michael Larson,yanglinda@example.org,2024-06-17,Keyboard,Accessories,5,1177,5885,PayPal
6632,42,Ethan Gibson,sarahkirk@example.com,2025-01-16,Camera,Electronics,2,243,486,PayPal
6633,33,Eric Patterson,qrios@example.org,2025-05-30,Printer,Accessories,4,1393,5572,Credit Card
6634,25,Karen Love,charlesnelson@example.net,2024-05-25,Monitor,Electronics,1,237,237,PayPal
6635,32,Sara Phillips,weekssheri@example.net,2024-10-12,Printer,Electronics,3,1307,3921,Cash
6636,37,Mary Smith,steven04@example.net,2024-09-10,Camera,Accessories,4,541,2164,PayPal
6637,46,Kristina Williams,jeffersontimothy@example.org,2025-04-19,Smartphone,Photography,2,913,1826,Credit Card
6638,60,Jorge Williams,brennandustin@example.com,2024-11-29,Mouse,Accessories,,536,0,Credit Card
6639,25,Kent Williams,pricebrandi@example.org,2025-06-03,Smartphone,Accessories,2,776,1552,PayPal
6640,68,Janet Fletcher,novakmegan@example.org,2025-04-19,Laptop,Electronics,,514,0,Cash
6641,27,Mr. Chad Hoover,veronicavalentine@example.net,2024-08-03,Monitor,Accessories,3,854,2562,PayPal
6642,30,Bobby Lambert,john55@example.org,2024-12-21,Tablet,Photography,5,1372,6860,Cash
6643,61,Joshua Martin,sanchezcourtney@example.org,2026-01-21,Keyboard,Accessories,5,161,805,Cash
6644,32,Joseph Cooper,marthadominguez@example.org,2024-04-27,Keyboard,Accessories,1,956,956,PayPal
6645,28,Kristina Huffman,rochajacob@example.net,2025-10-19,Printer,Accessories,1,793,793,Cash
6646,51,Margaret Alexander,mccoycrystal@example.net,2024-03-23,Printer,Accessories,4,755,3020,Credit Card
6647,41,Terri Campbell,john33@example.com,2024-10-06,Printer,Accessories,3,311,933,Cash
6648,26,Sheila Carter,krystal05@example.net,2024-07-23,Laptop,Photography,1,376,376,Credit Card
6649,56,Morgan Garcia,hsalazar@example.org,2024-07-25,Headphones,Accessories,3,866,2598,Credit Card
6650,62,Evelyn Jones,xhall@example.com,2025-11-06,Mouse,Electronics,4,572,2288,Cash
6651,59,Mariah Wallace,madisonhardy@example.org,2024-08-29,Speaker,Electronics,4,685,2740,Credit Card
6652,20,Sheila Stokes,emooney@example.com,2026-01-04,Keyboard,Photography,3,620,1860,Credit Card
6653,60,Paul Cooper,irojas@example.org,2024-12-23,Tablet,Accessories,5,86,430,Cash
6654,28,Katrina Hoffman,jessica48@example.net,,Camera,Electronics,4,713,2852,Credit Card
6655,19,Lucas Wilson,qescobar@example.com,2024-06-09,Camera,Electronics,4,589,2356,Credit Card
6656,26,Brandon Hernandez,matthew24@example.net,2025-12-25,Speaker,Electronics,1,212,212,Credit Card
6657,52,William Thomas,pdavila@example.com,2025-12-01,Webcam,Electronics,2,1131,2262,Credit Card
6658,20,Steven Ortega,jenniferbradshaw@example.org,2025-05-26,Monitor,Accessories,4,1050,4200,PayPal
6659,50,Beth Hicks,drichards@example.org,2025-03-24,Printer,Accessories,4,449,1796,PayPal
6660,66,Ryan Hooper,erinweber@example.net,2025-11-08,Printer,Electronics,3,615,1845,Credit Card
6661,43,Connie Smith,williamsmatthew@example.com,2025-12-18,Laptop,Accessories,4,813,3252,Cash
6662,57,Christina Le,elliottgerald@example.org,2024-06-05,Headphones,Electronics,5,103,515,Cash
6663,53,Christine Rodriguez,lori21@example.net,2024-05-19,Speaker,Accessories,2,700,1400,Cash
6664,48,Kari Brown,samantha72@example.net,2025-04-19,Headphones,Electronics,3,329,987,Cash
6665,25,John Mendoza,james04@example.com,2024-04-12,Headphones,Photography,4,1087,4348,PayPal
6666,42,Jose Murphy,ruben37@example.net,2025-08-13,Webcam,Electronics,4,751,3004,Credit Card
6667,23,Kathleen Ward,bandrews@example.com,,Smartphone,Photography,5,1272,6360,Cash
6668,29,Barbara Stevenson,patriciadavis@example.com,2025-02-04,Smartphone,Accessories,2,87,174,PayPal
6669,28,Jason Hobbs,bobby85@example.org,2025-03-23,Mouse,Electronics,3,370,1110,Cash
6670,24,Chase Simon,madams@example.net,2026-01-26,Monitor,Electronics,4,1185,4740,Credit Card
6671,31,Debra Ball,virginiaharrington@example.com,,Smartphone,Electronics,1,1383,1383,Credit Card
6672,42,Shelby Ortega,faith33@example.net,2025-05-10,Laptop,Electronics,5,555,2775,PayPal
6673,52,,hayesheather@example.com,2025-05-26,Smartphone,Electronics,3,1456,4368,Cash
6674,58,Christopher Dorsey,eric72@example.net,,Printer,Accessories,2,766,1532,PayPal
6675,25,Dr. Kenneth Mccormick Jr.,ryanwilliams@example.org,2024-06-10,Mouse,Photography,5,308,1540,PayPal
6676,59,Alisha Wall,jeffreylee@example.com,2024-10-02,Printer,Photography,5,733,3665,PayPal
6677,19,Miranda Parsons,rjohnson@example.com,2025-10-01,Headphones,Accessories,2,111,222,Credit Card
6678,68,Mary Hernandez,sarah13@example.net,2026-01-14,Smartphone,Accessories,4,30,120,Cash
6679,58,Lucas Holmes,robertburnett@example.com,2024-10-08,Printer,Photography,3,608,1824,PayPal
6680,34,Rebecca Harris,misty92@example.net,2025-03-22,Keyboard,Accessories,3,784,2352,Credit Card
6681,38,Andrea Clark,amacias@example.com,2026-02-02,Speaker,Electronics,4,664,2656,Credit Card
6682,66,Katherine Lane MD,elizabeth38@example.com,2024-07-08,Laptop,Accessories,3,1245,3735,PayPal
6683,46,Raymond Woods,mcdonaldcourtney@example.net,2025-12-05,Smartphone,Electronics,3,347,1041,Cash
6684,20,Christopher Mitchell,brian20@example.net,2025-10-05,Mouse,Accessories,2,1228,2456,Credit Card
6685,27,Robert Moran,judywhite@example.com,2024-07-22,Tablet,Photography,1,588,588,PayPal
6686,22,Vicki Hunter,melissa83@example.net,2024-09-17,Headphones,Photography,,825,0,PayPal
6687,61,Andrew Lindsey,michael72@example.net,2025-06-11,Mouse,Electronics,5,641,3205,Cash
6688,50,Jacob Watkins,pdunn@example.net,2025-03-12,Keyboard,Accessories,4,492,1968,Credit Card
6689,20,Christina Lee,garrett76@example.com,,Webcam,Photography,3,1232,3696,Cash
6690,59,Gloria Hatfield,david04@example.org,2025-08-22,Mouse,Electronics,1,1320,1320,PayPal
6691,30,Daniel Torres,ulong@example.com,2024-03-08,Headphones,Photography,2,728,1456,Credit Card
6692,68,Tiffany Frederick,aharmon@example.com,,Smartphone,Accessories,3,1158,3474,Credit Card
6693,25,Erica Kelly,monroetimothy@example.net,2025-04-18,Laptop,Accessories,3,418,1254,PayPal
6694,19,Jared Hughes,sheri52@example.com,2025-03-29,Headphones,Electronics,2,782,1564,Cash
6695,30,John Gordon,aaron09@example.com,,Laptop,Accessories,3,940,2820,Cash
6696,39,Jessica Ellis,brittneystark@example.org,2024-08-09,Keyboard,Accessories,,1436,0,PayPal
6697,52,,qthomas@example.net,,Speaker,Electronics,3,1373,4119,Credit Card
6698,59,Stacy King,michelle04@example.com,2025-09-25,Camera,Accessories,2,75,150,Credit Card
6699,62,Kathleen Riley,schwartzsara@example.org,2025-02-04,Webcam,Accessories,1,53,53,Credit Card
6700,51,Christopher Schmidt,aaronmendez@example.com,2025-04-20,Laptop,Electronics,5,20,100,Credit Card
6701,69,Brian Mayo,jeanetteallen@example.org,2026-01-28,Keyboard,Photography,5,273,1365,Credit Card
6702,38,Kelly Sullivan,julie89@example.org,2024-05-25,Smartphone,Photography,2,918,1836,Cash
6703,51,David Gordon,sanchezeric@example.org,2025-03-03,Tablet,Photography,,232,0,PayPal
6704,36,William Hampton,waltersmaria@example.net,2024-03-16,Laptop,Photography,5,1280,6400,PayPal
6705,21,Roger Daniels,smartin@example.com,2025-04-22,Laptop,Photography,5,154,770,Cash
6706,68,Jill Watson,leonardlisa@example.org,2025-02-12,Headphones,Photography,2,1221,2442,Cash
6707,25,Cathy Foster,christophermitchell@example.org,,Monitor,Electronics,2,173,346,PayPal
6708,24,Paul Brown,jessica23@example.org,2025-02-19,Monitor,Accessories,3,1125,3375,PayPal
6709,18,Ryan Thompson,jacobskevin@example.net,2024-07-18,Laptop,Electronics,4,1456,5824,Credit Card
6710,53,Timothy Pena,mmontoya@example.net,,Webcam,Accessories,1,1050,1050,Credit Card
6711,62,Shawn Garcia,rowlandpatrick@example.org,2024-04-05,Webcam,Electronics,5,1384,6920,PayPal
6712,28,Amber Charles,tclarke@example.org,2024-10-15,Printer,Electronics,2,202,404,PayPal
6713,58,Mrs. Theresa Anderson MD,annaspencer@example.com,2024-08-31,Keyboard,Electronics,5,1001,5005,PayPal
6714,68,Cindy Bowers,rodneygardner@example.com,2024-06-01,Printer,Electronics,2,1381,2762,Cash
6715,47,William Maldonado,robert17@example.net,2025-11-26,Speaker,Photography,3,1417,4251,Credit Card
6716,41,Joe Gonzalez,garretthampton@example.net,,Headphones,Electronics,2,734,1468,PayPal
6717,65,Michael Braun,warnerpatricia@example.com,2024-06-06,Laptop,Accessories,5,1282,6410,Credit Card
6718,26,Lauren Guzman,thompsonryan@example.com,2025-10-11,Keyboard,Electronics,5,829,4145,Cash
6719,57,Michele Rodriguez,daniel82@example.org,2025-05-16,Camera,Electronics,5,876,4380,PayPal
6720,44,Kristine Williams,charles18@example.com,,Printer,Photography,5,509,2545,PayPal
6721,58,Eric West,msullivan@example.net,2024-03-28,Mouse,Accessories,5,1432,7160,PayPal
6722,63,Jennifer Fernandez,trandolph@example.org,2024-07-22,Webcam,Photography,5,397,1985,Credit Card
6723,25,Richard Anderson,zhill@example.org,2026-01-14,Webcam,Photography,4,1158,4632,Credit Card
6724,59,Erik Davis,kingjavier@example.com,2024-04-17,Keyboard,Accessories,5,174,870,Credit Card
6725,32,Teresa Perez,jamesglass@example.org,2025-08-15,Tablet,Accessories,4,378,1512,Credit Card
6726,55,Joel Frazier,valdezvalerie@example.com,2024-06-13,Printer,Photography,4,1293,5172,Credit Card
6727,25,Kimberly Osborn,joseph60@example.com,2024-04-12,Tablet,Photography,2,627,1254,Credit Card
6728,28,Monique West,hansonjacob@example.org,2025-07-30,Webcam,Photography,,875,0,Credit Card
6729,49,Maria Barnes,moorefrank@example.com,2025-02-13,Camera,Photography,4,161,644,Cash
6730,48,Stephanie Carter,ucastro@example.org,2025-02-12,Speaker,Accessories,2,799,1598,Cash
6731,29,Sharon Compton,haguilar@example.org,2026-01-22,Headphones,Electronics,3,197,591,Cash
6732,48,Paul Campbell,tina78@example.net,2025-01-10,Tablet,Electronics,1,1172,1172,Cash
6733,61,Cynthia Mcdonald,stanley23@example.org,2025-05-12,Mouse,Electronics,2,440,880,PayPal
6734,50,James Wheeler,smithbrooke@example.net,2025-08-28,Tablet,Photography,1,386,386,Cash
6735,44,Mrs. Maria Hughes,abigail04@example.com,2024-12-24,Keyboard,Accessories,3,427,1281,PayPal
6736,18,Christian Heath,jenniferwilliams@example.net,2025-02-07,Smartphone,Electronics,1,673,673,Credit Card
6737,67,Tammy Smith,oryan@example.org,2025-01-26,Smartphone,Electronics,3,1099,3297,PayPal
6738,24,Heather Francis,theresa12@example.net,2025-12-12,Monitor,Accessories,,228,0,Credit Card
6739,31,Scott Mclaughlin,riveralaura@example.com,,Webcam,Electronics,5,957,4785,Cash
6740,28,Caitlin Lewis,brucesanford@example.com,2025-11-05,Laptop,Accessories,3,259,777,Cash
6741,29,Wanda Smith PhD,cesar15@example.org,2025-06-16,Mouse,Accessories,2,157,314,Credit Card
6742,60,Andrew Finley,alexis58@example.org,2025-04-20,Tablet,Photography,1,204,204,Cash
6743,69,Olivia Wilkerson,bfoster@example.net,2025-03-04,Camera,Accessories,1,977,977,Credit Card
6744,40,Eugene Wells,castrokyle@example.net,2024-11-13,Speaker,Photography,2,181,362,PayPal
6745,56,Mark Boone,david53@example.org,2025-07-05,Camera,Photography,2,1230,2460,Cash
6746,38,,carolthompson@example.org,2026-01-27,Smartphone,Photography,5,601,3005,PayPal
6747,20,Patrick Roman,jstone@example.net,,Webcam,Accessories,3,929,2787,PayPal
6748,27,Kaitlyn Leonard,samanthabarnes@example.net,2024-09-06,Keyboard,Photography,4,531,2124,Cash
6749,61,Joseph Thompson,jacobrogers@example.net,,Monitor,Photography,3,730,2190,Cash
6750,56,Sarah Brooks,kellywilliams@example.net,,Speaker,Photography,1,1245,1245,Cash
6751,27,,edwardstheodore@example.net,2025-10-27,Smartphone,Photography,3,108,324,PayPal
6752,35,Adam Gonzalez,charlesparker@example.net,2024-04-19,Laptop,Accessories,1,196,196,Cash
6753,56,Russell Robinson,dschneider@example.com,2025-11-09,Printer,Electronics,2,443,886,Credit Card
6754,69,Austin Soto,thomasdoyle@example.com,2025-06-30,Mouse,Electronics,4,206,824,Credit Card
6755,65,Tiffany Richardson,ayalaamy@example.org,2024-03-25,Monitor,Electronics,2,1403,2806,Cash
6756,34,Mary Schultz,gilllaura@example.com,2024-11-05,Camera,Accessories,3,484,1452,PayPal
6757,18,Becky Simmons,amanda54@example.net,2025-08-11,Tablet,Photography,4,922,3688,Cash
6758,24,Lisa Taylor,pattersonrobert@example.org,,Webcam,Electronics,4,1428,5712,Cash
6759,51,Michael Smith,michael11@example.com,2024-10-31,Printer,Accessories,4,827,3308,Credit Card
6760,56,,xwood@example.org,2025-12-08,Tablet,Photography,2,1206,2412,Cash
6761,42,Jeanne Washington,wendyramirez@example.com,2024-06-27,Laptop,Photography,1,460,460,Credit Card
6762,54,Tracy Heath,richardmcdonald@example.net,,Webcam,Photography,5,243,1215,PayPal
6763,45,,jenniferhutchinson@example.org,2024-11-19,Mouse,Photography,5,970,4850,PayPal
6764,39,,pattersongina@example.com,,Keyboard,Photography,5,213,1065,Cash
6765,45,Zachary Wilson,brianmartinez@example.net,2026-01-14,Camera,Accessories,2,1148,2296,Cash
6766,41,John Moody,stephensondarren@example.org,2024-04-15,Tablet,Photography,5,1173,5865,Credit Card
6767,46,William Clark,zgarcia@example.net,2025-07-10,Monitor,Electronics,1,519,519,Credit Card
6768,62,Angela Greene,perezmolly@example.net,2024-10-25,Printer,Accessories,5,1359,6795,Cash
6769,45,Natalie Le,johnsontimothy@example.net,2024-06-25,Smartphone,Accessories,5,111,555,Cash
6770,64,Jason Stout,huntersutton@example.com,2025-06-23,Laptop,Photography,2,1392,2784,Credit Card
6771,46,Ana Bauer,bswanson@example.com,2024-06-10,Keyboard,Accessories,5,653,3265,Cash
6772,46,Traci Adams,mcintoshapril@example.net,2024-08-11,Mouse,Electronics,2,1391,2782,Credit Card
6773,53,Craig Combs,yjones@example.net,2024-11-26,Webcam,Electronics,3,174,522,PayPal
6774,69,Justin Fox,grayrobert@example.net,2025-06-02,Camera,Electronics,5,201,1005,Credit Card
6775,62,Adam Martinez,xliu@example.org,2025-01-24,Tablet,Accessories,3,867,2601,Credit Card
6776,41,Daniel Rogers,bdouglas@example.com,2025-11-29,Headphones,Electronics,1,43,43,Cash
6777,18,Donald Andrade,mathiskyle@example.org,2026-02-27,Printer,Accessories,3,713,2139,PayPal
6778,19,Kara Ali,james39@example.net,2025-04-25,Monitor,Accessories,3,1409,4227,PayPal
6779,60,Regina Horton,odunlap@example.org,2025-03-11,Headphones,Accessories,5,462,2310,Credit Card
6780,46,Abigail Ellis,plewis@example.net,2024-08-13,Headphones,Accessories,4,1402,5608,Cash
6781,59,Scott Haley,douglas69@example.org,2025-06-26,Printer,Electronics,1,1424,1424,Credit Card
6782,35,Melissa Lowery,davidwilliams@example.com,2025-06-11,Printer,Electronics,2,751,1502,Credit Card
6783,57,Natasha Young,abigail65@example.net,2025-11-09,Smartphone,Electronics,5,193,965,Credit Card
6784,38,Alexis Sanchez,parkerreed@example.org,2025-08-14,Printer,Electronics,4,445,1780,Credit Card
6785,48,Dr. Sandy Morgan DDS,howardtanya@example.com,2025-11-03,Speaker,Electronics,5,122,610,Cash
6786,32,Steven Mcbride,smithjohn@example.com,2024-05-26,Tablet,Photography,1,622,622,PayPal
6787,29,Kristina Scott,patricia32@example.org,2025-01-20,Tablet,Accessories,1,67,67,Credit Card
6788,51,Miss Janet Vasquez DDS,hscott@example.net,2025-01-03,Mouse,Accessories,1,356,356,PayPal
6789,25,Robin Sanchez,michaelmccullough@example.com,2024-07-15,Monitor,Electronics,5,348,1740,Cash
6790,23,Michael Campbell,robertfoster@example.com,2025-08-13,Tablet,Electronics,5,1471,7355,Credit Card
6791,25,Bryan Williams,wschmitt@example.org,2024-05-20,Mouse,Accessories,4,1105,4420,PayPal
6792,48,Paul Brown,phenderson@example.net,2025-09-26,Keyboard,Electronics,4,25,100,Credit Card
6793,26,Kayla Davis,alyssasanchez@example.net,2024-11-04,Laptop,Photography,1,1375,1375,PayPal
6794,67,Patrick Martin,ericanguyen@example.com,2024-04-09,Webcam,Electronics,3,277,831,PayPal
6795,52,Rickey Lopez,michelle99@example.net,2024-06-22,Tablet,Accessories,2,749,1498,Credit Card
6796,48,Aaron Hawkins,estradasandra@example.org,2024-11-27,Mouse,Electronics,1,1327,1327,Credit Card
6797,52,John Allen,ufritz@example.org,2025-05-11,Smartphone,Accessories,3,1090,3270,Cash
6798,22,Sydney West,pmurray@example.com,2024-10-05,Headphones,Accessories,5,1036,5180,Cash
6799,55,Veronica Ortiz,allenlinda@example.com,2024-04-20,Webcam,Electronics,1,254,254,PayPal
6800,62,Amanda Boone,ravenbaker@example.com,2025-09-10,Mouse,Electronics,4,708,2832,PayPal
6801,23,Andrea Gonzalez,vdawson@example.net,2024-10-20,Webcam,Electronics,3,706,2118,PayPal
6802,67,Donna Quinn,kellyjames@example.net,2025-09-30,Monitor,Accessories,3,127,381,PayPal
6803,38,Corey Oconnor,michaelparrish@example.com,2025-09-04,Monitor,Electronics,2,357,714,Cash
6804,53,Sarah Smith,helen90@example.com,2024-12-06,Speaker,Photography,1,1055,1055,PayPal
6805,29,Cynthia Ortiz,jennifernguyen@example.net,2025-12-01,Speaker,Electronics,1,287,287,PayPal
6806,63,,raymondbrown@example.com,2026-01-06,Headphones,Accessories,2,387,774,PayPal
6807,60,Patricia Thompson DDS,zmiller@example.com,2024-07-01,Monitor,Electronics,5,665,3325,Credit Card
6808,50,Tracey Yang,paulspencer@example.org,2026-02-09,Speaker,Accessories,1,1040,1040,Credit Card
6809,36,Ashley Smith,benjamin57@example.org,,Keyboard,Electronics,5,1142,5710,PayPal
6810,67,Victoria Daniels,tonyhudson@example.net,2025-06-12,Camera,Photography,,1260,0,Cash
6811,35,Shane Wilson,cisnerosjeanne@example.net,2024-07-19,Printer,Accessories,2,465,930,PayPal
6812,44,Andrew Fry,icrawford@example.net,2025-12-08,Camera,Accessories,1,1458,1458,Credit Card
6813,57,Dr. James Harvey DDS,bishopstephanie@example.com,2025-09-06,Tablet,Electronics,2,1282,2564,PayPal
6814,52,James Owen,aaronhart@example.net,2024-06-23,Speaker,Accessories,1,574,574,PayPal
6815,49,Mary Brown,fowlertheodore@example.org,2026-01-20,Smartphone,Photography,1,1174,1174,PayPal
6816,47,James Robinson,douglasharvey@example.com,2025-07-13,Webcam,Electronics,2,487,974,PayPal
6817,24,Steven Myers Jr.,padillajoseph@example.com,2025-01-01,Laptop,Accessories,3,1415,4245,PayPal
6818,60,Stephen Wood,tammycarter@example.org,2025-04-26,Headphones,Photography,5,1000,5000,Cash
6819,34,Jose Short,alvarezashley@example.com,2026-01-18,Camera,Electronics,2,1069,2138,Cash
6820,69,Dana Peters,ljackson@example.net,2024-02-29,Tablet,Photography,1,162,162,Credit Card
6821,35,Donna Hernandez,kristina59@example.net,2024-06-22,Printer,Accessories,5,769,3845,PayPal
6822,33,Tracy Singleton,yhatfield@example.net,2025-06-25,Laptop,Photography,3,1367,4101,Credit Card
6823,30,Adriana Williams,gutierrezbruce@example.net,,Tablet,Photography,1,143,143,Cash
6824,43,Curtis Duran,dwilson@example.org,2025-05-23,Webcam,Photography,1,894,894,Credit Card
6825,30,David Perez,burgessdavid@example.org,2024-09-28,Printer,Accessories,2,1085,2170,Cash
6826,39,Joseph Matthews,kathleengonzales@example.net,2025-08-11,Monitor,Photography,3,122,366,PayPal
6827,60,Angel Khan,burgessluis@example.net,2025-01-06,Headphones,Accessories,2,726,1452,Credit Card
6828,61,Jasmine Roberts,melissadavis@example.org,2026-01-01,Laptop,Electronics,2,441,882,Credit Card
6829,35,Jeffrey Tate,daviswilliam@example.org,2025-11-28,Speaker,Accessories,5,536,2680,PayPal
6830,65,Cody Martin,vjames@example.net,2024-05-23,Monitor,Accessories,1,797,797,Credit Card
6831,58,Kaitlyn Chapman,matthewjackson@example.net,2024-08-27,Tablet,Photography,3,691,2073,Credit Card
6832,25,Jennifer Stewart,jgamble@example.net,2025-04-06,Laptop,Accessories,3,1384,4152,PayPal
6833,65,Miguel Booker,warrenlisa@example.net,2025-11-22,Tablet,Photography,2,550,1100,Cash
6834,36,,james89@example.net,2024-05-15,Printer,Accessories,1,554,554,Cash
6835,64,Angela Solis,aprilkelly@example.org,2024-09-27,Keyboard,Electronics,,71,0,Cash
6836,24,April Reynolds,latoya38@example.org,2025-08-01,Mouse,Accessories,3,1356,4068,Credit Card
6837,43,Jamie Chavez,jamescross@example.net,2025-11-02,Laptop,Electronics,1,1369,1369,Credit Card
6838,44,Mark Garcia,vasquezantonio@example.net,2024-05-21,Laptop,Photography,4,1017,4068,Cash
6839,50,Stephanie Rose,powellolivia@example.net,2025-08-29,Smartphone,Photography,5,703,3515,Credit Card
6840,63,Patrick Hughes,leeraymond@example.net,,Laptop,Electronics,1,559,559,PayPal
6841,52,Patrick Knox,blakechristopher@example.org,2026-01-11,Headphones,Electronics,2,1427,2854,Cash
6842,18,Jonathan Pena,henrytracy@example.net,2024-11-13,Laptop,Electronics,1,1156,1156,PayPal
6843,46,Kaitlin Sanchez,smartinez@example.org,2024-04-30,Webcam,Electronics,5,869,4345,Credit Card
6844,25,,jesse01@example.com,2025-12-28,Tablet,Electronics,1,265,265,Cash
6845,43,John Gutierrez,tylerwood@example.net,2024-07-14,Laptop,Electronics,,1447,0,PayPal
6846,33,Randy Russell,arnoldkristina@example.com,,Mouse,Electronics,2,399,798,Credit Card
6847,70,Stephanie Smith,paulflores@example.net,2024-03-18,Headphones,Electronics,2,728,1456,PayPal
6848,42,Stephen Willis,bryan26@example.com,2025-09-04,Speaker,Photography,5,712,3560,PayPal
6849,56,Steven Rowe,ureilly@example.com,2025-03-08,Keyboard,Photography,2,1485,2970,Credit Card
6850,54,Kaitlin Brown,qestrada@example.org,2026-01-29,Keyboard,Photography,2,243,486,PayPal
6851,24,Angela Terry,kristindavis@example.net,2025-05-06,Mouse,Accessories,,188,0,Credit Card
6852,47,Jacob Koch,amandacooley@example.net,2025-08-24,Speaker,Accessories,1,930,930,PayPal
6853,65,Herbert Noble,jenniferanderson@example.org,,Tablet,Electronics,4,1310,5240,Cash
6854,26,Courtney Duncan,courtneymartinez@example.com,2025-10-02,Webcam,Accessories,4,344,1376,Cash
6855,35,Mr. Cody Freeman,eburton@example.net,2025-01-10,Mouse,Accessories,5,1041,5205,Cash
6856,26,Alex Brown,kimberly74@example.net,2025-10-03,Headphones,Electronics,1,530,530,PayPal
6857,40,Carlos Wells,kellybrandon@example.org,2024-11-11,Smartphone,Photography,5,337,1685,PayPal
6858,34,Robert Stone,gregjohnson@example.net,2024-08-05,Keyboard,Accessories,5,1213,6065,Credit Card
6859,68,Richard Greer,webstereric@example.com,2025-12-15,Smartphone,Electronics,5,211,1055,Cash
6860,64,Dustin Wise,michelle78@example.com,2025-08-22,Webcam,Photography,5,782,3910,PayPal
6861,44,Dennis Gonzalez,angela73@example.net,2024-12-08,Webcam,Accessories,2,50,100,PayPal
6862,36,Patrick Shelton,rmartinez@example.net,2024-09-29,Speaker,Photography,2,527,1054,Credit Card
6863,27,Dr. David Lyons,patrickarellano@example.net,2025-06-25,Smartphone,Accessories,4,104,416,PayPal
6864,37,,millerjeffery@example.net,2024-04-07,Printer,Accessories,3,457,1371,PayPal
6865,57,Katherine Hart,baileyrogers@example.net,2024-08-04,Monitor,Electronics,2,41,82,PayPal
6866,34,Emily Bell,ehardy@example.org,2025-09-21,Monitor,Photography,5,796,3980,Credit Card
6867,19,Jose Sharp,edwardssarah@example.org,2025-12-30,Speaker,Accessories,5,79,395,Credit Card
6868,56,Shelby Gonzalez,william35@example.org,2024-07-09,Keyboard,Accessories,3,73,219,Credit Card
6869,58,Victoria Carter,sandra47@example.com,2024-09-20,Printer,Photography,2,707,1414,PayPal
6870,54,Bianca Chase,grahamlarry@example.com,2025-04-08,Tablet,Accessories,3,972,2916,Cash
6871,32,Benjamin Oliver,mason84@example.com,2025-09-11,Monitor,Photography,1,1259,1259,Credit Card
6872,67,Sheila Wilcox,gberg@example.org,2025-01-04,Speaker,Photography,5,92,460,Credit Card
6873,30,Hannah Colon,carolyn86@example.net,2025-04-22,Keyboard,Photography,2,915,1830,PayPal
6874,59,Luke Gallegos,eric33@example.org,2024-06-03,Headphones,Photography,1,565,565,Cash
6875,45,Sydney Bennett,ronaldjackson@example.net,2025-10-14,Mouse,Electronics,3,213,639,PayPal
6876,48,James Thompson,graceguzman@example.org,2025-07-27,Laptop,Accessories,4,829,3316,Credit Card
6877,57,Jeremy Finley,travis03@example.net,2025-06-02,Printer,Electronics,4,890,3560,Cash
6878,58,Daniel Hinton,robert08@example.net,2025-10-24,Camera,Accessories,2,981,1962,Credit Card
6879,48,Ashley Kelley,martincatherine@example.net,2025-12-21,Monitor,Electronics,4,1334,5336,PayPal
6880,68,Jessica Thompson,john02@example.com,2024-12-03,Headphones,Accessories,4,223,892,PayPal
6881,30,Sharon Walters,cookwilliam@example.org,2024-08-24,Webcam,Electronics,5,844,4220,Credit Card
6882,64,Susan Walker,michaelmason@example.net,2024-12-03,Mouse,Accessories,4,1133,4532,PayPal
6883,65,Theresa Diaz,showe@example.net,2025-01-16,Tablet,Accessories,,1240,0,Credit Card
6884,59,Andrew Mathews,gford@example.org,2024-12-19,Speaker,Photography,,635,0,Cash
6885,60,Justin Hall,georgehannah@example.com,2026-02-11,Headphones,Electronics,2,154,308,Credit Card
6886,67,Tracy Jones,christinebaldwin@example.com,2025-10-05,Webcam,Accessories,4,367,1468,Credit Card
6887,42,David Rodriguez,castillolawrence@example.org,2025-03-19,Speaker,Accessories,4,479,1916,Cash
6888,61,Timothy Morgan,ahicks@example.net,2025-09-10,Printer,Photography,2,76,152,PayPal
6889,60,Darlene James,nicholas46@example.net,2025-10-15,Laptop,Accessories,,979,0,Cash
6890,67,Kirk Simmons,valeriebell@example.org,2024-05-26,Speaker,Electronics,1,1032,1032,PayPal
6891,36,Alexandra Jackson,adamspeter@example.com,2025-08-23,Camera,Accessories,1,1497,1497,PayPal
6892,33,Jennifer Smith,rperez@example.com,2024-07-03,Laptop,Accessories,1,507,507,PayPal
6893,56,Holly Martinez,peggysherman@example.org,,Monitor,Photography,,305,0,Credit Card
6894,57,Christopher Davies,mhurley@example.org,2024-08-10,Speaker,Photography,5,184,920,Cash
6895,51,Joseph Hinton,goodwinchristy@example.com,2025-08-20,Laptop,Accessories,2,864,1728,PayPal
6896,48,David Sanford,lritter@example.org,2024-10-23,Webcam,Photography,1,1214,1214,Credit Card
6897,60,Donna Brown,shawkins@example.org,,Webcam,Photography,3,51,153,PayPal
6898,67,Nicole Leonard,rperry@example.net,2025-04-20,Keyboard,Accessories,3,761,2283,Credit Card
6899,29,Jasmine King,andreramirez@example.net,2024-09-13,Headphones,Electronics,4,23,92,Credit Card
6900,30,Joshua Williams,tturner@example.com,2025-07-17,Printer,Electronics,3,781,2343,Cash
6901,22,Ann Chapman,bentleygabriela@example.org,2025-08-15,Speaker,Accessories,1,1031,1031,Cash
6902,29,Timothy Gates,kaylastone@example.org,,Printer,Electronics,2,361,722,Cash
6903,69,Mary Chase,yangkyle@example.net,2025-09-03,Webcam,Accessories,5,606,3030,Cash
6904,26,Kristina Velasquez,garciaelizabeth@example.net,2025-08-01,Keyboard,Accessories,4,879,3516,PayPal
6905,23,Barbara Johnson,leviglenn@example.org,,Headphones,Photography,1,1336,1336,Cash
6906,24,Melissa Price,millerkim@example.org,2024-04-07,Monitor,Electronics,5,1075,5375,Credit Card
6907,48,Justin Kim,hollyanderson@example.org,,Headphones,Accessories,3,1065,3195,Credit Card
6908,68,Charles Bryant II,urivera@example.org,2025-03-06,Monitor,Accessories,4,422,1688,PayPal
6909,37,Savannah Brady,donaldbaker@example.com,2025-06-18,Monitor,Accessories,3,855,2565,Cash
6910,68,Ellen Perez,allenkenneth@example.net,2024-09-01,Printer,Electronics,4,1381,5524,Cash
6911,61,Stacey Hill,lorismith@example.org,2025-12-03,Headphones,Accessories,5,217,1085,Credit Card
6912,24,William Warren,hjones@example.org,2025-03-22,Keyboard,Electronics,4,351,1404,Credit Card
6913,40,Christy Shepherd,michael97@example.com,2026-02-26,Keyboard,Electronics,5,1138,5690,Credit Card
6914,29,Eric Olson,teresa45@example.org,2024-08-03,Tablet,Accessories,1,975,975,Credit Card
6915,19,James Wilson,crystalthomas@example.org,2025-04-15,Mouse,Electronics,1,865,865,PayPal
6916,18,Lisa Smith,tannersteven@example.org,2025-01-27,Smartphone,Accessories,1,223,223,Cash
6917,40,Pedro Wade,omeyer@example.net,2025-10-07,Monitor,Photography,2,1184,2368,Cash
6918,54,Charles Goodwin,harrellbenjamin@example.com,,Speaker,Electronics,5,31,155,Credit Card
6919,66,Robert Randall,anthonyedwards@example.org,2025-11-26,Printer,Accessories,3,928,2784,PayPal
6920,36,Keith Coleman,timothycain@example.com,2024-08-24,Printer,Accessories,,1073,0,Credit Card
6921,69,Heidi Compton,mosleystephanie@example.com,,Tablet,Electronics,2,1273,2546,Credit Card
6922,60,David Henderson,bishopchristopher@example.org,2025-08-05,Printer,Electronics,3,549,1647,Credit Card
6923,43,Stephanie White,ramirezcatherine@example.org,2026-01-28,Printer,Accessories,4,386,1544,Credit Card
6924,45,Willie Bradley,ethomas@example.net,2025-11-27,Tablet,Electronics,5,905,4525,Credit Card
6925,56,Angelica Brown,gonzalesjohn@example.net,2024-08-19,Webcam,Electronics,5,1137,5685,Credit Card
6926,52,Garrett Diaz,dominiquegutierrez@example.org,,Smartphone,Electronics,2,689,1378,Credit Card
6927,24,Sharon Gould,tammykirk@example.org,2024-12-13,Monitor,Accessories,3,1147,3441,PayPal
6928,22,Michael Lopez,davisdennis@example.net,2026-02-04,Printer,Photography,,1011,0,Cash
6929,70,Christina Conrad,phillipsthomas@example.net,2025-09-27,Smartphone,Photography,1,833,833,Credit Card
6930,52,Joseph Martinez,qgarrett@example.org,,Camera,Accessories,2,1239,2478,Credit Card
6931,55,Tammy Nguyen,cassandra15@example.org,2025-10-13,Monitor,Photography,5,86,430,Credit Card
6932,67,Anthony Gonzalez,gfisher@example.com,2025-12-19,Keyboard,Accessories,1,1428,1428,PayPal
6933,56,Michelle Jones,gregory93@example.org,2024-03-09,Headphones,Electronics,5,1073,5365,Credit Card
6934,32,Jessica Jensen,lisa92@example.net,2024-12-21,Tablet,Electronics,2,1461,2922,Credit Card
6935,61,William Fox,kimashley@example.org,2024-05-24,Webcam,Accessories,3,476,1428,PayPal
6936,50,Ashley Hill,brandonkhan@example.com,2025-03-05,Headphones,Photography,3,623,1869,PayPal
6937,18,Mark Webster,ronald06@example.com,2024-08-04,Printer,Photography,1,35,35,PayPal
6938,45,Melvin Shelton,jstanton@example.com,2025-05-31,Headphones,Accessories,1,688,688,Credit Card
6939,57,,hernandezsteven@example.org,2025-08-18,Speaker,Photography,2,255,510,PayPal
6940,47,Robert Rodriguez,jeremyerickson@example.com,2025-11-03,Monitor,Accessories,1,1376,1376,PayPal
6941,37,Danielle Williams,amber76@example.com,,Mouse,Accessories,3,134,402,Credit Card
6942,46,William Parsons,bmyers@example.org,2025-08-25,Camera,Photography,5,594,2970,Cash
6943,56,Angela Mcclain,conniejackson@example.com,2025-05-09,Tablet,Electronics,1,62,62,Cash
6944,69,Jeffrey Kelley,hfitzpatrick@example.org,2024-11-30,Camera,Photography,,1257,0,Credit Card
6945,38,Matthew Elliott,ryanpowers@example.org,2025-06-21,Smartphone,Accessories,2,761,1522,PayPal
6946,22,Heidi Pineda,hughescarla@example.org,2025-09-01,Keyboard,Electronics,1,490,490,PayPal
6947,48,Nancy West,obennett@example.com,2025-10-16,Laptop,Electronics,4,1329,5316,Credit Card
6948,61,Adrian Dixon,tylerjames@example.org,2025-11-29,Speaker,Electronics,1,611,611,PayPal
6949,55,Thomas Johnson,clarkadrian@example.com,2025-12-11,Tablet,Electronics,1,1201,1201,Cash
6950,69,Christopher Castaneda,wangnatasha@example.com,,Speaker,Electronics,1,1348,1348,PayPal
6951,23,Rachel Craig,kellymurray@example.net,2025-06-08,Webcam,Electronics,4,1369,5476,Cash
6952,47,Edward Park,zachary56@example.org,2025-03-07,Printer,Photography,2,1162,2324,Credit Card
6953,32,Larry Curtis,mark98@example.com,2025-10-14,Monitor,Electronics,3,443,1329,Credit Card
6954,33,Angel Sweeney,pcastillo@example.net,2024-10-26,Keyboard,Accessories,4,1495,5980,Credit Card
6955,38,Yolanda Leach,jenniferbishop@example.net,2025-10-17,Smartphone,Photography,5,1458,7290,Cash
6956,60,Helen Johnson,twagner@example.net,2024-04-06,Headphones,Photography,1,456,456,PayPal
6957,30,Stephanie Carter,jasonlambert@example.net,,Webcam,Photography,3,63,189,Credit Card
6958,23,Eric Smith,qguzman@example.net,,Headphones,Photography,2,1202,2404,Credit Card
6959,32,Brianna Robertson,clinton31@example.net,,Smartphone,Photography,2,905,1810,Cash
6960,20,Colleen Edwards,david32@example.net,2026-01-01,Printer,Accessories,3,1150,3450,PayPal
6961,63,Cristina Barnes,richardbutler@example.org,2024-08-30,Monitor,Photography,4,227,908,Credit Card
6962,31,Joseph Hanson,buckleyjoshua@example.net,2025-10-13,Speaker,Photography,3,715,2145,Credit Card
6963,65,Alan Wilson,stephaniesmith@example.net,2025-06-21,Camera,Electronics,,721,0,Credit Card
6964,34,Jody Brown,ccalhoun@example.com,2025-10-20,Smartphone,Accessories,2,623,1246,PayPal
6965,28,Dylan Fisher,amanda44@example.com,2025-12-23,Headphones,Accessories,1,1061,1061,Credit Card
6966,25,Mary Foster,xbriggs@example.net,2025-09-02,Tablet,Photography,4,528,2112,Credit Card
6967,23,Michael Conway,ananelson@example.org,2025-02-15,Mouse,Photography,2,341,682,Cash
6968,69,Jamie Moon,melinda33@example.net,2025-10-16,Keyboard,Photography,3,1090,3270,Cash
6969,64,Kristine Fields,uhouston@example.com,2026-02-08,Keyboard,Photography,4,1498,5992,Credit Card
6970,49,Tara Thomas,collinselizabeth@example.net,2025-07-19,Tablet,Electronics,3,683,2049,Cash
6971,52,Kenneth Powell,morriserica@example.net,2024-10-21,Printer,Accessories,3,1094,3282,Cash
6972,58,Stephanie Wilson,brownbrooke@example.com,2024-03-02,Laptop,Electronics,1,630,630,PayPal
6973,51,Luke Williams,cbolton@example.org,2024-12-21,Webcam,Photography,3,1195,3585,Credit Card
6974,35,Gilbert Miller,jamesjordan@example.com,2025-07-23,Smartphone,Accessories,3,731,2193,Credit Card
6975,32,Katie Washington,wilcoxmichael@example.net,2024-06-22,Headphones,Electronics,4,824,3296,Cash
6976,29,,harmonelizabeth@example.net,2025-01-22,Laptop,Photography,1,1472,1472,Credit Card
6977,23,Samuel Mejia,petersonsherri@example.org,2024-05-08,Laptop,Electronics,5,733,3665,Credit Card
6978,40,Stephanie Tran,alexis86@example.org,2025-07-08,Keyboard,Accessories,4,925,3700,PayPal
6979,21,Adam James,hnewton@example.org,2025-05-12,Mouse,Accessories,1,51,51,Credit Card
6980,37,Vincent Harris,ewilson@example.org,2025-07-15,Headphones,Electronics,2,1276,2552,Credit Card
6981,70,Rachel Thomas,downsdana@example.com,2025-01-16,Laptop,Electronics,4,583,2332,PayPal
6982,42,Brendan Huber,mwest@example.com,,Monitor,Photography,3,613,1839,PayPal
6983,22,Robert James,xthomas@example.org,2025-04-20,Mouse,Electronics,4,949,3796,Credit Card
6984,38,Christina Moore,david86@example.org,2024-09-23,Camera,Photography,1,1295,1295,Cash
6985,53,,ubean@example.com,,Printer,Accessories,2,1154,2308,PayPal
6986,56,Monica Anderson,leslie98@example.org,2024-03-01,Camera,Accessories,3,139,417,Credit Card
6987,66,Dr. William Brown MD,andrew34@example.com,2024-10-17,Tablet,Accessories,1,1095,1095,Credit Card
6988,27,Nicholas Garcia,ryangallagher@example.org,2024-09-06,Tablet,Photography,3,1238,3714,PayPal
6989,35,Caitlin Murphy,cunninghamchristopher@example.com,2024-06-09,Printer,Accessories,2,1413,2826,Credit Card
6990,34,Todd Jacobs,carrieclark@example.net,2025-03-19,Smartphone,Accessories,2,1349,2698,Cash
6991,62,Donna Hernandez,carolinegray@example.org,2024-09-11,Headphones,Photography,4,1441,5764,Credit Card
6992,51,Calvin Phillips,alexaramirez@example.com,2025-12-07,Laptop,Accessories,1,793,793,PayPal
6993,24,Michael Liu,orozcomichael@example.com,2024-06-15,Camera,Photography,3,982,2946,PayPal
6994,64,Victor Hughes,ohaynes@example.com,2025-03-17,Headphones,Electronics,1,940,940,PayPal
6995,64,Robert Bates,michelle32@example.net,2024-07-18,Monitor,Photography,3,1417,4251,PayPal
6996,57,Jason Whitney,philliphamilton@example.com,2024-11-06,Mouse,Photography,4,616,2464,PayPal
6997,63,Sherry Pierce,bthomas@example.org,2025-04-06,Camera,Electronics,4,1161,4644,PayPal
6998,48,David Young MD,phillipharmon@example.org,2024-12-31,Keyboard,Accessories,5,149,745,Credit Card
6999,52,Nicholas Martinez,nellis@example.net,2024-06-29,Smartphone,Accessories,3,460,1380,Credit Card
7000,35,Kenneth Thornton,heatherhenry@example.org,2024-05-12,Keyboard,Accessories,1,994,994,Credit Card
7001,57,Andrew Brown,ashley27@example.net,2025-10-08,Keyboard,Electronics,,24,0,Credit Card
7002,59,Brian Knox,anthonyduncan@example.net,2026-01-10,Tablet,Electronics,1,1409,1409,PayPal
7003,56,Amanda Martinez,llambert@example.com,2025-12-15,Headphones,Accessories,2,414,828,Credit Card
7004,28,Keith Wilson,mendozaamy@example.com,2026-02-11,Smartphone,Electronics,2,626,1252,Credit Card
7005,32,Michelle Henry,rjones@example.com,2025-09-25,Camera,Accessories,2,1442,2884,Credit Card
7006,61,Mia Roy,grantjoyce@example.org,,Laptop,Accessories,3,1304,3912,Cash
7007,33,Tasha Stevenson,imolina@example.org,2025-08-19,Tablet,Accessories,2,723,1446,PayPal
7008,55,Christopher Rodriguez,webermichael@example.org,,Printer,Photography,5,1038,5190,Credit Card
7009,47,Christine Hall,torrescarmen@example.org,2025-08-07,Monitor,Photography,5,671,3355,Credit Card
7010,26,Jeremy Martinez,francisco59@example.com,2024-07-07,Camera,Accessories,5,1422,7110,PayPal
7011,21,Lori Graves,charlesclay@example.net,2025-09-28,Laptop,Photography,1,1047,1047,Cash
7012,32,Brian Gill,kevinharper@example.net,2026-01-27,Camera,Accessories,5,70,350,Credit Card
7013,70,Kelly Mills,andrew05@example.com,2024-12-21,Webcam,Photography,1,1194,1194,PayPal
7014,38,Stephanie Grant,henryryan@example.com,2024-09-09,Printer,Photography,1,751,751,PayPal
7015,45,Brittany Shaffer,mary55@example.org,2024-10-20,Speaker,Electronics,3,265,795,PayPal
7016,34,Jennifer Johnson,osbornerose@example.org,2024-12-22,Keyboard,Photography,1,375,375,Credit Card
7017,21,Jessica Stokes,nriddle@example.net,2025-09-19,Monitor,Electronics,1,840,840,Cash
7018,49,Aaron Brown,lynnstephanie@example.net,2025-03-04,Laptop,Photography,4,916,3664,PayPal
7019,37,Ryan Wade,dturner@example.com,2025-11-21,Smartphone,Photography,4,1291,5164,PayPal
7020,19,Marcus Stafford,nicholasbecker@example.com,2025-06-19,Headphones,Photography,4,524,2096,Cash
7021,57,,moorecrystal@example.net,2025-11-29,Headphones,Accessories,1,271,271,PayPal
7022,38,Cody Romero DDS,nancyrowland@example.org,2025-11-05,Keyboard,Accessories,1,1396,1396,PayPal
7023,24,Victoria Brown,taylorandre@example.com,2025-02-14,Laptop,Photography,2,1433,2866,PayPal
7024,31,Melissa Gentry,drodriguez@example.com,2025-04-03,Laptop,Electronics,3,462,1386,Cash
7025,38,Raymond Nichols,jeremybowers@example.com,2026-02-19,Camera,Photography,3,698,2094,PayPal
7026,42,Joel Allen,huntdana@example.org,2025-09-21,Camera,Accessories,2,1176,2352,Cash
7027,47,Alan Ibarra,danabaker@example.org,2025-07-20,Headphones,Photography,4,885,3540,PayPal
7028,51,Terrance Silva,diazanthony@example.org,,Laptop,Accessories,4,1057,4228,Cash
7029,70,Matthew Johnson,imarshall@example.org,2025-07-28,Webcam,Electronics,2,1099,2198,Cash
7030,19,Laura Grimes,esparzarenee@example.net,2024-09-18,Keyboard,Accessories,4,666,2664,Cash
7031,20,Robert Jarvis,derrickjoseph@example.com,,Monitor,Electronics,1,882,882,Cash
7032,44,Mary Gonzalez,markgarza@example.org,2025-11-04,Monitor,Accessories,2,946,1892,Credit Card
7033,59,Dennis Nguyen,jonathan13@example.org,2024-11-25,Monitor,Electronics,4,952,3808,Credit Card
7034,53,Scott Pineda,brandilandry@example.com,2024-12-19,Mouse,Electronics,4,192,768,Credit Card
7035,54,Kelly Mcguire,owallace@example.org,2025-07-09,Tablet,Accessories,2,343,686,PayPal
7036,41,Mary Parker,rebecca60@example.net,2025-12-01,Speaker,Electronics,4,1056,4224,Credit Card
7037,18,Paul Luna,wilsonrebecca@example.com,2025-03-28,Mouse,Electronics,2,718,1436,Credit Card
7038,19,Emily Nelson,heatherhall@example.org,2024-08-15,Camera,Accessories,1,590,590,Cash
7039,60,Allison Tyler,bhunter@example.org,2026-01-27,Laptop,Photography,5,261,1305,PayPal
7040,35,Susan Waters,jessica14@example.net,2026-01-07,Printer,Photography,2,1414,2828,Cash
7041,46,Shane Matthews,brittanychristensen@example.net,2025-07-24,Camera,Accessories,5,1041,5205,PayPal
7042,61,,vanessareyes@example.org,2025-08-08,Camera,Photography,5,598,2990,Cash
7043,45,Richard Craig,nmills@example.net,2025-10-14,Monitor,Photography,4,218,872,Cash
7044,56,Daniel Rogers,floresmia@example.org,2024-06-23,Keyboard,Electronics,1,915,915,Credit Card
7045,18,Jose Johnson,tonya78@example.net,2025-10-30,Printer,Accessories,1,96,96,Credit Card
7046,40,Christopher Hartman,hsolis@example.net,2025-05-15,Camera,Accessories,5,318,1590,Credit Card
7047,38,Carolyn Wagner,daniel75@example.org,2025-02-20,Speaker,Photography,4,629,2516,Cash
7048,32,Thomas Cabrera,pamela09@example.org,2024-11-09,Smartphone,Accessories,5,1336,6680,PayPal
7049,30,Robin Carlson,crystalflynn@example.org,2025-10-21,Keyboard,Accessories,4,1068,4272,Cash
7050,40,,ballardchristina@example.com,2024-11-15,Printer,Accessories,5,377,1885,Credit Card
7051,58,Russell Burke,anthony78@example.com,2024-04-01,Mouse,Electronics,5,816,4080,PayPal
7052,56,Debra Thompson,vsims@example.org,2024-12-14,Laptop,Photography,3,23,69,Credit Card
7053,31,Natasha Reed,emejia@example.com,2025-09-29,Headphones,Electronics,3,1253,3759,Credit Card
7054,62,Kimberly Bruce,morganalejandro@example.net,2025-09-24,Headphones,Accessories,1,582,582,Credit Card
7055,52,Brian Rios,stephenyoung@example.com,2025-08-21,Monitor,Photography,2,1295,2590,Cash
7056,31,Donald Barber,marywheeler@example.org,2025-09-09,Smartphone,Photography,3,1251,3753,Credit Card
7057,63,Zachary Ferguson,tonyawerner@example.org,2026-02-09,Speaker,Photography,4,940,3760,Cash
7058,48,Brenda Garcia,jcannon@example.org,2025-06-03,Printer,Photography,4,1222,4888,PayPal
7059,49,Leslie Thomas MD,wesleybyrd@example.org,2024-08-07,Tablet,Accessories,5,1179,5895,Credit Card
7060,23,Rita Price,kirbytroy@example.org,2025-01-24,Laptop,Accessories,2,154,308,Credit Card
7061,23,Daniel Holland,josephsilva@example.org,2025-01-02,Headphones,Photography,2,888,1776,Cash
7062,26,Ralph Young,kylejones@example.org,2025-12-09,Smartphone,Electronics,1,1212,1212,Cash
7063,64,Leah Brady,michaelmorgan@example.org,2025-04-03,Camera,Electronics,5,895,4475,Cash
7064,31,Christopher Rubio,geoffrey88@example.com,2025-07-10,Mouse,Electronics,4,1115,4460,Cash
7065,22,Michael Johnson,erikamejia@example.org,2024-05-02,Tablet,Photography,5,960,4800,Cash
7066,28,Jasmine Perry,drussell@example.org,2025-08-15,Headphones,Electronics,4,533,2132,Cash
7067,29,Tamara Hebert,christina84@example.com,2025-02-23,Laptop,Photography,3,677,2031,Credit Card
7068,52,Caleb Martin,cdalton@example.net,2024-03-10,Monitor,Electronics,3,1057,3171,Cash
7069,61,Erika Cook,keithnelson@example.net,2026-02-13,Mouse,Electronics,3,359,1077,Cash
7070,64,Ashley Carroll,michael69@example.com,2024-08-08,Printer,Accessories,2,621,1242,Credit Card
7071,67,Sharon Williams,laura54@example.org,2025-01-08,Camera,Photography,5,805,4025,PayPal
7072,33,Christopher Little,wkelley@example.net,2024-05-15,Printer,Accessories,1,414,414,PayPal
7073,45,Renee Rodriguez,patriciacurry@example.org,2025-07-30,Laptop,Electronics,3,321,963,Credit Card
7074,44,Robin Morgan,qmartin@example.com,2025-05-15,Keyboard,Photography,2,1396,2792,Cash
7075,63,Jeffrey Randolph,allenraven@example.org,2024-03-09,Mouse,Accessories,4,99,396,Cash
7076,45,Ashley Warren,william91@example.net,2025-11-23,Tablet,Electronics,5,543,2715,Credit Card
7077,60,Donald Spencer,pzamora@example.org,,Laptop,Photography,5,425,2125,PayPal
7078,69,Grant Woods,birdkevin@example.org,2024-04-26,Speaker,Electronics,4,1331,5324,PayPal
7079,36,Jamie Martinez,josephsanchez@example.com,2025-11-28,Camera,Electronics,3,142,426,Credit Card
7080,28,Robert Cox,hbarton@example.net,2024-10-28,Laptop,Accessories,5,268,1340,Credit Card
7081,21,,kelseycunningham@example.com,2024-04-12,Camera,Accessories,2,668,1336,Credit Card
7082,33,John Berg,laurentucker@example.com,2024-05-22,Webcam,Accessories,3,633,1899,Credit Card
7083,19,Christine Lee,gentrynoah@example.com,2025-08-13,Monitor,Electronics,1,1484,1484,PayPal
7084,45,Crystal Clark,waynejones@example.net,2024-05-26,Camera,Electronics,4,650,2600,PayPal
7085,54,Taylor Williams,debbie84@example.com,2024-03-28,Tablet,Photography,2,145,290,PayPal
7086,43,Danielle Smith,tammie42@example.net,,Mouse,Accessories,4,878,3512,PayPal
7087,39,Megan Evans,bartondavid@example.net,2025-08-11,Speaker,Electronics,5,658,3290,PayPal
7088,25,Aaron Bennett,lindseyalvarez@example.com,2025-07-01,Mouse,Electronics,5,44,220,Cash
7089,57,Richard Mitchell,kimberlymorrison@example.com,2026-01-30,Monitor,Electronics,3,1090,3270,Credit Card
7090,63,Jim Bentley,gomezelizabeth@example.org,2024-12-02,Webcam,Accessories,5,155,775,Credit Card
7091,43,James Andrews,robertfrederick@example.org,2025-11-19,Tablet,Electronics,1,1394,1394,PayPal
7092,51,Kiara Huffman,jonathangraves@example.net,2024-09-17,Webcam,Accessories,3,732,2196,Cash
7093,18,Paul Wise,fwong@example.com,2025-10-03,Mouse,Accessories,2,893,1786,Credit Card
7094,56,Stephen Clark,kevin22@example.com,2025-03-11,Keyboard,Photography,5,507,2535,Credit Card
7095,37,Jordan Coffey,heather11@example.org,2025-01-14,Keyboard,Electronics,3,643,1929,PayPal
7096,33,Debra Johnson,zschultz@example.com,,Keyboard,Electronics,3,502,1506,PayPal
7097,59,Belinda Woodard,heather32@example.com,2024-03-25,Tablet,Photography,3,303,909,Credit Card
7098,39,Michael White,matthew21@example.net,,Webcam,Electronics,4,1110,4440,PayPal
7099,57,Brian Fox,taylorleah@example.org,2024-05-29,Smartphone,Accessories,1,55,55,Cash
7100,50,Dr. Brian Maldonado,fcrawford@example.net,2025-10-12,Camera,Photography,5,357,1785,Credit Card
7101,20,Wanda Lang,iwoodward@example.net,2025-08-08,Monitor,Accessories,5,705,3525,Cash
7102,55,Jennifer Ochoa,haleylopez@example.net,2025-10-14,Camera,Photography,2,191,382,Credit Card
7103,31,Linda Orr,murphyjessica@example.net,2024-12-04,Tablet,Accessories,2,214,428,PayPal
7104,65,Debra Key,joannafreeman@example.net,2025-11-22,Mouse,Photography,1,514,514,Credit Card
7105,49,Daniel Vargas,banderson@example.com,,Speaker,Accessories,5,1313,6565,Credit Card
7106,37,Kenneth Williams,stacy11@example.com,2026-02-27,Printer,Electronics,2,545,1090,Cash
7107,63,Michael Bernard,morganshaw@example.com,2024-09-09,Speaker,Accessories,5,1086,5430,Cash
7108,47,Jordan Thompson,robert06@example.com,2025-10-03,Headphones,Electronics,4,639,2556,Credit Card
7109,42,Sean Smith,donaldsonluis@example.net,2025-01-20,Keyboard,Photography,1,738,738,Cash
7110,68,Elizabeth Lynn,bryan65@example.org,2024-12-15,Headphones,Accessories,5,1218,6090,Cash
7111,30,Danny Whitehead,jeremyrobertson@example.net,2024-09-06,Printer,Electronics,4,1311,5244,Cash
7112,28,Melissa Brown,chavezpaul@example.org,2024-09-25,Tablet,Electronics,1,341,341,Credit Card
7113,59,David Allen,fjones@example.org,2024-07-31,Mouse,Photography,3,632,1896,Cash
7114,67,Sarah Chan,johnrhodes@example.org,2024-04-24,Mouse,Accessories,2,183,366,Cash
7115,46,Kristen Reynolds,ujones@example.net,2026-01-22,Speaker,Accessories,2,929,1858,Credit Card
7116,66,Barry Miranda,lbrewer@example.net,2025-04-02,Headphones,Photography,4,504,2016,PayPal
7117,68,Garrett Rodriguez,rebecca71@example.com,2024-09-12,Laptop,Photography,2,1266,2532,PayPal
7118,45,Amy Olson,holtconnie@example.org,2024-04-18,Laptop,Electronics,5,586,2930,Cash
7119,26,Oscar Herring,owilson@example.net,2025-12-12,Monitor,Accessories,1,1227,1227,PayPal
7120,47,Andrew Douglas,gmason@example.com,2025-03-11,Camera,Electronics,2,100,200,Credit Card
7121,27,Denise Chan,wnewton@example.net,2025-01-23,Mouse,Electronics,5,544,2720,Credit Card
7122,28,Kristin Franklin,xjackson@example.net,2025-05-24,Monitor,Accessories,2,1478,2956,Cash
7123,59,Steven Christensen,rebecca79@example.net,,Mouse,Photography,2,979,1958,PayPal
7124,67,Alexis Martin,bhall@example.com,2024-05-30,Monitor,Photography,3,97,291,Credit Card
7125,43,Jordan Malone,rbrewer@example.net,,Printer,Accessories,4,944,3776,Cash
7126,35,Janet Moore,qmarquez@example.com,2024-03-27,Camera,Accessories,2,787,1574,Credit Card
7127,19,James Kemp,timothyowens@example.org,2024-06-10,Mouse,Electronics,3,222,666,Cash
7128,31,Heather Greer,opeck@example.org,2025-01-26,Keyboard,Photography,3,526,1578,Cash
7129,25,Maria Harris,campbellbrenda@example.net,2026-01-25,Monitor,Accessories,1,1073,1073,PayPal
7130,42,Todd Jones DVM,davidwilliams@example.com,2026-01-08,Smartphone,Photography,2,533,1066,Credit Card
7131,35,Maria Macdonald,heather30@example.net,2025-01-12,Laptop,Electronics,2,1043,2086,Credit Card
7132,55,Jane Green,marie31@example.net,2025-03-12,Speaker,Photography,3,769,2307,PayPal
7133,55,Willie Baldwin DDS,owallace@example.com,,Speaker,Photography,4,1218,4872,PayPal
7134,52,James Morris,monicacook@example.org,2025-09-10,Smartphone,Accessories,1,893,893,Credit Card
7135,70,Alejandro Sanders,dcortez@example.net,2025-07-14,Tablet,Photography,4,560,2240,PayPal
7136,40,Amy Lopez,charleswilliams@example.org,2024-04-11,Headphones,Accessories,5,1389,6945,PayPal
7137,37,Cody Roman,justinenglish@example.net,2024-10-22,Camera,Electronics,4,177,708,PayPal
7138,40,Matthew Wilson,micheal60@example.org,2025-04-23,Smartphone,Accessories,5,1261,6305,Cash
7139,53,,scottelijah@example.net,2025-01-04,Laptop,Photography,4,1069,4276,Cash
7140,29,,anthony82@example.net,2025-01-14,Laptop,Electronics,4,840,3360,Credit Card
7141,37,Jennifer Lloyd,nlucas@example.net,2024-08-04,Smartphone,Electronics,1,420,420,Cash
7142,38,Michael Morrison,campbellcalvin@example.org,2024-09-07,Camera,Photography,3,851,2553,Cash
7143,51,Carla Mejia,nancycarson@example.com,2024-10-18,Camera,Electronics,3,1030,3090,PayPal
7144,48,Angela Mann,romanpaul@example.com,2025-08-21,Keyboard,Accessories,1,860,860,PayPal
7145,30,Kyle Williams,johnsoncrystal@example.org,,Speaker,Photography,2,105,210,Cash
7146,30,Dr. Dominique Snyder,eadams@example.org,2025-07-14,Webcam,Accessories,2,783,1566,Cash
7147,67,Isaiah Rose,thompsonjaclyn@example.com,2024-06-04,Webcam,Electronics,4,215,860,PayPal
7148,39,Cody Ewing,meganwatson@example.net,2024-10-26,Laptop,Photography,1,1390,1390,Cash
7149,44,Scott Alvarado,yruiz@example.net,2024-04-10,Mouse,Photography,3,898,2694,Credit Card
7150,35,Lisa Flores,pbird@example.net,2024-08-01,Headphones,Electronics,4,1278,5112,Cash
7151,70,Joseph Miller,cgolden@example.net,2024-10-08,Printer,Photography,1,89,89,Cash
7152,18,James Lewis,paul55@example.com,2025-01-22,Printer,Accessories,3,75,225,Cash
7153,58,Frank Blackwell,wtownsend@example.org,2025-04-27,Camera,Accessories,4,1252,5008,Cash
7154,37,Robert Yang,asmith@example.com,,Mouse,Electronics,4,574,2296,Cash
7155,55,,laurapaul@example.com,2024-10-24,Tablet,Accessories,2,449,898,PayPal
7156,40,Paula Evans,clarktonya@example.org,2026-02-13,Speaker,Accessories,5,229,1145,Cash
7157,39,Sonya Perez,ssimmons@example.net,2024-06-08,Camera,Electronics,4,861,3444,Cash
7158,20,Sheryl Acosta,frivas@example.com,2024-12-02,Smartphone,Photography,3,781,2343,Cash
7159,44,Christine Smith,adrian08@example.com,2025-05-28,Printer,Photography,4,756,3024,Cash
7160,59,David Luna,erice@example.org,2025-09-18,Keyboard,Accessories,3,183,549,Cash
7161,68,David Williams,sbrown@example.com,2025-03-11,Webcam,Accessories,2,872,1744,Cash
7162,27,Daniel Coleman,danielsmichelle@example.org,2024-04-16,Headphones,Accessories,5,156,780,Cash
7163,29,Lucas Nelson,chorn@example.net,2026-01-01,Mouse,Accessories,5,38,190,PayPal
7164,58,Chelsea Thompson,xstewart@example.net,2025-05-30,Printer,Accessories,3,645,1935,Credit Card
7165,54,Andrew Hill,grollins@example.com,2024-05-28,Monitor,Electronics,5,1402,7010,Cash
7166,66,Emily Baker,robertpeterson@example.com,2024-06-27,Mouse,Electronics,3,1401,4203,Credit Card
7167,44,Peggy Rasmussen,austinlowe@example.com,2024-06-05,Camera,Accessories,3,932,2796,Credit Card
7168,59,Austin Lee,amy93@example.com,2025-05-09,Speaker,Accessories,3,590,1770,Cash
7169,60,Carmen Proctor,lindapowell@example.com,2025-06-24,Camera,Photography,4,459,1836,Credit Card
7170,20,Sharon Hamilton,tyronerogers@example.net,2024-05-12,Keyboard,Photography,4,808,3232,Credit Card
7171,31,Barbara Riley,kimberlydavis@example.com,2025-02-12,Headphones,Accessories,4,39,156,Cash
7172,54,,bdavis@example.net,2025-03-26,Headphones,Electronics,1,1145,1145,PayPal
7173,38,Anthony Short,pgonzalez@example.org,,Headphones,Accessories,4,1181,4724,Cash
7174,24,Ralph Munoz,alexandria26@example.com,,Tablet,Electronics,2,1324,2648,PayPal
7175,56,Amanda West,mistyrodriguez@example.org,2024-09-06,Tablet,Photography,5,701,3505,PayPal
7176,54,Christopher Flores,ashley13@example.org,2024-11-24,Printer,Electronics,5,621,3105,Cash
7177,28,Barbara Weeks,brandon30@example.com,2025-11-03,Laptop,Accessories,4,172,688,Cash
7178,69,Valerie Greer,stokesmark@example.org,2025-11-14,Webcam,Electronics,5,107,535,Credit Card
7179,54,Susan Crawford,justinallen@example.com,2025-10-02,Tablet,Electronics,1,713,713,Cash
7180,65,Tyler Heath,alexa52@example.com,2025-07-21,Monitor,Photography,4,44,176,Cash
7181,18,Stephanie Taylor,howardnicholas@example.net,,Laptop,Accessories,5,1425,7125,PayPal
7182,28,Kenneth Smith,guzmanchristopher@example.com,2025-10-10,Webcam,Photography,1,1153,1153,Cash
7183,25,Tiffany Beasley,debrareed@example.net,2025-05-06,Mouse,Photography,,581,0,PayPal
7184,43,Kristy Jones,kyle67@example.org,2026-01-16,Mouse,Accessories,2,1036,2072,PayPal
7185,58,Lauren Moreno,elizabeth13@example.net,2025-08-08,Printer,Electronics,3,1363,4089,PayPal
7186,23,Roy Schmidt,campbellrobert@example.com,2024-10-22,Speaker,Electronics,5,756,3780,PayPal
7187,67,Caleb Bender,qgibson@example.net,2024-06-01,Smartphone,Electronics,1,1098,1098,Credit Card
7188,31,Gwendolyn Garcia,kristen07@example.org,2025-08-11,Mouse,Photography,1,298,298,Cash
7189,20,Maria Johnson,hilldustin@example.com,2025-03-07,Monitor,Electronics,3,864,2592,Cash
7190,63,Tammy Ramirez,darrylmiller@example.net,2025-11-28,Monitor,Accessories,3,1191,3573,Credit Card
7191,57,Ryan Johnson,hendersonangela@example.net,2025-12-18,Keyboard,Accessories,3,719,2157,Credit Card
7192,19,Taylor Hendricks,cindyfoley@example.com,2024-08-20,Speaker,Accessories,3,1483,4449,PayPal
7193,30,Samuel Rose,rodney55@example.com,2024-09-11,Headphones,Electronics,3,1121,3363,PayPal
7194,34,Michael Everett,rspencer@example.net,,Mouse,Photography,5,40,200,PayPal
7195,40,James Ayala,qlyons@example.com,2025-11-14,Webcam,Electronics,1,196,196,Cash
7196,38,Sara Porter,jonathanhall@example.net,2026-01-27,Tablet,Electronics,4,271,1084,Cash
7197,33,Donna Owens,melissa80@example.com,2025-08-11,Mouse,Electronics,4,730,2920,Credit Card
7198,44,Christine Russell,james27@example.org,2026-01-06,Monitor,Accessories,5,1262,6310,Credit Card
7199,46,Daniel Hernandez,tthomas@example.net,2025-02-14,Monitor,Photography,3,284,852,Cash
7200,31,Erin Floyd,llucas@example.net,2024-04-29,Webcam,Accessories,4,210,840,PayPal
7201,53,Duane Thompson,plewis@example.com,2024-07-10,Camera,Electronics,4,800,3200,PayPal
7202,61,Sonia Ferguson,scottjeffrey@example.net,2024-08-29,Camera,Accessories,5,869,4345,Credit Card
7203,25,Jason Smith,eric67@example.net,2025-01-08,Webcam,Electronics,1,309,309,Credit Card
7204,51,,marquezdarren@example.com,2025-10-22,Headphones,Electronics,1,662,662,Cash
7205,41,Kayla French,brush@example.org,2025-07-10,Smartphone,Electronics,3,262,786,PayPal
7206,22,Natasha Carlson,andersonjeffrey@example.com,,Webcam,Electronics,1,266,266,PayPal
7207,30,Valerie Marks,kellie42@example.net,,Camera,Photography,3,1117,3351,Credit Card
7208,23,Joseph Clark,amanda48@example.com,2025-07-22,Monitor,Photography,3,621,1863,Credit Card
7209,57,Anna Espinoza,angela47@example.com,2025-07-05,Headphones,Accessories,5,269,1345,Cash
7210,39,Todd Simpson,luismoore@example.com,2024-06-06,Printer,Accessories,2,386,772,PayPal
7211,62,Amanda Murphy,nathandavis@example.com,2025-10-23,Monitor,Photography,5,1179,5895,PayPal
7212,32,Michael Jones,shawn45@example.net,2025-01-28,Webcam,Photography,2,30,60,Credit Card
7213,68,Monica Sullivan,ythompson@example.org,,Camera,Accessories,4,929,3716,Cash
7214,38,Sara Smith,bartlettjoel@example.org,2025-01-02,Speaker,Electronics,1,375,375,Cash
7215,53,Samuel Holloway,casetommy@example.net,2026-01-17,Camera,Electronics,3,479,1437,Credit Card
7216,47,Margaret Jones,jennifer75@example.net,2024-09-21,Keyboard,Electronics,5,533,2665,Cash
7217,59,Stephen Roman,leoncarolyn@example.com,2025-06-29,Laptop,Accessories,5,1386,6930,Cash
7218,66,Holly Gardner,jennamarshall@example.net,2024-05-12,Laptop,Accessories,4,489,1956,Cash
7219,57,Julie Barrett,navarrojulia@example.com,2024-09-07,Smartphone,Photography,1,1475,1475,PayPal
7220,29,Sean Hubbard,christinamcmahon@example.com,2024-07-15,Camera,Electronics,1,1080,1080,Credit Card
7221,30,Brandon Ball,ahudson@example.com,2025-10-12,Monitor,Photography,1,1042,1042,Cash
7222,54,Jo Miller,taylorandrew@example.org,2025-02-19,Speaker,Photography,1,745,745,Credit Card
7223,58,Troy Benson,abrown@example.net,2024-05-08,Monitor,Accessories,2,1216,2432,Credit Card
7224,46,Jeff Martin,robertodaniels@example.net,2024-04-22,Smartphone,Accessories,2,63,126,PayPal
7225,23,Nathan Franco,barbarasmith@example.com,2025-03-25,Smartphone,Electronics,2,1425,2850,Credit Card
7226,61,Neil Gray,jacquelinecrawford@example.net,2024-06-17,Camera,Accessories,1,787,787,PayPal
7227,33,Troy Holland,heidi91@example.org,2024-10-17,Headphones,Photography,3,301,903,PayPal
7228,27,,katherine74@example.com,2024-06-19,Headphones,Photography,4,1399,5596,Cash
7229,64,Susan Bailey,robertquinn@example.com,,Mouse,Electronics,3,424,1272,PayPal
7230,68,,david98@example.net,2025-02-20,Smartphone,Electronics,3,202,606,Cash
7231,20,Tony Williams,waynesalazar@example.org,2024-03-16,Keyboard,Accessories,1,1293,1293,Credit Card
7232,55,Kimberly Allen,uwang@example.net,2025-03-11,Printer,Accessories,,885,0,Cash
7233,61,Carla Greer,elizabeth94@example.com,2024-08-17,Speaker,Accessories,5,1414,7070,Cash
7234,35,Carol Bradley,jade77@example.org,2024-10-22,Monitor,Electronics,3,1181,3543,Cash
7235,49,Rachel Cook,paynejason@example.org,2024-05-02,Mouse,Electronics,1,1419,1419,Cash
7236,67,Mary Schwartz,sandrachristian@example.org,2026-01-25,Printer,Accessories,3,488,1464,Cash
7237,35,Maria Cervantes,frankjames@example.net,2025-12-26,Tablet,Photography,1,1168,1168,PayPal
7238,20,Sandra Joseph,smiller@example.net,2024-03-11,Keyboard,Accessories,2,266,532,PayPal
7239,30,James Figueroa,zbennett@example.org,2024-08-04,Smartphone,Electronics,2,784,1568,Cash
7240,40,Ronald Weber,lewissarah@example.org,2024-10-22,Monitor,Electronics,3,1200,3600,Credit Card
7241,41,Michaela Walsh,ywade@example.com,2024-05-08,Mouse,Photography,1,1182,1182,Cash
7242,47,Dawn Donovan,davidarmstrong@example.com,2026-02-02,Smartphone,Photography,2,482,964,PayPal
7243,56,Allen Hanson,fdavenport@example.net,2024-11-07,Speaker,Photography,3,102,306,Cash
7244,41,Heather Oconnor,rebekahgriffith@example.com,2024-12-22,Monitor,Photography,3,1097,3291,Cash
7245,56,Olivia Patterson,vvelez@example.net,2025-03-06,Headphones,Accessories,2,975,1950,Credit Card
7246,46,Kevin Evans,qmyers@example.org,2024-06-29,Tablet,Accessories,1,706,706,Credit Card
7247,35,Cassandra Spencer,yesenia25@example.net,2025-05-30,Speaker,Electronics,1,1026,1026,PayPal
7248,20,Amanda Nixon,jennifersmith@example.org,2024-12-24,Mouse,Accessories,5,70,350,Cash
7249,67,Eric Webb,gina48@example.org,2024-05-11,Monitor,Photography,5,32,160,Cash
7250,57,Melissa Evans,taylorharris@example.org,2024-04-06,Monitor,Electronics,1,795,795,Credit Card
7251,22,Kathleen Ortega,ofuentes@example.net,2025-12-27,Printer,Photography,1,1211,1211,Cash
7252,49,Steven Ball,brendarichards@example.org,2024-04-26,Speaker,Electronics,5,1420,7100,Cash
7253,31,Cynthia Norman,evelez@example.com,2025-12-30,Keyboard,Accessories,3,232,696,Credit Card
7254,25,Laura Hogan,david28@example.org,2025-01-11,Headphones,Photography,1,1461,1461,PayPal
7255,36,Brian Bender,andreawalker@example.com,2025-02-15,Laptop,Electronics,2,616,1232,Credit Card
7256,35,Valerie Brown,john31@example.org,2025-01-21,Mouse,Electronics,2,1465,2930,Credit Card
7257,29,Alexander Hoffman,michaelhanson@example.net,2025-10-15,Monitor,Electronics,1,140,140,Credit Card
7258,37,Brad Jensen,rosariojulia@example.org,2025-12-23,Printer,Accessories,4,1154,4616,Cash
7259,68,Joseph Smith,murraymolly@example.org,2025-01-29,Mouse,Accessories,4,283,1132,Cash
7260,31,Amber Singh,reyesjesus@example.com,2024-08-30,Monitor,Electronics,4,146,584,PayPal
7261,36,,williamdecker@example.net,2024-06-29,Speaker,Photography,2,877,1754,PayPal
7262,48,Molly Dickerson,riverabrianna@example.org,2025-07-14,Monitor,Electronics,2,492,984,Credit Card
7263,69,Kaylee Curry,nicholejohnson@example.com,,Smartphone,Accessories,4,173,692,Credit Card
7264,28,Donald Bates,nancy82@example.com,2026-01-31,Camera,Photography,2,993,1986,PayPal
7265,18,Ernest Wall,singhmatthew@example.com,2025-12-10,Keyboard,Accessories,4,1205,4820,PayPal
7266,44,Adam Murillo,dunlaptony@example.com,2024-10-12,Camera,Electronics,,1453,0,Cash
7267,59,,chaneystephen@example.com,2024-09-01,Mouse,Photography,3,207,621,Credit Card
7268,31,Eric Wilkerson,nathanacosta@example.org,2024-06-13,Laptop,Accessories,4,1319,5276,Cash
7269,65,Molly Simpson,shane19@example.net,2024-05-09,Laptop,Electronics,1,387,387,PayPal
7270,58,Anthony Ryan,allisonjames@example.org,2025-12-09,Headphones,Photography,1,903,903,Cash
7271,66,Felicia Garcia,turnerjoseph@example.com,2024-05-21,Speaker,Electronics,2,731,1462,PayPal
7272,54,James Doyle,robertgutierrez@example.net,2025-03-13,Tablet,Accessories,4,647,2588,Credit Card
7273,61,Nicholas Matthews,angelawhitehead@example.com,2024-06-11,Speaker,Photography,1,1182,1182,Cash
7274,70,Karina Murphy,kimjohnson@example.com,2024-05-12,Speaker,Accessories,1,959,959,PayPal
7275,62,Andrew Myers,clarkshawna@example.org,2025-08-26,Printer,Accessories,2,456,912,Cash
7276,67,Emily Fuller,mariaguzman@example.org,2024-06-28,Keyboard,Accessories,3,628,1884,PayPal
7277,66,Michelle Valencia,sydneyhenry@example.com,2024-05-17,Keyboard,Electronics,2,440,880,Credit Card
7278,25,Sharon Sullivan,jacksonlatoya@example.net,2024-09-13,Headphones,Photography,3,1399,4197,Cash
7279,27,Kristin Gray,traciebaxter@example.org,2024-08-28,Monitor,Electronics,4,728,2912,Credit Card
7280,62,Katrina Martin,tylerbowers@example.net,2024-12-14,Webcam,Accessories,5,1086,5430,PayPal
7281,39,Edward Smith,nataliejohnson@example.net,2024-12-28,Monitor,Electronics,2,1177,2354,Cash
7282,37,Stephen Adams,kevinjordan@example.org,,Camera,Photography,1,397,397,PayPal
7283,28,Heather Mcbride,jeffreyaustin@example.com,2025-08-08,Smartphone,Photography,5,193,965,Cash
7284,33,John Gibson,hamiltonann@example.net,2024-06-11,Laptop,Accessories,5,1500,7500,Credit Card
7285,36,Lauren Ortiz,tina84@example.net,2026-02-05,Camera,Accessories,2,274,548,Credit Card
7286,40,Laurie Brewer,montgomerybradley@example.com,2026-01-25,Smartphone,Electronics,3,1022,3066,Cash
7287,70,Sylvia Smith,chall@example.net,2024-12-30,Speaker,Photography,5,845,4225,Credit Card
7288,64,Wendy Singleton,vasquezjennifer@example.com,2024-04-08,Keyboard,Photography,3,457,1371,Credit Card
7289,67,Amy Garcia,uwilliams@example.com,2026-02-05,Tablet,Photography,5,350,1750,PayPal
7290,35,Jerry Mckay,daniellepatel@example.com,2025-04-30,Laptop,Accessories,2,1352,2704,PayPal
7291,25,Monica Jackson,hoodkenneth@example.net,2024-06-03,Tablet,Electronics,4,111,444,PayPal
7292,56,Russell Parker,shirleyfoster@example.org,2024-03-29,Webcam,Photography,5,1096,5480,Credit Card
7293,42,Veronica Williams,gvincent@example.com,2024-12-19,Camera,Accessories,1,773,773,Cash
7294,21,John Stewart,jjones@example.com,2024-10-14,Tablet,Electronics,,1424,0,Cash
7295,61,Darren Holloway,vmcgrath@example.net,2024-03-13,Monitor,Electronics,2,101,202,Cash
7296,50,Christine Harris,tferguson@example.org,2024-11-18,Speaker,Photography,2,553,1106,Cash
7297,60,Susan Hancock,emily26@example.com,2024-11-24,Speaker,Photography,2,876,1752,Cash
7298,58,Jesus Johnson,ashleydodson@example.net,2025-08-30,Laptop,Electronics,1,502,502,Credit Card
7299,65,Kimberly Davis,clarkcynthia@example.org,2026-02-16,Smartphone,Electronics,2,1409,2818,Credit Card
7300,51,Brianna Schwartz,coopershane@example.com,2025-05-02,Keyboard,Photography,2,102,204,Credit Card
7301,29,,zachary95@example.net,2025-02-01,Laptop,Accessories,1,1449,1449,Credit Card
7302,54,Sean Logan,jwalker@example.net,2025-07-24,Webcam,Electronics,5,593,2965,Cash
7303,64,,moorechristopher@example.org,2024-12-30,Tablet,Accessories,1,562,562,Cash
7304,34,Jennifer Watson,kimberlyhubbard@example.org,2024-11-27,Smartphone,Electronics,5,1120,5600,Credit Card
7305,20,Christine Leon,pnunez@example.com,2024-06-11,Camera,Electronics,3,773,2319,Credit Card
7306,24,Robert Mayo,kimberly85@example.com,2024-03-01,Tablet,Electronics,3,635,1905,Credit Card
7307,22,,wtaylor@example.com,2025-10-08,Keyboard,Photography,2,1369,2738,PayPal
7308,18,Ann Williams,zacharysaunders@example.org,2024-11-22,Speaker,Photography,5,1123,5615,Cash
7309,62,Shelley Montes,laurenwilliams@example.com,2024-11-12,Tablet,Electronics,2,680,1360,Credit Card
7310,24,Amy Gray,rmorris@example.net,2024-07-01,Keyboard,Accessories,4,323,1292,Cash
7311,66,,mcgeespencer@example.org,,Laptop,Accessories,5,1016,5080,Cash
7312,59,Darrell Davis,haynespatrick@example.com,2024-12-17,Mouse,Electronics,5,1024,5120,Credit Card
7313,49,Kelly Mclean,tmay@example.net,2025-06-03,Monitor,Accessories,5,1269,6345,Cash
7314,53,Jennifer Vazquez,seanhill@example.net,2025-07-29,Smartphone,Photography,5,897,4485,PayPal
7315,22,Michael Reeves,morrisashley@example.org,2024-07-20,Smartphone,Accessories,4,1425,5700,PayPal
7316,64,Pamela Butler,orobinson@example.org,2025-01-27,Keyboard,Accessories,5,423,2115,Cash
7317,32,Aaron Reed,benglish@example.com,2024-07-05,Camera,Photography,4,1191,4764,PayPal
7318,34,Valerie Keller,stephen32@example.net,2024-07-28,Smartphone,Accessories,4,934,3736,Cash
7319,32,Raymond Herman,kennethhenry@example.com,2025-03-08,Tablet,Photography,5,26,130,Credit Card
7320,41,Laura Duffy,mcmahonannette@example.com,2025-02-21,Speaker,Electronics,3,580,1740,Credit Card
7321,59,Deborah Anderson,thomas36@example.org,2024-04-11,Webcam,Electronics,5,672,3360,Credit Card
7322,55,Joseph Douglas,marykirk@example.com,2024-09-14,Webcam,Photography,2,724,1448,Cash
7323,63,Robert Cooper,nhorn@example.com,2024-10-04,Monitor,Accessories,4,884,3536,PayPal
7324,66,David Montes,james80@example.org,,Tablet,Accessories,1,1352,1352,Cash
7325,25,Shelley Fox,michael04@example.net,2025-03-30,Monitor,Accessories,3,153,459,Cash
7326,43,Laura Pena,raymond27@example.com,2025-02-10,Tablet,Photography,4,1495,5980,Cash
7327,27,Christy Costa,bentleydennis@example.net,,Smartphone,Electronics,2,835,1670,Cash
7328,69,Brent Brooks,ncastro@example.org,2025-03-28,Tablet,Photography,3,426,1278,PayPal
7329,62,Alyssa Bridges,vfoster@example.net,2026-01-03,Headphones,Photography,1,1471,1471,Credit Card
7330,20,Marcus Howard,youngemily@example.org,2025-01-12,Mouse,Photography,4,1341,5364,PayPal
7331,57,April Allen,anthony17@example.com,2025-05-21,Keyboard,Photography,3,305,915,Cash
7332,56,Raymond Martin DVM,palmerjeanne@example.net,2024-05-18,Webcam,Photography,5,846,4230,PayPal
7333,39,Christopher Fleming,patriciamarshall@example.org,2025-12-17,Webcam,Photography,1,278,278,Cash
7334,67,Richard Turner,padillapamela@example.org,,Monitor,Electronics,2,549,1098,Credit Card
7335,45,Natalie Bird,hilljames@example.net,2025-01-16,Camera,Photography,1,93,93,Cash
7336,31,Jon Jones,michelehoward@example.org,2024-09-23,Laptop,Photography,5,398,1990,PayPal
7337,21,Sharon Stafford,ewhite@example.com,2025-11-26,Webcam,Photography,4,894,3576,Cash
7338,24,Robin Robertson,jenkinswhitney@example.com,2024-10-12,Tablet,Photography,2,1240,2480,Credit Card
7339,36,Sophia Carpenter DVM,normanjesse@example.net,2024-04-07,Laptop,Electronics,4,428,1712,Credit Card
7340,51,Brandon Wallace,brian47@example.net,2026-01-06,Speaker,Photography,3,1467,4401,PayPal
7341,29,Rachel Rocha,mayskimberly@example.org,2025-11-09,Smartphone,Accessories,4,1236,4944,Credit Card
7342,41,Savannah Spears,johnjones@example.net,2025-02-19,Smartphone,Electronics,1,1477,1477,PayPal
7343,56,,warrendevin@example.org,2024-03-08,Camera,Electronics,2,269,538,Credit Card
7344,47,Mrs. Crystal Hernandez,lambertmark@example.net,2025-02-10,Printer,Photography,4,1057,4228,PayPal
7345,52,Katherine Hodge,martinpetersen@example.com,2026-02-09,Mouse,Electronics,2,1353,2706,Credit Card
7346,30,Christopher Haney,wrightnicholas@example.net,2024-06-14,Smartphone,Electronics,,96,0,PayPal
7347,63,Leah Carson,asmith@example.net,2025-01-10,Smartphone,Accessories,1,1206,1206,PayPal
7348,50,Margaret Sanchez,tanyashepherd@example.net,2024-09-04,Laptop,Accessories,3,1344,4032,Credit Card
7349,67,Nicole Harrison,ojackson@example.com,2024-11-20,Headphones,Electronics,4,740,2960,Cash
7350,26,Dana Mitchell,heather34@example.net,2024-03-10,Smartphone,Photography,1,1194,1194,PayPal
7351,40,,annahernandez@example.org,,Tablet,Accessories,1,135,135,Credit Card
7352,34,,anna77@example.com,2025-07-13,Printer,Accessories,1,353,353,Cash
7353,33,Megan Phillips,davidgilmore@example.org,2024-05-17,Webcam,Accessories,2,589,1178,Cash
7354,22,Johnny Stephenson,oharmon@example.com,2025-11-14,Speaker,Electronics,1,895,895,Credit Card
7355,39,Melissa Ruiz,nathan02@example.net,2025-06-15,Speaker,Photography,4,1332,5328,Credit Card
7356,38,Anna Petersen,gregoryfranklin@example.com,2024-09-24,Webcam,Electronics,3,79,237,Cash
7357,68,Christopher Villanueva,nunezdonald@example.net,2024-06-09,Mouse,Photography,2,501,1002,PayPal
7358,67,Amanda Rivera,pgood@example.org,2024-06-12,Keyboard,Accessories,1,1494,1494,PayPal
7359,42,Zachary Richmond,shawrobert@example.org,2025-07-17,Tablet,Accessories,4,573,2292,Cash
7360,33,Ryan Flynn,connorjones@example.com,2024-08-12,Camera,Photography,3,1021,3063,Cash
7361,67,,allenjulia@example.net,2025-12-09,Camera,Photography,2,840,1680,PayPal
7362,35,Troy Flynn,manderson@example.net,,Headphones,Accessories,1,688,688,Cash
7363,18,Ellen Jenkins,tonya94@example.com,2025-10-20,Printer,Photography,5,1500,7500,Cash
7364,64,Alison Callahan,fosterthomas@example.com,2024-03-28,Monitor,Accessories,5,1460,7300,PayPal
7365,40,Madeline Simon,robinsonrachel@example.org,,Headphones,Electronics,5,1345,6725,Cash
7366,37,Robert Morales,scott80@example.net,2024-05-30,Speaker,Accessories,3,699,2097,PayPal
7367,38,Russell Carlson,michael37@example.com,2026-02-15,Headphones,Photography,3,1005,3015,Credit Card
7368,29,Whitney Anderson,taylorstephen@example.org,2024-04-30,Mouse,Photography,2,844,1688,Cash
7369,44,Lisa Wilson,lnewton@example.org,2025-11-14,Laptop,Electronics,5,1395,6975,PayPal
7370,43,Grant Stevens,bkramer@example.com,2026-02-19,Printer,Photography,2,1171,2342,PayPal
7371,41,Colleen Pierce,kellie40@example.com,2025-01-25,Monitor,Photography,1,434,434,PayPal
7372,56,Anthony Beard,joseph36@example.com,,Keyboard,Electronics,3,634,1902,Credit Card
7373,30,William Kline,nicholas39@example.net,2025-04-05,Tablet,Accessories,5,1307,6535,Cash
7374,27,Kenneth Zimmerman,travissmith@example.org,2025-05-02,Keyboard,Photography,3,438,1314,PayPal
7375,48,Allison Spencer,brittany55@example.org,2024-05-29,Smartphone,Photography,1,108,108,PayPal
7376,32,Lisa Abbott,ebrown@example.com,2025-02-23,Tablet,Accessories,3,69,207,Cash
7377,46,Chad Short DDS,dakota83@example.com,2025-01-22,Tablet,Photography,3,222,666,PayPal
7378,57,Barbara Price,samantha96@example.net,2025-12-05,Webcam,Electronics,2,290,580,Cash
7379,42,Jesse Martin,kellerbenjamin@example.com,,Monitor,Accessories,5,42,210,Credit Card
7380,59,Donna Choi,egould@example.com,2024-08-03,Speaker,Photography,2,1278,2556,PayPal
7381,27,Kelsey Prince,walshangela@example.net,2024-08-13,Camera,Electronics,5,1341,6705,Credit Card
7382,63,Tyler Hernandez,vroth@example.com,2025-01-18,Speaker,Photography,5,588,2940,Cash
7383,47,Rebecca Solomon,milleremma@example.org,2024-04-11,Monitor,Photography,2,823,1646,Cash
7384,21,Andrea Johnson,rhondaross@example.org,2025-12-05,Keyboard,Accessories,5,233,1165,Credit Card
7385,60,,harrisholly@example.net,,Webcam,Accessories,4,391,1564,Credit Card
7386,29,Diana Mccall,brittany77@example.org,2024-08-20,Camera,Electronics,5,701,3505,PayPal
7387,28,Krista Keller,ephillips@example.org,2025-12-18,Laptop,Photography,3,84,252,PayPal
7388,53,Samantha Martinez,kaitlin92@example.net,2025-01-03,Camera,Accessories,3,1316,3948,Credit Card
7389,49,Sheryl Thompson,glennvincent@example.net,2024-05-05,Printer,Photography,2,97,194,PayPal
7390,62,Pamela Martinez,halldavid@example.net,2024-08-31,Speaker,Photography,5,267,1335,Credit Card
7391,56,Steven Price,fwhite@example.com,2024-12-22,Laptop,Photography,4,658,2632,Cash
7392,18,Lisa Moore,wattsjohn@example.com,2024-08-30,Monitor,Electronics,5,1166,5830,PayPal
7393,22,Cynthia Simpson,joe94@example.org,2025-02-15,Laptop,Electronics,3,672,2016,PayPal
7394,28,Kathryn Keller,christy31@example.org,2025-02-27,Tablet,Photography,4,784,3136,PayPal
7395,27,Sonia Thomas,joyce90@example.net,2024-05-18,Camera,Photography,4,331,1324,PayPal
7396,52,Jessica James,fshaw@example.com,2025-02-17,Headphones,Accessories,3,1279,3837,Credit Card
7397,39,Tamara Howell,katrina05@example.org,,Webcam,Accessories,4,128,512,Cash
7398,47,Richard Campbell,jillian35@example.com,2024-10-08,Printer,Photography,3,287,861,PayPal
7399,22,Michelle Brown,aaronevans@example.org,2026-02-17,Laptop,Electronics,5,601,3005,Cash
7400,42,Sharon Salas,gabriel26@example.org,,Tablet,Accessories,3,195,585,Credit Card
7401,48,Sarah Kelley,jruiz@example.com,2025-01-15,Smartphone,Electronics,3,742,2226,Credit Card
7402,43,Ebony Mack,james20@example.org,2025-08-10,Speaker,Photography,3,950,2850,Cash
7403,65,Mariah Carrillo,ufranklin@example.com,2025-03-06,Monitor,Electronics,5,514,2570,PayPal
7404,67,Jennifer Boyd,gcompton@example.com,2024-12-27,Headphones,Electronics,1,1494,1494,Credit Card
7405,39,Thomas Oneill,laurenmahoney@example.com,2024-08-18,Printer,Accessories,4,164,656,PayPal
7406,33,Alicia Yates,angela08@example.net,2024-04-29,Monitor,Photography,5,239,1195,Credit Card
7407,56,Todd Daniels,mary52@example.net,2024-07-21,Webcam,Electronics,5,886,4430,PayPal
7408,26,Daniel Fields,natalie82@example.org,2024-10-17,Smartphone,Photography,1,701,701,Cash
7409,48,Mary Clark,calvinwheeler@example.net,2025-10-29,Webcam,Electronics,1,1327,1327,Credit Card
7410,64,Randy Taylor,dicksonkeith@example.org,2024-09-17,Smartphone,Photography,1,1389,1389,PayPal
7411,42,Brenda Green,courtney70@example.net,2024-07-15,Monitor,Photography,4,380,1520,Cash
7412,62,Keith Moran,zreeves@example.org,2024-04-15,Laptop,Electronics,1,1146,1146,PayPal
7413,22,Patrick Martinez,jeffery82@example.com,2026-02-13,Printer,Photography,2,808,1616,Cash
7414,42,Lindsey Brown,mark59@example.com,2024-10-18,Camera,Photography,1,533,533,PayPal
7415,52,Tabitha Lindsey,gpearson@example.net,2025-07-01,Laptop,Accessories,3,1499,4497,Cash
7416,26,Matthew Espinoza,murphywalter@example.net,2024-12-10,Speaker,Accessories,3,1150,3450,PayPal
7417,53,Jennifer Norris,douglas52@example.org,2024-09-27,Laptop,Electronics,4,1145,4580,Cash
7418,64,Thomas Cabrera,whiteamber@example.com,2024-07-02,Tablet,Accessories,4,570,2280,Credit Card
7419,27,Stacy Thornton,greenelori@example.org,2025-07-29,Printer,Electronics,1,87,87,PayPal
7420,32,Matthew Brock,michelle08@example.net,,Headphones,Accessories,5,1065,5325,Credit Card
7421,51,Michelle Rodriguez,john39@example.org,2025-08-05,Headphones,Accessories,5,1281,6405,PayPal
7422,25,Paul Thomas,jessicawatson@example.org,,Headphones,Accessories,3,803,2409,PayPal
7423,28,Dennis Moody MD,michael26@example.org,,Keyboard,Electronics,5,1431,7155,Credit Card
7424,21,Jessica Taylor,jimenezteresa@example.com,2026-01-19,Webcam,Electronics,4,772,3088,Credit Card
7425,48,Kyle Simmons,thomasrobert@example.net,2024-06-09,Laptop,Photography,3,950,2850,PayPal
7426,33,Steven Stephens,dana11@example.org,2024-10-10,Printer,Accessories,4,136,544,Cash
7427,59,Kaitlyn Carter,meadowssandra@example.org,2025-12-18,Keyboard,Photography,2,495,990,Credit Card
7428,59,Erin Young,james31@example.org,2025-11-16,Tablet,Photography,5,362,1810,PayPal
7429,37,Dr. James Ramsey,vmartin@example.org,2025-02-21,Headphones,Photography,3,932,2796,Cash
7430,35,Justin Walker,victoriajones@example.net,2025-03-14,Smartphone,Accessories,3,364,1092,Cash
7431,19,Victor Lindsey MD,calvin68@example.com,2025-03-22,Headphones,Photography,2,137,274,Cash
7432,38,Matthew Cobb,nturner@example.com,2024-07-30,Keyboard,Accessories,1,1345,1345,Credit Card
7433,62,Joel Monroe,trujillorichard@example.com,2024-11-10,Monitor,Photography,2,549,1098,PayPal
7434,53,Ryan Miller,christian21@example.org,2024-06-08,Headphones,Accessories,4,506,2024,PayPal
7435,45,Crystal Miller,natalieoneal@example.net,,Tablet,Photography,1,416,416,Credit Card
7436,39,Marilyn Johnson,mcknighteric@example.org,2024-12-07,Tablet,Accessories,2,1062,2124,Credit Card
7437,40,Marissa Cohen,davidstephens@example.com,2024-06-25,Printer,Electronics,,201,0,Credit Card
7438,27,John Flores,danielle25@example.net,2025-09-27,Keyboard,Electronics,5,134,670,Cash
7439,41,Emily Cooley,tjones@example.net,2025-08-27,Speaker,Accessories,3,92,276,PayPal
7440,70,Mr. Gabriel Garcia,taylorkristen@example.com,2025-05-09,Speaker,Electronics,4,1369,5476,PayPal
7441,65,Karl Oconnor,psanford@example.net,2025-06-07,Headphones,Accessories,5,421,2105,Cash
7442,50,Lorraine Arroyo,davidfarrell@example.net,2025-06-03,Tablet,Electronics,2,654,1308,Cash
7443,62,Sheila Cooper,samanthapatel@example.com,2026-02-27,Tablet,Accessories,4,489,1956,Cash
7444,33,Kenneth Livingston,sclark@example.org,2024-04-09,Printer,Electronics,3,1409,4227,Credit Card
7445,54,Michelle Underwood,dylanmcconnell@example.com,2024-12-08,Smartphone,Accessories,3,644,1932,PayPal
7446,48,James Waters,thomas88@example.net,2024-07-06,Webcam,Electronics,1,1442,1442,PayPal
7447,53,Jeffrey Crawford,cohenjohn@example.com,,Monitor,Photography,5,861,4305,Cash
7448,41,Jacob Bowers,wsalinas@example.com,2025-08-10,Printer,Electronics,2,244,488,PayPal
7449,27,Crystal Johnson,elaine03@example.com,2024-09-29,Mouse,Electronics,2,657,1314,Credit Card
7450,46,Helen Owens,quinnjeremy@example.net,,Keyboard,Photography,5,1453,7265,Credit Card
7451,35,Gavin Miller,zsmith@example.net,2025-11-16,Laptop,Accessories,4,384,1536,Credit Card
7452,56,Amy Ho,gregory15@example.com,2024-08-01,Webcam,Accessories,4,726,2904,PayPal
7453,43,Tami Proctor,amandawilliamson@example.org,2025-05-09,Printer,Photography,2,646,1292,Credit Card
7454,43,Jamie Armstrong,pfarley@example.net,2024-05-23,Headphones,Photography,5,643,3215,Credit Card
7455,40,Andres Barker DDS,vbyrd@example.net,2025-07-19,Webcam,Accessories,1,976,976,Credit Card
7456,69,Rebecca Harris,jessica83@example.com,2025-09-11,Speaker,Electronics,3,462,1386,PayPal
7457,21,Laura Dodson,barnesmary@example.net,2026-02-17,Keyboard,Electronics,2,987,1974,Credit Card
7458,36,Stacy Conley,russellbrian@example.org,2024-09-09,Laptop,Electronics,5,1215,6075,Credit Card
7459,40,Jacob Romero,mthompson@example.net,2025-12-06,Printer,Photography,2,797,1594,Credit Card
7460,40,Tina Meadows,melvin74@example.net,2025-01-15,Webcam,Accessories,3,533,1599,Credit Card
7461,44,Tammy Branch,kimberly65@example.com,2024-03-17,Monitor,Accessories,5,549,2745,Credit Card
7462,31,Jeffrey Davis,gonzalesdanny@example.org,2025-09-17,Camera,Photography,3,1362,4086,Cash
7463,21,Shawna Bennett,marcus19@example.net,2024-12-24,Webcam,Electronics,3,113,339,Credit Card
7464,44,Shane Gilbert,tracy35@example.org,2025-12-25,Webcam,Accessories,4,1153,4612,PayPal
7465,39,Amber Hoffman,crosbykristen@example.net,2024-07-31,Keyboard,Electronics,3,1257,3771,PayPal
7466,46,Mark Gomez,donna26@example.net,2026-02-15,Printer,Accessories,1,243,243,Credit Card
7467,22,Wendy Johnson,vhughes@example.org,2024-12-27,Speaker,Accessories,1,538,538,Cash
7468,64,Ryan Thompson,howardgary@example.net,,Printer,Photography,2,1035,2070,Cash
7469,64,Steven Hall,moorekathryn@example.net,2026-02-14,Speaker,Accessories,5,729,3645,PayPal
7470,22,Harry Vega,marshalltimothy@example.net,2024-11-19,Headphones,Accessories,1,1460,1460,Cash
7471,68,Christopher Klein,miguel51@example.org,2024-05-09,Keyboard,Accessories,5,744,3720,Cash
7472,18,Leslie Martinez,courtneydiaz@example.com,2025-07-09,Monitor,Electronics,1,1336,1336,Credit Card
7473,31,,moralesmichele@example.org,2025-04-16,Smartphone,Photography,4,348,1392,Credit Card
7474,34,Jennifer Hudson,kmartin@example.net,2025-09-14,Monitor,Accessories,3,480,1440,PayPal
7475,22,Melissa Smith,walexander@example.com,2024-08-09,Tablet,Accessories,5,1244,6220,PayPal
7476,34,Robert Shaw,robertsmarie@example.net,2025-10-26,Monitor,Photography,2,24,48,PayPal
7477,44,Sheryl Rodriguez MD,longmartha@example.net,2025-03-24,Laptop,Accessories,5,1018,5090,Credit Card
7478,24,Mia Rose,reginaaustin@example.com,2024-11-07,Tablet,Accessories,4,100,400,PayPal
7479,69,Diamond Franklin,kevin59@example.org,2024-07-15,Camera,Accessories,1,911,911,Cash
7480,41,Patricia Palmer,sanderssarah@example.org,2025-01-12,Camera,Photography,5,868,4340,Credit Card
7481,32,Sarah Morrison,juanwelch@example.net,2024-06-18,Mouse,Accessories,1,1234,1234,Cash
7482,45,Lauren Greer,nguyenmichael@example.org,2024-05-23,Keyboard,Photography,5,178,890,Credit Card
7483,37,Daniel Hicks,fmyers@example.org,2024-05-05,Keyboard,Electronics,5,379,1895,Credit Card
7484,27,Joshua Evans,davidryan@example.net,2025-11-27,Mouse,Photography,3,1239,3717,Cash
7485,61,Justin Richardson,jamesgonzalez@example.org,2024-09-06,Smartphone,Accessories,2,202,404,Cash
7486,18,Bryan Harrington,justinhenderson@example.org,2025-12-26,Headphones,Photography,,1354,0,PayPal
7487,33,,brandon04@example.com,2025-03-18,Monitor,Photography,3,1152,3456,Cash
7488,42,Clarence Kelly,arroyomaria@example.com,2025-11-24,Camera,Electronics,3,1035,3105,PayPal
7489,44,Matthew Sandoval,simpsonwanda@example.org,2024-04-26,Webcam,Electronics,4,1296,5184,Cash
7490,32,Alyssa Crawford,suzanne33@example.net,2025-11-03,Monitor,Accessories,5,1142,5710,PayPal
7491,47,Ashley Delgado,nferguson@example.org,2024-09-30,Headphones,Photography,1,281,281,PayPal
7492,31,Julie Orr,ojohnson@example.net,2025-12-11,Smartphone,Electronics,1,1169,1169,PayPal
7493,29,Christina Hicks,monica25@example.net,2025-05-19,Monitor,Electronics,4,349,1396,Cash
7494,34,Dakota Young,baldwinjared@example.com,2025-03-26,Tablet,Electronics,4,1495,5980,Credit Card
7495,61,Lisa Spears,jacoblevine@example.net,2025-03-20,Tablet,Accessories,1,1130,1130,PayPal
7496,68,Danielle Morales,jose09@example.net,2026-02-04,Printer,Electronics,3,1340,4020,Cash
7497,70,Rhonda Moore,reevesjasmine@example.org,2024-04-20,Headphones,Electronics,3,1283,3849,PayPal
7498,20,Christina Mora,woconnor@example.com,2025-05-13,Tablet,Accessories,1,581,581,Cash
7499,59,Gregory Herrera,bryanleah@example.net,2025-04-19,Speaker,Photography,3,1136,3408,Cash
7500,69,Martha Brown,kcampos@example.org,2024-12-26,Smartphone,Electronics,1,838,838,PayPal
7501,34,Stacy Griffith,yanderson@example.net,,Smartphone,Electronics,2,692,1384,Cash
7502,59,Cindy Terry,haleywebb@example.org,2024-10-03,Mouse,Electronics,3,946,2838,PayPal
7503,69,Anthony Medina,youngwhitney@example.net,2025-10-16,Keyboard,Photography,2,1295,2590,Credit Card
7504,20,Juan Barrett,bryanwheeler@example.net,2025-06-12,Laptop,Photography,5,930,4650,Cash
7505,56,Leslie Sanchez,samantha14@example.net,2025-03-29,Tablet,Electronics,4,493,1972,Cash
7506,67,Cody Mclean,kennethmckee@example.net,2025-04-13,Printer,Accessories,3,548,1644,PayPal
7507,60,Randy Bradley,edwardbailey@example.com,2024-06-29,Headphones,Accessories,4,164,656,Credit Card
7508,19,Danielle Bryan,larrygarcia@example.com,,Mouse,Photography,1,1227,1227,Cash
7509,50,Kelsey Morales,smacdonald@example.org,2025-01-23,Keyboard,Electronics,5,946,4730,PayPal
7510,50,Judy Ellis,amanda11@example.net,2025-02-14,Laptop,Accessories,2,1299,2598,Credit Card
7511,51,,amccoy@example.com,2026-01-05,Tablet,Photography,4,39,156,Credit Card
7512,57,Daniel Perry,peter31@example.net,2024-03-28,Mouse,Accessories,3,1173,3519,Cash
7513,34,Tina Ford,michael06@example.org,2025-10-16,Tablet,Accessories,3,476,1428,Cash
7514,32,Brittany Gardner,judithmartin@example.org,2024-04-19,Headphones,Accessories,4,1153,4612,PayPal
7515,66,Brendan Tucker,mary76@example.org,2025-05-01,Webcam,Electronics,2,1083,2166,Cash
7516,59,Michael Reyes,vasquezshaun@example.org,2025-08-31,Tablet,Accessories,4,23,92,PayPal
7517,33,Kristen Tran,vazquezsandra@example.com,2024-12-07,Speaker,Photography,4,243,972,PayPal
7518,29,,lmartin@example.org,2025-05-04,Speaker,Accessories,5,992,4960,Credit Card
7519,29,Steven Buck,cjohnson@example.com,2024-08-17,Tablet,Accessories,1,190,190,Credit Card
7520,48,Mark Benitez,veronicawallace@example.com,,Headphones,Photography,4,384,1536,PayPal
7521,62,Matthew Alvarez,charlottedennis@example.org,2024-08-27,Monitor,Accessories,1,72,72,PayPal
7522,47,Haley Anthony,alexander45@example.net,2025-09-02,Mouse,Electronics,2,949,1898,Credit Card
7523,65,Paula Graham,kathleen18@example.org,2024-08-10,Printer,Photography,3,195,585,Cash
7524,38,Christopher Brown,greg88@example.net,,Smartphone,Photography,1,367,367,Cash
7525,39,Victoria Brown,craigstacy@example.net,2025-05-21,Monitor,Electronics,2,674,1348,Credit Card
7526,53,Erik Shaw,trowland@example.com,2024-06-18,Webcam,Accessories,5,378,1890,PayPal
7527,35,Alexis Davis,michaelmalone@example.com,2025-03-26,Keyboard,Electronics,1,684,684,Cash
7528,49,Elizabeth Avery,andrewsjenna@example.com,,Mouse,Electronics,2,1252,2504,Credit Card
7529,20,Shari King,bwilson@example.net,2025-05-22,Camera,Accessories,2,661,1322,Cash
7530,34,Jessica Miller,ypratt@example.net,2024-06-24,Speaker,Accessories,2,1365,2730,Credit Card
7531,66,Shannon Turner,odouglas@example.com,2024-04-08,Smartphone,Electronics,1,480,480,Cash
7532,31,Angela Duran,arthursanders@example.org,2025-11-19,Laptop,Photography,4,924,3696,PayPal
7533,58,Debbie Boyle,bherman@example.net,2025-08-08,Headphones,Photography,5,317,1585,Cash
7534,50,Valerie Smith,lewiswesley@example.com,2026-02-26,Camera,Photography,3,1284,3852,Credit Card
7535,32,Matthew Morales,karina86@example.com,2025-04-06,Camera,Accessories,4,25,100,PayPal
7536,42,Tony Roberts,olsonsean@example.com,2025-10-26,Keyboard,Photography,4,605,2420,Credit Card
7537,37,Paula Sullivan,moralesmegan@example.org,2024-09-16,Smartphone,Electronics,3,354,1062,Cash
7538,33,Derek Lin,inelson@example.com,2024-05-19,Printer,Electronics,5,142,710,PayPal
7539,19,Chelsea Grant,petersensteve@example.com,2025-12-26,Monitor,Photography,1,969,969,Cash
7540,27,Lindsey Gonzalez,samantha33@example.org,2025-11-15,Speaker,Accessories,1,426,426,PayPal
7541,54,Joe Patel,mosleywilliam@example.org,2025-09-18,Monitor,Photography,5,626,3130,PayPal
7542,38,Denise Lee,tflowers@example.com,2025-06-29,Speaker,Electronics,5,1200,6000,Credit Card
7543,20,Kevin Cortez,vargasjoseph@example.org,2026-02-16,Camera,Photography,1,711,711,Credit Card
7544,24,Jill Jackson,xsalazar@example.com,2024-05-27,Webcam,Accessories,2,1027,2054,Credit Card
7545,27,Jennifer Miller,christinawalker@example.org,2024-07-14,Smartphone,Accessories,2,100,200,Cash
7546,33,John Cook,pamelatapia@example.com,,Camera,Electronics,2,1133,2266,Credit Card
7547,62,Alexis Miller,cstein@example.net,2025-12-12,Smartphone,Accessories,4,990,3960,Cash
7548,22,Sharon Griffin,lhowell@example.org,2026-01-16,Monitor,Accessories,1,144,144,PayPal
7549,39,Justin Wilson,florespamela@example.org,2025-07-20,Printer,Electronics,5,695,3475,Cash
7550,63,Bailey Duncan,melissa26@example.net,2026-02-16,Camera,Electronics,2,154,308,Cash
7551,24,Kristina Cisneros,michael87@example.net,2024-07-21,Laptop,Photography,1,1271,1271,PayPal
7552,52,Tracy Miller,cleon@example.com,,Speaker,Electronics,3,1304,3912,PayPal
7553,43,Sara Cortez,barry11@example.com,2025-11-06,Printer,Photography,2,1247,2494,PayPal
7554,54,Holly Williams,xwright@example.net,2024-12-05,Keyboard,Photography,5,1174,5870,Cash
7555,22,Ronald Wilson,lori01@example.com,2025-02-28,Camera,Accessories,5,32,160,Credit Card
7556,60,Joseph Dixon,michaelnorton@example.com,2024-04-25,Speaker,Photography,5,502,2510,Credit Card
7557,42,Paul Sanchez,fmoreno@example.net,2025-04-15,Tablet,Electronics,4,528,2112,PayPal
7558,68,Mary Rangel,catherine16@example.org,2024-06-03,Tablet,Photography,3,1357,4071,Cash
7559,58,Carl Campbell,halematthew@example.com,2024-11-29,Smartphone,Accessories,2,125,250,Credit Card
7560,22,Brian Smith,uhorton@example.org,2024-09-01,Smartphone,Accessories,5,363,1815,PayPal
7561,28,Benjamin Martin,andrea16@example.net,2024-12-24,Monitor,Accessories,1,156,156,Cash
7562,66,Anna Lara,amy26@example.org,2024-07-31,Speaker,Electronics,3,170,510,Credit Card
7563,27,Alexandria Fernandez,andersontracy@example.com,,Headphones,Accessories,4,1449,5796,PayPal
7564,51,Jacob Smith,james47@example.com,2025-06-28,Laptop,Accessories,5,417,2085,Cash
7565,53,Dawn Morrison,wilsoneric@example.org,2025-01-28,Tablet,Accessories,1,144,144,Cash
7566,27,Katherine Tanner,kaitlin78@example.com,2025-04-09,Smartphone,Electronics,3,1029,3087,Credit Card
7567,69,Shelley Bennett,bethany76@example.net,2024-11-23,Mouse,Accessories,5,62,310,PayPal
7568,50,Raymond Wright,martinjerry@example.org,2026-02-24,Headphones,Accessories,1,767,767,Cash
7569,54,Colin Moss,jennifer48@example.net,2025-11-09,Keyboard,Electronics,5,25,125,Cash
7570,34,Carolyn Valencia,mhall@example.com,2025-11-02,Smartphone,Electronics,4,682,2728,Credit Card
7571,45,Jessica Baker,jeffreynelson@example.com,2024-04-20,Smartphone,Electronics,2,291,582,Credit Card
7572,62,Carol Anthony,qmorgan@example.com,2025-02-23,Mouse,Electronics,1,343,343,PayPal
7573,63,Anthony Bryant,shaun09@example.org,2024-03-21,Headphones,Electronics,5,382,1910,PayPal
7574,56,Vanessa Yates,jonestimothy@example.com,2024-07-01,Speaker,Electronics,1,586,586,Credit Card
7575,44,,khanjoseph@example.com,2025-05-22,Mouse,Photography,2,1494,2988,Credit Card
7576,39,Kaitlyn Wright,estradadavid@example.com,2025-02-11,Smartphone,Electronics,5,597,2985,Credit Card
7577,45,Samantha Soto,asantos@example.net,2024-06-09,Keyboard,Accessories,2,537,1074,Credit Card
7578,23,Juan Levy DDS,bquinn@example.org,2024-05-25,Speaker,Photography,3,853,2559,PayPal
7579,44,Alexis Long,sbrown@example.com,2024-03-18,Mouse,Accessories,1,424,424,PayPal
7580,70,Jennifer Morse,ddavis@example.com,2025-02-22,Printer,Photography,4,366,1464,Credit Card
7581,63,Michael Hamilton,qbutler@example.net,2024-09-23,Smartphone,Electronics,2,1113,2226,Credit Card
7582,61,Shannon Williams,zimmermantiffany@example.com,2024-08-08,Camera,Accessories,3,233,699,Credit Card
7583,67,Sydney Tucker PhD,harrellkathleen@example.org,2024-12-17,Webcam,Photography,5,741,3705,PayPal
7584,64,Heidi Ortiz,morganbutler@example.org,2025-06-29,Laptop,Accessories,2,1469,2938,PayPal
7585,33,Jessica Flores,kathleenbrooks@example.com,2025-02-01,Headphones,Electronics,3,1185,3555,PayPal
7586,34,,hamiltonregina@example.com,2024-03-20,Camera,Electronics,4,767,3068,PayPal
7587,37,Stephen Blackburn,eramos@example.org,2024-04-16,Mouse,Electronics,,160,0,Cash
7588,54,Sean Tucker,whitedeborah@example.org,2025-05-16,Mouse,Electronics,4,159,636,Cash
7589,62,Jimmy Acosta,kferguson@example.net,2024-06-26,Smartphone,Electronics,2,174,348,Credit Card
7590,59,Rebecca Sharp,jamiemills@example.net,,Mouse,Electronics,1,256,256,PayPal
7591,46,Elaine Kelly,johnsonalexis@example.com,2024-08-01,Laptop,Photography,4,565,2260,Credit Card
7592,56,Vicki Stout,stevenspatricia@example.org,2024-05-20,Monitor,Electronics,4,1286,5144,Credit Card
7593,39,Daniel Thomas,nicholemorris@example.net,2024-12-10,Printer,Electronics,5,645,3225,Credit Card
7594,59,Mark Mathews,jrivera@example.org,2024-03-03,Tablet,Electronics,2,1234,2468,Cash
7595,24,Mary Reed,juliekennedy@example.net,2024-05-31,Laptop,Electronics,3,247,741,Credit Card
7596,46,Valerie Gross,jessicaparks@example.com,2026-01-20,Printer,Electronics,2,312,624,Credit Card
7597,65,Michael Gonzalez,tanner35@example.org,,Tablet,Accessories,5,120,600,Cash
7598,37,Daniel Holland,adam70@example.com,2024-06-25,Keyboard,Accessories,1,1186,1186,Cash
7599,58,Heather Bright,royhoward@example.net,2025-12-10,Webcam,Accessories,4,1146,4584,Credit Card
7600,19,Cynthia Adams,williamthompson@example.net,2024-05-14,Keyboard,Electronics,4,411,1644,PayPal
7601,45,Kayla Walton,phillipsscott@example.net,2024-11-08,Printer,Accessories,3,1008,3024,PayPal
7602,18,Carolyn Mitchell,kmeyer@example.com,2025-09-05,Webcam,Electronics,5,306,1530,PayPal
7603,55,Patrick Wilson,edwardstina@example.org,2026-01-02,Mouse,Accessories,3,845,2535,PayPal
7604,18,Melissa Olson,jamescooper@example.net,2024-05-27,Speaker,Photography,5,1399,6995,Credit Card
7605,50,Gregory Young,margaretbeasley@example.net,2025-11-02,Laptop,Accessories,2,1324,2648,PayPal
7606,30,Joshua Wright,kayla92@example.org,2024-10-16,Headphones,Photography,2,985,1970,Credit Card
7607,26,Andrea Murillo,sharon23@example.com,,Printer,Electronics,2,689,1378,Credit Card
7608,43,Nathan Rowland,welcheric@example.com,2024-08-22,Keyboard,Electronics,4,515,2060,PayPal
7609,43,Steven Palmer,vjames@example.org,,Tablet,Electronics,5,1455,7275,Credit Card
7610,70,Lindsey Simmons,austiningram@example.org,2025-12-04,Keyboard,Photography,5,1490,7450,PayPal
7611,67,Julie Pittman,webbrobin@example.net,2024-05-05,Laptop,Electronics,1,1050,1050,Credit Card
7612,42,,stewartmary@example.org,2025-02-21,Printer,Photography,2,854,1708,Cash
7613,32,Renee Gibson,thompsonerik@example.net,2025-12-15,Webcam,Electronics,4,1297,5188,Credit Card
7614,50,John Chavez,kimberlynguyen@example.net,,Tablet,Accessories,5,418,2090,Cash
7615,69,Tina Taylor,barry73@example.net,2024-12-20,Tablet,Electronics,1,937,937,Cash
7616,33,,eric50@example.org,2024-04-02,Headphones,Accessories,2,1258,2516,Credit Card
7617,31,Eric Knox,adam54@example.org,2024-11-20,Printer,Electronics,1,1492,1492,Cash
7618,68,Andrew Giles,kyle51@example.net,2025-01-03,Monitor,Photography,3,669,2007,PayPal
7619,23,Gregory Thomas,maurice24@example.net,2024-07-12,Smartphone,Photography,2,1284,2568,Cash
7620,34,Laurie Becker,chelseaholmes@example.org,2025-11-21,Monitor,Photography,5,351,1755,PayPal
7621,63,Victor White,kruegersteve@example.net,2025-04-17,Smartphone,Accessories,1,589,589,Credit Card
7622,60,Christopher Velez,claytonallison@example.com,2025-10-08,Speaker,Accessories,5,936,4680,Credit Card
7623,46,Tanya Monroe,watsonpamela@example.com,2025-11-03,Printer,Photography,1,1254,1254,Credit Card
7624,35,Kayla Branch,campbellrichard@example.org,2025-03-10,Monitor,Photography,3,1250,3750,Credit Card
7625,44,Christopher Shaw Jr.,aaronmckenzie@example.net,2025-09-06,Keyboard,Photography,1,765,765,Cash
7626,29,Andrea Myers,baileyheidi@example.com,2025-12-03,Speaker,Photography,3,707,2121,PayPal
7627,43,Timothy Bailey,carriesmith@example.net,2024-11-11,Headphones,Electronics,3,1345,4035,Credit Card
7628,46,Alexander Hampton,cynthiawalsh@example.com,2025-01-18,Smartphone,Electronics,3,300,900,PayPal
7629,44,William Castillo,meagan32@example.net,2025-12-16,Camera,Electronics,1,989,989,Cash
7630,42,Cory Fitzgerald,erichardson@example.net,2025-11-28,Monitor,Electronics,5,879,4395,Credit Card
7631,22,Hector Franklin,robertawhitehead@example.com,2024-08-07,Camera,Photography,2,1062,2124,PayPal
7632,26,Steven Ford Jr.,alexandergarcia@example.com,,Headphones,Electronics,2,199,398,Credit Card
7633,38,David Harrell,tylerlee@example.org,2025-01-31,Smartphone,Accessories,5,391,1955,PayPal
7634,46,William Smith,websterashley@example.org,2024-10-14,Monitor,Electronics,4,118,472,Cash
7635,40,Michael Cook,zlee@example.org,2024-06-14,Printer,Electronics,3,1128,3384,PayPal
7636,30,Benjamin Parker,troyking@example.org,2025-06-28,Monitor,Photography,2,1346,2692,Cash
7637,35,Christopher Taylor,sward@example.net,2024-04-02,Smartphone,Photography,5,125,625,Cash
7638,40,Natasha Kelley,francojohnathan@example.org,2024-05-20,Smartphone,Photography,4,480,1920,PayPal
7639,61,Hailey Thompson,dbeltran@example.com,2026-01-13,Mouse,Photography,3,1072,3216,PayPal
7640,29,Sean Parks,deborah58@example.com,2026-01-17,Speaker,Electronics,1,328,328,PayPal
7641,67,,renee06@example.org,2024-08-18,Camera,Photography,3,331,993,PayPal
7642,57,Jennifer Moore,rpaul@example.net,2024-10-07,Printer,Electronics,3,616,1848,Cash
7643,36,Jonathan Mcdonald,careyjessica@example.net,2025-09-23,Laptop,Electronics,5,1206,6030,Cash
7644,62,Pamela Jackson,glenn51@example.org,,Headphones,Electronics,1,1219,1219,PayPal
7645,68,Tara Turner,scole@example.net,2025-12-27,Keyboard,Electronics,4,1352,5408,Cash
7646,45,Jessica Moore,tylerwong@example.org,2025-11-01,Printer,Photography,4,1415,5660,PayPal
7647,36,,petersonalyssa@example.com,2024-11-26,Printer,Accessories,3,892,2676,Cash
7648,69,Bryan Hughes,lhernandez@example.org,2025-02-18,Monitor,Accessories,4,817,3268,PayPal
7649,52,Katie Frank,uwhite@example.org,2025-01-31,Keyboard,Photography,1,101,101,Credit Card
7650,54,Mr. Robert Wright,muellermichael@example.com,2024-08-19,Monitor,Electronics,5,1490,7450,Cash
7651,41,Anthony Osborne,kelseygutierrez@example.net,2024-05-12,Printer,Photography,1,368,368,PayPal
7652,55,Molly Gray,nrobbins@example.com,2024-12-15,Smartphone,Photography,2,1219,2438,Credit Card
7653,26,Ronald Silva,tayloraustin@example.org,2024-11-15,Camera,Photography,3,560,1680,Cash
7654,33,April Sanders,barmstrong@example.org,2025-12-25,Mouse,Photography,2,140,280,Cash
7655,57,Madison Joseph,cramirez@example.net,2025-01-01,Keyboard,Accessories,4,258,1032,Credit Card
7656,29,Gina Mendoza,johnstonfaith@example.net,2026-02-19,Camera,Electronics,2,394,788,PayPal
7657,69,Sarah Arroyo,dgreene@example.com,2025-10-30,Camera,Electronics,1,1381,1381,Credit Card
7658,31,Rodney Taylor MD,kgonzalez@example.org,2024-10-09,Speaker,Electronics,1,1413,1413,Credit Card
7659,64,Cynthia Salinas,smithbenjamin@example.com,2024-06-08,Camera,Accessories,2,828,1656,PayPal
7660,49,Michael Garcia,sweeneyhenry@example.org,2025-06-07,Printer,Electronics,1,368,368,Credit Card
7661,59,Kimberly Myers,jamesrodriguez@example.net,2024-07-11,Headphones,Accessories,1,197,197,PayPal
7662,54,Kristina Mccann DVM,charles09@example.net,2025-08-21,Laptop,Photography,4,1072,4288,Cash
7663,21,Daniel Hansen,tcross@example.net,,Monitor,Photography,1,335,335,Cash
7664,19,,kennedyvalerie@example.net,2025-12-08,Printer,Accessories,5,155,775,Credit Card
7665,23,Brooke Lowery,jenkinsjames@example.com,2025-08-31,Keyboard,Accessories,5,77,385,PayPal
7666,67,Gina Poole,maryjohnson@example.net,2025-08-25,Keyboard,Electronics,5,689,3445,Credit Card
7667,58,Daniel Wade,gadams@example.com,2026-01-28,Camera,Electronics,4,1460,5840,PayPal
7668,67,Kelly Green,gwright@example.org,2025-01-23,Keyboard,Electronics,1,789,789,PayPal
7669,59,William Aguirre,robert94@example.org,2025-07-20,Laptop,Photography,1,449,449,Credit Card
7670,27,Warren Smith,zwiley@example.net,2024-04-02,Monitor,Electronics,5,393,1965,Credit Card
7671,65,Jennifer Lucas,jimenezdwayne@example.org,2024-06-04,Speaker,Electronics,5,1122,5610,Credit Card
7672,65,Elizabeth Doyle,lauriewarner@example.org,2024-04-27,Keyboard,Accessories,5,775,3875,Credit Card
7673,21,Jennifer Anderson,nwilliams@example.com,2024-10-28,Printer,Accessories,2,1020,2040,Cash
7674,44,David Morgan Jr.,rhonda28@example.net,2024-11-20,Mouse,Accessories,2,139,278,Credit Card
7675,35,Melinda Beard,jonathanfry@example.com,2025-05-25,Smartphone,Accessories,5,512,2560,Cash
7676,58,Robert Murphy,ericpatrick@example.org,2025-10-02,Monitor,Accessories,1,786,786,Credit Card
7677,19,Anne Williams,juliefletcher@example.net,2025-02-06,Printer,Accessories,1,1186,1186,Cash
7678,22,Dean Lewis,lavila@example.org,2024-10-10,Webcam,Photography,5,1204,6020,PayPal
7679,39,Jason Mitchell,fprice@example.com,,Keyboard,Photography,5,1165,5825,Credit Card
7680,64,Michael Wyatt DDS,elizabeth19@example.org,2025-05-08,Laptop,Electronics,1,700,700,Credit Card
7681,65,,lsutton@example.com,2026-01-05,Monitor,Electronics,4,766,3064,PayPal
7682,22,Alisha Garcia,johnsonchristina@example.net,2025-08-24,Monitor,Electronics,1,1331,1331,PayPal
7683,23,Casey Jenkins,reneerose@example.net,2024-12-22,Tablet,Electronics,1,1276,1276,Cash
7684,61,Alex Whitehead,chadmoran@example.org,2024-08-25,Webcam,Accessories,4,835,3340,Credit Card
7685,64,Jordan Martin,amber66@example.com,2025-09-03,Mouse,Photography,2,585,1170,Credit Card
7686,33,David Pope,adamslaura@example.org,2025-10-02,Printer,Accessories,2,398,796,PayPal
7687,51,David Whitaker,warrenbrenda@example.net,2024-10-18,Smartphone,Electronics,4,1053,4212,PayPal
7688,39,Angela Lewis,christinehill@example.net,2026-02-11,Monitor,Electronics,2,221,442,Credit Card
7689,64,Luis Olson,campbellemily@example.net,2024-06-07,Tablet,Accessories,4,1284,5136,PayPal
7690,52,Heather Vargas,lhernandez@example.net,2026-02-20,Laptop,Electronics,2,616,1232,Cash
7691,26,Yvonne Alvarez,ksimmons@example.org,2025-09-09,Laptop,Accessories,5,1150,5750,Credit Card
7692,44,Laurie Gonzalez,kathleengonzalez@example.org,2024-11-18,Smartphone,Electronics,1,867,867,Credit Card
7693,45,Edward Higgins,reneepeters@example.net,2025-07-12,Webcam,Electronics,1,1026,1026,Cash
7694,35,Helen Poole MD,wcox@example.com,2024-08-28,Speaker,Accessories,,1398,0,PayPal
7695,24,Robin Salinas,idonaldson@example.net,2025-03-18,Headphones,Photography,3,927,2781,PayPal
7696,63,Sarah Moon,richardsonjasmine@example.org,2025-11-30,Mouse,Photography,2,1149,2298,Cash
7697,39,Alicia Johnson,frankgreen@example.net,2024-03-21,Monitor,Photography,1,45,45,Cash
7698,18,Cody Rodriguez,jonesdouglas@example.net,2025-12-09,Printer,Photography,4,1233,4932,Credit Card
7699,20,Matthew Wood,davisadam@example.net,2025-10-16,Speaker,Electronics,4,927,3708,Credit Card
7700,44,Jessica Stewart,victor07@example.net,2025-07-22,Printer,Accessories,3,771,2313,Cash
7701,50,Stephanie Hubbard,jennifer41@example.net,2025-06-05,Camera,Photography,1,167,167,PayPal
7702,60,Kayla Li,valerie44@example.org,2025-02-21,Printer,Accessories,5,358,1790,PayPal
7703,65,Melissa Shea,jennifersmith@example.org,2024-10-06,Webcam,Photography,2,1010,2020,Credit Card
7704,18,Matthew Parks,victoria72@example.net,2025-11-04,Mouse,Accessories,5,172,860,Credit Card
7705,54,Steven Jordan,mharrison@example.com,2026-01-04,Headphones,Accessories,2,379,758,Cash
7706,46,Stephen Flores,carlospadilla@example.org,2024-09-10,Printer,Accessories,1,1126,1126,PayPal
7707,59,,hrose@example.org,2025-12-17,Camera,Photography,2,1295,2590,Credit Card
7708,51,Tanya Matthews,bhart@example.net,2024-08-16,Webcam,Accessories,2,42,84,Credit Card
7709,20,Robert Miller,murphyalyssa@example.org,2024-10-29,Monitor,Photography,5,909,4545,Credit Card
7710,31,Heidi Wilson,jamiecordova@example.org,2026-01-23,Monitor,Electronics,4,1035,4140,Cash
7711,29,Deborah Williams,orodriguez@example.org,2025-12-06,Tablet,Electronics,3,1388,4164,Cash
7712,32,Annette Kirby,pughmichael@example.com,2025-07-23,Speaker,Electronics,3,1160,3480,Credit Card
7713,67,Courtney Carlson,justin76@example.net,2024-09-09,Keyboard,Electronics,1,664,664,PayPal
7714,45,Michael Perry,sawyerjeffrey@example.com,2024-10-20,Mouse,Electronics,3,602,1806,Cash
7715,66,Eric Lee,alexnelson@example.net,2025-12-12,Laptop,Accessories,5,701,3505,Cash
7716,57,Amy Martin,robertcarter@example.com,2026-02-04,Laptop,Accessories,4,1131,4524,Credit Card
7717,24,Andrea Dawson,mmichael@example.org,2025-10-12,Speaker,Photography,3,689,2067,PayPal
7718,65,Daniel Fernandez,natasha38@example.com,2026-02-07,Camera,Photography,2,552,1104,Credit Card
7719,30,Maria Orozco,kfranco@example.net,2025-02-25,Laptop,Photography,2,823,1646,Credit Card
7720,35,Jacob Hernandez,kelleytroy@example.com,2026-01-14,Monitor,Electronics,4,788,3152,PayPal
7721,35,Traci Edwards,nbird@example.org,2025-07-17,Printer,Electronics,1,1278,1278,PayPal
7722,65,Carol Woods,bandrews@example.org,2025-07-18,Tablet,Photography,3,1157,3471,Cash
7723,41,Danielle Newman,turnercarrie@example.com,2025-07-17,Speaker,Accessories,2,943,1886,Credit Card
7724,57,Teresa Freeman,bakerbradley@example.net,,Smartphone,Electronics,,1057,0,PayPal
7725,34,Angela Johnson,watsonjanice@example.org,2025-06-04,Headphones,Electronics,2,687,1374,Credit Card
7726,43,George Mathis,blackwellsamantha@example.org,2024-07-09,Printer,Accessories,4,1242,4968,Cash
7727,57,Laura Roberson,pattonkimberly@example.org,2024-08-13,Printer,Photography,,114,0,Cash
7728,58,Brenda Black,wburke@example.org,,Laptop,Accessories,5,216,1080,PayPal
7729,54,Jason Terry,adrian39@example.com,2025-12-11,Printer,Electronics,1,712,712,PayPal
7730,51,Steven Cooley,adamsgeoffrey@example.com,2025-07-04,Camera,Electronics,2,1489,2978,Cash
7731,69,Michelle Davis,jasonharris@example.com,2025-04-13,Printer,Electronics,3,1051,3153,Credit Card
7732,61,Rebecca Williams,otownsend@example.net,2026-02-12,Webcam,Electronics,3,970,2910,Credit Card
7733,31,Linda Patton,daniellejones@example.org,2025-10-01,Headphones,Accessories,2,1351,2702,Cash
7734,59,Anthony Taylor,susan97@example.net,2026-01-20,Keyboard,Photography,2,1363,2726,Credit Card
7735,31,Rebecca Woods,michael75@example.com,2025-12-04,Speaker,Electronics,2,975,1950,Credit Card
7736,67,Jennifer Morales,jacksonmichele@example.net,2024-09-06,Speaker,Accessories,1,1272,1272,PayPal
7737,46,Courtney Smith,xpayne@example.com,2025-04-07,Webcam,Photography,1,102,102,PayPal
7738,56,James Benjamin,grayjennifer@example.net,2024-08-26,Keyboard,Electronics,3,1459,4377,Cash
7739,61,Kristen Barron,floresdale@example.org,2024-09-27,Webcam,Accessories,5,1440,7200,Credit Card
7740,55,Linda Anderson,waltersbrett@example.org,2024-08-12,Smartphone,Electronics,2,149,298,PayPal
7741,36,David Adams,meredith31@example.com,2026-01-17,Printer,Accessories,5,204,1020,PayPal
7742,22,Stephen English,trevorsanchez@example.com,2025-02-18,Smartphone,Accessories,3,115,345,PayPal
7743,22,Kevin Suarez,aphillips@example.org,,Smartphone,Electronics,4,628,2512,Cash
7744,58,Molly Williams,wmcconnell@example.net,,Printer,Photography,3,471,1413,PayPal
7745,32,Justin Schneider,soliver@example.net,2025-12-09,Laptop,Photography,2,1050,2100,Credit Card
7746,37,Adam Ruiz,qcarpenter@example.net,2025-03-02,Monitor,Accessories,5,982,4910,PayPal
7747,18,Steven Raymond,holly74@example.com,2025-04-11,Webcam,Electronics,5,196,980,Cash
7748,51,Bryce Roy,brooksashley@example.org,2024-06-17,Speaker,Accessories,5,628,3140,PayPal
7749,52,Thomas Kane,lfarrell@example.net,,Smartphone,Accessories,5,622,3110,Cash
7750,38,Colleen Carpenter,gomezlori@example.net,2025-05-29,Printer,Electronics,3,861,2583,PayPal
7751,57,Randall Hodges,burnskelsey@example.com,2025-05-11,Headphones,Photography,5,106,530,Cash
7752,44,William Lamb,bharris@example.com,2025-08-26,Tablet,Electronics,4,563,2252,Cash
7753,54,Diana Johnston,sharonwheeler@example.net,2024-08-18,Headphones,Photography,1,1484,1484,PayPal
7754,54,Laura Gordon,brian66@example.org,2025-11-05,Speaker,Photography,4,542,2168,PayPal
7755,50,Connie Fernandez,haasbrent@example.org,2025-02-02,Tablet,Photography,4,1086,4344,Credit Card
7756,61,Jennifer Harvey,sharonmontgomery@example.net,,Printer,Photography,1,367,367,Cash
7757,32,Carla Young,gonzalezmaria@example.com,2025-10-15,Monitor,Electronics,3,888,2664,Credit Card
7758,46,Christian Peterson,holly06@example.com,2025-01-15,Speaker,Electronics,4,71,284,PayPal
7759,64,Ryan Gray,ddean@example.net,2025-11-21,Smartphone,Electronics,3,1438,4314,Cash
7760,45,Marcus Douglas,rhodeshunter@example.org,2024-12-24,Speaker,Photography,5,771,3855,PayPal
7761,22,Andrea Matthews,jenniferlynch@example.com,2025-11-04,Webcam,Photography,5,1027,5135,Cash
7762,69,David Martin,fknox@example.net,2024-07-22,Printer,Photography,5,48,240,PayPal
7763,53,William Scott,anthony69@example.com,2024-11-23,Smartphone,Photography,3,249,747,Cash
7764,65,Casey Medina,rodriguezvanessa@example.net,2025-04-01,Smartphone,Photography,5,959,4795,Credit Card
7765,46,,treyes@example.org,2025-12-20,Headphones,Photography,1,44,44,Credit Card
7766,47,Michael Shannon,kristophersullivan@example.net,2026-02-07,Laptop,Photography,4,1200,4800,Cash
7767,64,Deborah Becker,craig80@example.com,2024-12-26,Headphones,Photography,1,1316,1316,Cash
7768,69,Shane Simpson,obolton@example.com,2025-07-28,Smartphone,Accessories,3,1202,3606,PayPal
7769,21,Jamie Benson,baileydavid@example.com,2025-02-28,Headphones,Electronics,2,1227,2454,PayPal
7770,19,Sharon Mcmahon,estesbrent@example.org,2024-05-10,Keyboard,Photography,5,1312,6560,Credit Card
7771,42,John Cherry,brownjohn@example.net,2026-01-12,Mouse,Photography,5,1478,7390,PayPal
7772,20,Debra Jackson,nathangarcia@example.com,2024-05-06,Speaker,Accessories,5,907,4535,PayPal
7773,23,Jerry Rios,greenlydia@example.org,2025-09-08,Mouse,Photography,5,1162,5810,Cash
7774,50,Wendy Osborne,cooksandra@example.net,2025-07-09,Mouse,Photography,1,996,996,Credit Card
7775,21,Tracy Robertson,justinmorales@example.net,2025-02-12,Tablet,Photography,4,888,3552,Cash
7776,42,Angela Watkins,hunterclark@example.org,2024-11-30,Laptop,Photography,5,432,2160,PayPal
7777,41,Chase Hall,mooreamber@example.org,2025-11-24,Speaker,Photography,3,80,240,PayPal
7778,23,Robert Griffin,sergiowarner@example.com,,Monitor,Electronics,4,681,2724,PayPal
7779,55,Mark Bass,christopher73@example.net,2024-05-03,Printer,Electronics,1,1373,1373,Credit Card
7780,32,David Johnson,lisarussell@example.org,2025-12-23,Laptop,Accessories,1,759,759,PayPal
7781,66,James Lopez,nancy22@example.org,2024-05-11,Camera,Accessories,2,331,662,Cash
7782,59,Nathaniel Lopez,bramos@example.org,2025-01-01,Keyboard,Electronics,4,78,312,Cash
7783,66,Peter Berger,ronniewelch@example.org,2025-10-05,Laptop,Photography,1,1450,1450,Cash
7784,18,Caitlin Camacho,matthew52@example.com,2025-03-29,Webcam,Accessories,5,1346,6730,Credit Card
7785,42,John Campbell,danielleanderson@example.net,2025-02-18,Tablet,Electronics,3,802,2406,Credit Card
7786,20,Peter Perez,ocollins@example.com,,Keyboard,Accessories,3,913,2739,Credit Card
7787,21,Kelly Williams,zfuller@example.net,2025-09-27,Laptop,Electronics,3,665,1995,Cash
7788,34,Laura Walker,heatherrobinson@example.net,2026-01-17,Webcam,Photography,1,58,58,Credit Card
7789,40,Debra Golden,michael94@example.net,,Mouse,Accessories,1,143,143,PayPal
7790,53,Christina Myers,briandavenport@example.com,2025-03-17,Monitor,Accessories,5,1147,5735,Cash
7791,54,Alex Mayer,benjaminjackson@example.com,2025-01-07,Tablet,Accessories,5,705,3525,Cash
7792,31,Kelly Wilson,hmaxwell@example.org,2024-05-10,Laptop,Photography,4,42,168,Credit Card
7793,34,Robert Garcia,allenbradley@example.org,2025-05-16,Monitor,Accessories,2,722,1444,Cash
7794,46,Lindsay Parker,leekathryn@example.com,2024-10-19,Smartphone,Photography,3,709,2127,PayPal
7795,46,Veronica Hicks,philipreese@example.org,2024-05-23,Mouse,Electronics,2,361,722,Cash
7796,37,Samantha Perez,joshua84@example.net,2024-08-26,Smartphone,Accessories,4,153,612,PayPal
7797,37,Joel Hawkins,scisneros@example.com,2024-09-19,Laptop,Electronics,1,1023,1023,PayPal
7798,31,Karen Bryant,jason38@example.org,,Printer,Accessories,1,982,982,Cash
7799,61,Matthew Carpenter,jamie10@example.org,2024-07-16,Camera,Accessories,1,835,835,Credit Card
7800,63,Dr. Kenneth Sullivan,urichardson@example.com,2024-04-03,Camera,Electronics,2,525,1050,PayPal
7801,20,Andrew Cameron,xking@example.org,2024-10-11,Smartphone,Photography,4,68,272,PayPal
7802,30,Keith Ramirez,bensonmadison@example.net,,Headphones,Accessories,3,504,1512,PayPal
7803,45,James Lowe,zmartin@example.net,2026-01-30,Camera,Photography,2,1177,2354,PayPal
7804,26,Sarah Hardy,harrisonsabrina@example.org,2025-09-16,Speaker,Electronics,2,1259,2518,Cash
7805,54,Christina Bailey,kemperic@example.org,2026-02-09,Webcam,Accessories,3,475,1425,Cash
7806,68,Joseph Lopez,richardtownsend@example.net,2024-03-03,Camera,Photography,2,968,1936,Cash
7807,38,Lisa Miller,james50@example.org,2024-09-07,Printer,Photography,2,1240,2480,PayPal
7808,46,Jennifer Ibarra,robertojohnson@example.net,2025-11-19,Laptop,Photography,5,727,3635,Credit Card
7809,59,Peter Peck,kennethadams@example.com,2025-11-26,Printer,Electronics,4,1397,5588,Cash
7810,34,Becky Davis,valeriesalinas@example.net,2024-03-15,Webcam,Electronics,2,550,1100,Cash
7811,47,Felicia Olsen,fergusonteresa@example.org,2026-02-09,Camera,Electronics,4,603,2412,Cash
7812,70,Collin Ramirez,acampbell@example.org,2025-09-22,Smartphone,Photography,4,851,3404,Credit Card
7813,43,Kimberly Hale,jennifertorres@example.org,2025-03-25,Laptop,Accessories,5,1489,7445,Credit Card
7814,69,David Snyder,jgonzalez@example.org,2026-02-17,Speaker,Accessories,2,1295,2590,Cash
7815,60,Kimberly Conrad,samantha96@example.com,2025-07-26,Monitor,Photography,1,21,21,PayPal
7816,61,Andre Klein,pyu@example.com,2025-05-18,Camera,Accessories,3,1346,4038,Credit Card
7817,25,Megan Mueller,henryjeffery@example.org,,Camera,Accessories,5,811,4055,Cash
7818,67,David Moore,nicolefarrell@example.com,2024-06-27,Smartphone,Photography,1,1183,1183,Credit Card
7819,38,Jeffrey Cowan,jenniferweiss@example.com,2024-07-25,Camera,Accessories,4,718,2872,Cash
7820,63,Jonathan Olsen,bferguson@example.net,2024-07-11,Headphones,Accessories,3,628,1884,PayPal
7821,58,Bradley West,hendersonjustin@example.net,2024-12-09,Printer,Electronics,4,510,2040,Cash
7822,60,Sylvia Hall,hollyhunter@example.net,,Webcam,Electronics,2,776,1552,Cash
7823,28,Julie Black,christopher50@example.net,2025-04-25,Camera,Accessories,3,83,249,Cash
7824,49,David Thompson,jason93@example.com,2024-08-03,Keyboard,Photography,3,694,2082,PayPal
7825,70,Jaime Hansen,griffinbrian@example.com,2025-06-09,Monitor,Photography,5,414,2070,PayPal
7826,58,Ronald Adams,leepatrick@example.com,2024-04-11,Mouse,Photography,3,238,714,Cash
7827,54,Justin Shaw,gsolomon@example.net,2025-06-15,Webcam,Photography,4,864,3456,Cash
7828,64,Sergio Harris,craig72@example.net,2025-11-14,Headphones,Electronics,2,840,1680,PayPal
7829,48,Gloria Horton,angelacook@example.com,,Tablet,Electronics,3,1164,3492,Cash
7830,39,,marylozano@example.net,2025-10-12,Webcam,Photography,4,127,508,Cash
7831,33,Erica Gomez,arodriguez@example.net,2025-10-19,Headphones,Accessories,,1256,0,PayPal
7832,58,Courtney Martin,ogreene@example.org,2026-02-24,Camera,Accessories,3,1010,3030,PayPal
7833,59,Eric Huang,alicia72@example.org,2025-02-20,Camera,Accessories,4,236,944,Cash
7834,47,Erin Romero,ulawson@example.org,2025-10-09,Headphones,Photography,3,726,2178,PayPal
7835,42,Valerie Carroll,vgonzales@example.net,2026-02-20,Laptop,Photography,1,208,208,Credit Card
7836,57,Joseph Thompson,monicapark@example.org,2025-10-03,Tablet,Photography,1,73,73,Cash
7837,45,Sara Buckley,vaughanwhitney@example.org,2026-01-27,Monitor,Electronics,3,548,1644,Credit Card
7838,24,Kathryn Parker,msmith@example.org,2026-01-31,Tablet,Accessories,1,291,291,Cash
7839,44,Jason Roberts,rbryant@example.com,2024-06-21,Keyboard,Photography,2,1479,2958,Credit Card
7840,54,David Martinez,iclements@example.com,2025-02-08,Tablet,Accessories,5,1215,6075,Credit Card
7841,64,Michael Lopez,garybaker@example.com,,Mouse,Accessories,3,194,582,Cash
7842,60,Virginia Frazier,evan36@example.org,2024-11-14,Keyboard,Accessories,2,237,474,Cash
7843,49,Daniel Baker,fowlerbenjamin@example.org,2025-08-31,Monitor,Accessories,3,1436,4308,Cash
7844,39,,joneskara@example.com,2025-11-14,Mouse,Photography,1,1334,1334,PayPal
7845,23,Todd Wolf,jeremygarcia@example.net,2024-10-18,Printer,Photography,1,1014,1014,Credit Card
7846,21,Shannon White,smithjoseph@example.com,2024-07-07,Keyboard,Photography,3,341,1023,PayPal
7847,69,Theresa Martinez,samuel84@example.com,2026-01-26,Headphones,Photography,4,949,3796,PayPal
7848,36,Kayla Pearson,cmitchell@example.com,,Speaker,Electronics,2,327,654,Cash
7849,43,Denise Williamson,timothywinters@example.org,2025-11-12,Camera,Electronics,1,1273,1273,Cash
7850,57,Margaret Dunn,bbrown@example.com,2024-10-30,Tablet,Photography,5,412,2060,Cash
7851,29,Catherine Mccarty,aaron60@example.org,2024-04-10,Camera,Accessories,4,315,1260,Credit Card
7852,38,Regina Olson,johnsonfrederick@example.org,,Camera,Photography,1,1160,1160,PayPal
7853,51,Christian Alvarado,micheal51@example.net,2024-05-27,Keyboard,Photography,4,427,1708,Credit Card
7854,48,Charles Hicks,justingarcia@example.net,2024-05-08,Mouse,Photography,2,1385,2770,Credit Card
7855,39,Angela Harris,john69@example.org,2024-03-25,Headphones,Photography,2,778,1556,PayPal
7856,67,Lindsay Fox,kendragonzalez@example.net,2025-02-14,Laptop,Electronics,3,1432,4296,PayPal
7857,29,Robert Dominguez,gstevenson@example.com,2024-11-25,Laptop,Photography,1,734,734,PayPal
7858,28,,ramirezdonna@example.net,,Smartphone,Accessories,4,296,1184,Cash
7859,42,Carrie Frye,harrisjesse@example.net,2025-09-20,Camera,Photography,1,1377,1377,Cash
7860,56,Thomas Miller,heather32@example.com,2025-06-25,Camera,Electronics,1,896,896,PayPal
7861,20,Jessica Moran,tapiathomas@example.com,2025-01-12,Printer,Electronics,3,1270,3810,Cash
7862,42,Michael Watson,ehart@example.net,2025-02-01,Headphones,Electronics,5,1144,5720,PayPal
7863,33,Mary Griffith,james42@example.net,2025-12-09,Printer,Photography,2,846,1692,Cash
7864,47,Kevin Hall,wandaphillips@example.org,2025-03-28,Keyboard,Electronics,5,877,4385,Credit Card
7865,41,Edward Smith,vperez@example.com,2026-02-04,Monitor,Electronics,2,495,990,PayPal
7866,57,Jason Martin,montoyatristan@example.net,2025-02-15,Smartphone,Accessories,3,994,2982,Credit Card
7867,56,Jon Odonnell,lisagreen@example.org,2024-08-25,Webcam,Electronics,2,1258,2516,Credit Card
7868,39,Lisa Smith,ramirezjames@example.org,2025-06-02,Laptop,Photography,4,1401,5604,PayPal
7869,63,Jennifer Gonzalez,stevensonrita@example.com,2025-03-25,Monitor,Accessories,1,1161,1161,Cash
7870,43,Stephanie Murphy,meghanmurphy@example.net,2025-10-20,Keyboard,Photography,4,232,928,Credit Card
7871,69,Michelle Perez,jamiewilson@example.com,2025-10-24,Speaker,Accessories,4,1121,4484,Credit Card
7872,27,Jessica Thornton,marcus02@example.net,2026-01-18,Laptop,Accessories,5,493,2465,Cash
7873,56,Jennifer Wright,bjohnson@example.com,2024-09-24,Speaker,Photography,5,1434,7170,Credit Card
7874,38,Jeffrey Marshall,williamstafford@example.net,2025-07-10,Speaker,Electronics,1,1484,1484,Credit Card
7875,28,Thomas Reyes,thompsonzachary@example.com,2025-04-25,Laptop,Electronics,1,912,912,Credit Card
7876,28,Tina Garcia,gkennedy@example.com,2025-02-18,Webcam,Photography,3,59,177,Cash
7877,46,John Lamb,rhorn@example.net,2024-10-02,Monitor,Electronics,5,983,4915,Credit Card
7878,32,Jonathan Camacho,cainadam@example.com,2026-02-10,Camera,Photography,4,160,640,PayPal
7879,30,Derek Gonzales,holly02@example.org,2024-09-01,Smartphone,Electronics,2,1089,2178,Cash
7880,27,David Dorsey,morganreilly@example.com,2025-04-24,Tablet,Electronics,1,797,797,Credit Card
7881,64,Jamie Mueller,gamblemartha@example.com,2024-09-04,Tablet,Accessories,1,1330,1330,PayPal
7882,38,,tracy36@example.com,2025-02-15,Smartphone,Photography,4,805,3220,Cash
7883,27,Dr. Maria West,dabbott@example.com,2025-01-10,Laptop,Accessories,5,283,1415,PayPal
7884,36,Shane Mcintosh,lindagriffith@example.com,2025-05-02,Monitor,Electronics,5,919,4595,Credit Card
7885,65,Mark Hodges,elizabeth84@example.net,2025-03-10,Headphones,Photography,3,1120,3360,Cash
7886,49,Andrew Duncan,linda18@example.org,2025-02-03,Tablet,Accessories,3,1063,3189,Credit Card
7887,29,Nicole Gardner,crobinson@example.org,2024-04-30,Printer,Photography,3,1227,3681,Credit Card
7888,66,Ronald Hendricks,victor26@example.org,2026-02-10,Smartphone,Accessories,1,1077,1077,PayPal
7889,57,Rachel Brady,nicole93@example.com,2025-04-21,Printer,Electronics,1,542,542,Credit Card
7890,24,Jason Mitchell,jeffbolton@example.com,2025-05-27,Mouse,Photography,2,578,1156,Credit Card
7891,22,Felicia Reyes,brandon65@example.com,2025-04-30,Speaker,Photography,1,1328,1328,Credit Card
7892,60,Sonya Sheppard,davidholder@example.net,2026-02-22,Speaker,Photography,3,366,1098,Cash
7893,28,Christopher Henderson,taylor34@example.net,2025-10-26,Smartphone,Photography,3,1065,3195,Credit Card
7894,22,Alexander Ramirez,vgutierrez@example.net,,Camera,Accessories,5,601,3005,Cash
7895,69,Samantha Ryan,jacquelineroberts@example.net,,Laptop,Electronics,4,1245,4980,PayPal
7896,63,Gabriela Campbell,hallzachary@example.org,2024-12-01,Smartphone,Electronics,4,962,3848,PayPal
7897,19,Jesus Phillips,laurafaulkner@example.net,2025-03-27,Smartphone,Electronics,4,114,456,Credit Card
7898,29,Kelly Davis,pmartin@example.net,2024-12-15,Smartphone,Photography,2,262,524,Credit Card
7899,58,,klee@example.org,2024-10-20,Headphones,Electronics,3,366,1098,Credit Card
7900,53,Miss Wendy Phillips,bishopjoshua@example.com,2025-05-13,Keyboard,Electronics,4,268,1072,PayPal
7901,28,Crystal Johnson,williamsseth@example.com,2024-09-26,Webcam,Photography,3,819,2457,PayPal
7902,20,Latoya Sanchez,kimberlysalinas@example.org,2026-02-12,Tablet,Photography,1,1086,1086,PayPal
7903,20,Brian Gamble,julia15@example.org,2024-04-05,Tablet,Electronics,3,986,2958,Cash
7904,46,Bradley Dean,andrew84@example.com,2025-02-10,Monitor,Photography,5,1239,6195,Credit Card
7905,45,Patrick Donaldson,alvarezphillip@example.com,2025-01-25,Speaker,Photography,1,1291,1291,Credit Card
7906,21,Cody Perry,clopez@example.org,2024-07-25,Webcam,Accessories,2,1340,2680,Cash
7907,48,Lauren Gonzalez,yowens@example.net,2024-10-09,Mouse,Photography,1,647,647,Credit Card
7908,29,Anthony Horton,tshaffer@example.org,2025-12-24,Keyboard,Electronics,5,1157,5785,Credit Card
7909,45,Bethany Frost,nancy13@example.net,2025-04-10,Camera,Accessories,5,557,2785,PayPal
7910,41,Richard Logan,daniellesuarez@example.org,2025-03-29,Tablet,Accessories,4,185,740,Cash
7911,24,Edwin Perez,jonesjennifer@example.net,2024-10-12,Webcam,Electronics,2,380,760,Credit Card
7912,68,Christine Kline,xlevy@example.com,2024-04-07,Speaker,Electronics,4,660,2640,PayPal
7913,67,Susan Alexander,curtisdavis@example.com,2026-01-16,Webcam,Electronics,3,1256,3768,PayPal
7914,37,Kevin Jarvis,cameron22@example.org,2026-02-17,Laptop,Accessories,4,645,2580,PayPal
7915,51,Brandi Marquez,colton41@example.org,2024-08-12,Headphones,Accessories,3,597,1791,Credit Card
7916,60,Brian Griffin,melissacortez@example.org,2025-02-26,Webcam,Electronics,2,622,1244,Cash
7917,35,Karen Odonnell DDS,michelle73@example.com,2025-10-09,Webcam,Electronics,3,325,975,Cash
7918,23,James Hayes,fevans@example.com,2025-05-19,Camera,Accessories,4,1495,5980,PayPal
7919,23,Jill Carr,qbean@example.org,2026-02-24,Keyboard,Photography,1,898,898,PayPal
7920,43,Amanda Zamora,wpotter@example.org,2024-04-08,Webcam,Photography,3,1256,3768,Credit Card
7921,51,Christopher Martinez,cortezjoshua@example.com,2025-04-27,Monitor,Electronics,3,435,1305,Credit Card
7922,35,Dana Sanford,melissa48@example.net,2025-04-26,Camera,Accessories,2,1106,2212,PayPal
7923,68,Deborah Edwards,latashamolina@example.net,2025-03-23,Headphones,Accessories,3,1435,4305,PayPal
7924,26,Shirley Lowe,unewman@example.org,2024-09-23,Webcam,Photography,5,1231,6155,Credit Card
7925,20,Steven Johnson,kayla15@example.com,2025-11-03,Laptop,Accessories,2,678,1356,PayPal
7926,53,Lindsey Dennis,christopher51@example.net,2025-12-18,Smartphone,Photography,2,1101,2202,Credit Card
7927,44,Joan Young,nbrown@example.org,2025-04-02,Smartphone,Accessories,3,128,384,PayPal
7928,24,Jennifer Harris,edward74@example.net,2025-02-26,Tablet,Electronics,3,472,1416,Credit Card
7929,24,Megan Townsend,robin95@example.org,2025-03-08,Keyboard,Photography,1,564,564,Credit Card
7930,43,Kimberly Anderson,othompson@example.net,2025-05-10,Printer,Electronics,1,1096,1096,Cash
7931,31,Jimmy Mitchell,davispamela@example.net,2024-09-23,Webcam,Accessories,4,586,2344,Credit Card
7932,56,Robert Evans,david83@example.com,2024-08-26,Camera,Photography,5,985,4925,Cash
7933,36,Michael Robinson,james85@example.net,2025-04-19,Speaker,Electronics,5,122,610,PayPal
7934,31,Christina Burns,joannereeves@example.net,2025-06-13,Mouse,Photography,5,626,3130,PayPal
7935,62,Audrey Harris,tammy01@example.org,,Mouse,Photography,2,763,1526,PayPal
7936,28,Dylan Wright,lchambers@example.org,2024-11-22,Laptop,Photography,1,514,514,Cash
7937,59,Chelsea Hoffman,richard36@example.com,,Tablet,Photography,5,289,1445,PayPal
7938,62,Carl Murillo,deboraharnold@example.com,2024-09-13,Keyboard,Accessories,4,1297,5188,PayPal
7939,23,Vincent Daniels,xhernandez@example.net,2025-09-26,Laptop,Photography,4,991,3964,Credit Card
7940,41,Loretta Hodges,tamihahn@example.org,2024-09-22,Speaker,Accessories,3,557,1671,Credit Card
7941,31,Deanna Curtis,moorebrenda@example.com,2026-02-05,Laptop,Accessories,4,509,2036,Credit Card
7942,52,Tamara Palmer,amber30@example.com,2025-04-30,Mouse,Photography,5,348,1740,Cash
7943,66,Aimee Weaver,berrynicholas@example.net,2025-11-09,Smartphone,Electronics,4,820,3280,PayPal
7944,22,Jonathon Garcia,moorecharles@example.org,2024-03-28,Speaker,Electronics,2,477,954,Credit Card
7945,54,Tracy Moore,samantha60@example.net,2024-07-07,Keyboard,Accessories,1,1254,1254,Cash
7946,24,Madison Smith,joshua09@example.net,2025-12-01,Laptop,Accessories,4,1219,4876,PayPal
7947,66,Donna Dean,michaelroberts@example.net,2025-03-17,Printer,Photography,5,891,4455,PayPal
7948,62,Mario Robinson,benjaminkane@example.net,2025-08-08,Monitor,Accessories,5,838,4190,Cash
7949,46,Walter Martinez,riggsashley@example.org,2026-01-07,Keyboard,Accessories,4,219,876,Cash
7950,42,Taylor Shaw,joshuastark@example.net,2024-03-25,Smartphone,Electronics,5,381,1905,PayPal
7951,28,Sydney Lee,kflowers@example.com,2025-08-09,Webcam,Accessories,5,1292,6460,Credit Card
7952,50,Deborah Johnson,steven30@example.net,2024-09-15,Headphones,Accessories,2,1113,2226,Credit Card
7953,25,Kimberly Rich,robertlara@example.com,2024-10-15,Mouse,Photography,2,262,524,Cash
7954,35,Andrew Cisneros,rosematthews@example.com,2025-01-16,Tablet,Photography,3,609,1827,PayPal
7955,32,Jennifer Ashley,valenciadouglas@example.org,2025-10-27,Tablet,Electronics,3,803,2409,Credit Card
7956,25,Jeffrey Baker,megan90@example.net,,Webcam,Accessories,5,484,2420,PayPal
7957,36,Frank Shepard,ppreston@example.net,2024-06-30,Monitor,Accessories,1,785,785,Credit Card
7958,61,Jasmine Fisher,jeremygould@example.net,2025-03-12,Headphones,Accessories,3,580,1740,Cash
7959,30,Crystal Smith,tracy95@example.com,2024-10-03,Speaker,Electronics,5,736,3680,Cash
7960,33,Sherry Mclean,antonio96@example.org,2025-08-26,Printer,Accessories,1,852,852,PayPal
7961,30,Jenna Harris,daviddavis@example.org,2026-02-13,Mouse,Electronics,1,222,222,Cash
7962,40,David Barton,owenselizabeth@example.org,2024-09-01,Tablet,Electronics,2,1114,2228,PayPal
7963,63,Jenny Johnson,reeserobert@example.org,2024-04-05,Headphones,Photography,5,977,4885,Credit Card
7964,52,Teresa Nichols,nsnyder@example.net,2025-10-07,Keyboard,Photography,5,1027,5135,Credit Card
7965,48,Henry Morgan,tylerdixon@example.org,2025-01-31,Printer,Photography,5,892,4460,Credit Card
7966,70,Patrick Ortiz,tammygreer@example.com,2024-10-09,Camera,Accessories,1,706,706,Cash
7967,69,Mark Maldonado,stanleytanya@example.com,2025-03-10,Speaker,Photography,1,587,587,Cash
7968,24,Timothy Hall,paul98@example.org,2024-12-31,Smartphone,Accessories,2,101,202,PayPal
7969,32,Lisa Carpenter,smithjessica@example.org,,Keyboard,Electronics,1,182,182,PayPal
7970,58,Joshua Patrick,henrycurry@example.net,2024-07-10,Keyboard,Accessories,4,170,680,PayPal
7971,48,Javier Proctor,toddbrown@example.org,2025-03-07,Speaker,Electronics,5,30,150,Credit Card
7972,40,Manuel Fisher,megan60@example.net,,Mouse,Accessories,3,1067,3201,Cash
7973,29,Melissa West,watkinsstephanie@example.com,2025-06-15,Webcam,Accessories,2,661,1322,Cash
7974,20,David Dorsey,dickersonpatrick@example.org,2024-04-22,Keyboard,Electronics,4,1393,5572,Cash
7975,33,Tonya Barnes,bonnieschultz@example.com,2025-12-28,Printer,Photography,2,209,418,Credit Card
7976,46,Ronnie Weaver,jennifer92@example.com,2024-07-17,Printer,Photography,4,625,2500,Cash
7977,25,Jennifer Mcpherson,jeremysmith@example.com,2024-08-08,Speaker,Photography,2,173,346,PayPal
7978,51,,martinalex@example.org,2024-06-16,Monitor,Accessories,3,568,1704,Cash
7979,47,Sophia Kim,johnsantiago@example.net,2024-06-11,Headphones,Photography,4,208,832,Cash
7980,27,Brad Matthews,ashleetyler@example.net,2025-10-20,Mouse,Accessories,5,1143,5715,Cash
7981,26,Michelle Perez,jessicacooper@example.org,2025-01-11,Headphones,Photography,3,1385,4155,PayPal
7982,53,,franklinsteven@example.net,2026-02-04,Camera,Photography,4,1199,4796,Cash
7983,48,Steven Smith,whitepamela@example.com,2025-03-14,Keyboard,Photography,4,1453,5812,Cash
7984,67,John Mahoney,nicolehaley@example.net,2025-12-13,Keyboard,Accessories,4,355,1420,PayPal
7985,51,Courtney Harper,colleen14@example.com,2024-05-25,Webcam,Electronics,5,267,1335,Credit Card
7986,38,Stephen Perry,murphyholly@example.com,2024-10-31,Monitor,Photography,1,201,201,Credit Card
7987,59,Noah Fox,stanleymercado@example.org,2024-09-09,Webcam,Accessories,5,455,2275,PayPal
7988,29,Megan Woods,xnelson@example.org,2025-08-27,Keyboard,Electronics,2,471,942,PayPal
7989,52,Julie Nielsen,robert62@example.org,2025-08-30,Speaker,Electronics,1,1050,1050,Cash
7990,66,Stephen Martinez,johnsondenise@example.com,2025-10-17,Mouse,Accessories,3,621,1863,PayPal
7991,42,,idelacruz@example.com,2024-04-28,Laptop,Photography,3,536,1608,Credit Card
7992,34,Ronald Perry,julie71@example.org,2025-05-16,Keyboard,Photography,2,933,1866,PayPal
7993,29,Jeffrey Price,jacksonjonathan@example.com,2025-08-27,Monitor,Photography,1,225,225,Cash
7994,47,Morgan Boyd,omahoney@example.com,2025-12-20,Mouse,Electronics,3,789,2367,PayPal
7995,46,Timothy Hunter,megandavis@example.org,2025-07-18,Keyboard,Accessories,5,509,2545,Cash
7996,38,Kristina Matthews,blopez@example.net,2025-10-02,Webcam,Electronics,2,1046,2092,PayPal
7997,63,Matthew Dominguez,triciaperry@example.net,2025-06-09,Laptop,Accessories,2,1042,2084,PayPal
7998,62,Joseph Holt,lhenson@example.net,2025-02-27,Printer,Accessories,2,1383,2766,PayPal
7999,70,Anna Jones,larsonjames@example.org,,Laptop,Photography,2,1485,2970,PayPal
8000,33,Nathan Johnson,martinthomas@example.com,,Headphones,Electronics,5,784,3920,Cash
8001,30,Mrs. Sheila Woodard,grayalison@example.net,2024-09-30,Mouse,Accessories,5,562,2810,Cash
8002,30,Daniel Davis,briggsjoshua@example.com,2026-01-05,Webcam,Electronics,3,1490,4470,Cash
8003,27,Sylvia Jordan,johnschneider@example.org,2024-08-11,Printer,Electronics,4,40,160,Cash
8004,63,Deborah Meyer,cwolfe@example.com,2024-03-12,Mouse,Photography,1,99,99,Credit Card
8005,19,Mitchell Brown,gmills@example.com,2025-01-10,Tablet,Accessories,5,1373,6865,PayPal
8006,19,Brooke Sherman,mcbridemariah@example.org,,Headphones,Photography,5,1101,5505,PayPal
8007,65,,kelly18@example.net,2025-06-10,Monitor,Electronics,2,1388,2776,Credit Card
8008,38,Sandra Golden,xpowers@example.org,,Camera,Photography,5,956,4780,Cash
8009,19,Jessica West,zcox@example.com,2024-05-05,Mouse,Photography,5,1305,6525,Cash
8010,43,Kaitlyn Andrews,felicia54@example.org,2026-01-15,Webcam,Electronics,3,275,825,Cash
8011,43,Kimberly Wilson,toddleon@example.com,2025-03-26,Smartphone,Photography,2,730,1460,Credit Card
8012,45,Kyle Patel,melanie95@example.com,2025-03-28,Camera,Electronics,3,1235,3705,Cash
8013,41,Robert Burke,douglashicks@example.com,2025-10-23,Headphones,Accessories,4,267,1068,Credit Card
8014,30,Emily Turner,wilsonpaul@example.net,2025-06-08,Webcam,Photography,3,313,939,Cash
8015,45,,johnsonmichael@example.net,2025-06-16,Tablet,Electronics,2,1342,2684,Credit Card
8016,61,Brooke Burns,opeterson@example.org,2024-09-06,Printer,Electronics,3,221,663,Cash
8017,21,Troy Anderson,katherineharrison@example.com,2024-05-10,Mouse,Electronics,1,1073,1073,Cash
8018,34,James Ball,levinegeorge@example.com,2024-08-07,Printer,Electronics,3,80,240,PayPal
8019,58,Tammy Hammond,leashley@example.com,2024-03-23,Monitor,Electronics,5,653,3265,Cash
8020,62,Christopher Delgado,steven56@example.net,2025-06-20,Monitor,Accessories,2,1298,2596,Cash
8021,29,Patty Richmond,uwhite@example.com,2024-05-08,Mouse,Accessories,3,1441,4323,Credit Card
8022,51,Jennifer Taylor,patty07@example.net,2025-05-10,Speaker,Accessories,2,635,1270,PayPal
8023,48,Jonathon Combs,arnolddylan@example.com,2024-04-24,Monitor,Electronics,2,1346,2692,Credit Card
8024,29,Megan Rivera,xhill@example.org,2025-01-09,Laptop,Photography,,949,0,Cash
8025,49,Eric Mcdaniel,xjones@example.com,2025-03-08,Keyboard,Electronics,5,1201,6005,PayPal
8026,45,Alicia Martinez,raven61@example.net,2024-03-30,Speaker,Photography,5,1252,6260,Credit Card
8027,35,Anna Hardy,stephenruiz@example.com,2024-08-25,Speaker,Photography,1,1478,1478,Cash
8028,64,Kristin Duran,lrubio@example.org,2025-05-01,Printer,Photography,5,1360,6800,Cash
8029,53,Randy Mcneil,cynthia42@example.org,2026-01-06,Camera,Photography,1,873,873,Credit Card
8030,31,Deborah Miller,zmoore@example.com,,Printer,Accessories,4,572,2288,Cash
8031,70,Susan Scott,camposaaron@example.com,2025-04-07,Camera,Accessories,5,525,2625,PayPal
8032,43,Steven Willis,mcculloughbrandon@example.net,2024-07-19,Tablet,Photography,2,354,708,Cash
8033,44,Timothy Oliver,katrina96@example.org,2024-08-03,Headphones,Electronics,1,1381,1381,PayPal
8034,61,Ashlee George,hcase@example.net,2024-08-22,Monitor,Photography,4,1060,4240,Cash
8035,42,Jeffrey Shannon,kingsusan@example.org,2026-02-05,Laptop,Electronics,3,938,2814,Cash
8036,35,David Smith,zsmith@example.org,2025-12-23,Mouse,Accessories,4,840,3360,Cash
8037,61,Chris Frank,whernandez@example.com,2024-06-09,Headphones,Photography,1,512,512,Cash
8038,63,Heather Byrd,heatherharris@example.net,2026-02-07,Speaker,Electronics,4,1319,5276,PayPal
8039,39,Melissa Brown,natashajohnson@example.com,2025-04-06,Tablet,Electronics,,464,0,Cash
8040,58,Autumn Hobbs,andrew04@example.org,2025-08-18,Tablet,Accessories,1,615,615,Credit Card
8041,35,Jeremy Stanton,jaredwood@example.org,,Speaker,Photography,3,667,2001,Credit Card
8042,33,Deanna Hartman,kirbykimberly@example.org,2024-07-01,Camera,Photography,1,73,73,Credit Card
8043,68,James Moore,zjohnson@example.com,2025-05-12,Printer,Photography,2,362,724,Cash
8044,26,Christine Williams,vanessa58@example.org,2025-11-21,Headphones,Photography,2,185,370,Cash
8045,24,Mr. Curtis Cain,hansenalan@example.org,2025-07-23,Speaker,Electronics,3,1138,3414,PayPal
8046,35,Michael Chan,lisacasey@example.org,,Speaker,Photography,4,65,260,PayPal
8047,40,Roger Moss,laura72@example.org,2025-09-27,Mouse,Electronics,5,592,2960,PayPal
8048,27,Joshua King,fgardner@example.com,2025-07-31,Camera,Accessories,,894,0,Cash
8049,22,Isaac Flynn,luisevans@example.com,2025-07-10,Keyboard,Electronics,4,1140,4560,Credit Card
8050,59,Jacqueline Christensen,williamhoward@example.com,2025-01-30,Mouse,Photography,2,292,584,Credit Card
8051,39,Susan Lloyd,felicia99@example.com,2024-04-29,Smartphone,Electronics,2,1322,2644,Cash
8052,69,Tammy Garza,timothy42@example.net,2025-06-27,Camera,Photography,1,724,724,PayPal
8053,54,William Howard,thompsonkaylee@example.net,2024-03-29,Speaker,Photography,4,811,3244,Credit Card
8054,38,Richard King,alexander48@example.com,2025-08-31,Webcam,Photography,5,1434,7170,Credit Card
8055,31,,duartecatherine@example.com,2025-11-10,Speaker,Electronics,2,791,1582,PayPal
8056,31,Erika Hopkins,cjones@example.com,2024-12-11,Tablet,Accessories,5,404,2020,Cash
8057,56,Denise Smith,felicia12@example.org,2024-05-19,Printer,Electronics,5,841,4205,PayPal
8058,43,Mary Byrd,christian85@example.org,2025-10-02,Mouse,Photography,1,651,651,Credit Card
8059,43,Dawn Hanna,brightlori@example.org,2024-07-24,Laptop,Photography,5,80,400,Cash
8060,45,Brett Lamb,gary77@example.net,2024-11-24,Webcam,Electronics,3,539,1617,Credit Card
8061,57,Andrea Wheeler,scott03@example.org,2025-05-07,Monitor,Electronics,2,1143,2286,Credit Card
8062,60,Kevin Walker,anthonylane@example.com,2025-07-03,Tablet,Photography,3,422,1266,Credit Card
8063,43,Charles Ferguson,stephanieperkins@example.com,2025-10-14,Keyboard,Electronics,3,1058,3174,PayPal
8064,18,Christopher Hamilton MD,yrodriguez@example.net,2024-11-28,Monitor,Photography,1,364,364,Cash
8065,43,Jacqueline Garcia,markowen@example.com,2025-09-01,Mouse,Electronics,1,1091,1091,PayPal
8066,56,Linda Walker,alankennedy@example.com,,Tablet,Electronics,1,1150,1150,PayPal
8067,42,Tracey Thomas,tinatorres@example.net,2024-07-02,Laptop,Electronics,4,1003,4012,Credit Card
8068,37,Matthew Rodriguez,ybenson@example.com,2025-03-11,Tablet,Electronics,5,1245,6225,Credit Card
8069,65,Michael Holt,zbrown@example.com,2025-02-12,Printer,Accessories,2,201,402,PayPal
8070,20,Amanda Harper,lauramejia@example.org,2024-07-14,Headphones,Electronics,3,725,2175,Credit Card
8071,46,Jeffrey Erickson,gregory81@example.com,2025-09-03,Printer,Electronics,3,1262,3786,PayPal
8072,36,Alan Nielsen,baileyjill@example.org,2026-02-02,Smartphone,Accessories,5,335,1675,PayPal
8073,33,Hailey Solomon,julian36@example.net,2025-07-12,Speaker,Electronics,1,51,51,Credit Card
8074,21,Larry Smith,kathleenmadden@example.com,2025-12-24,Printer,Electronics,5,1058,5290,PayPal
8075,25,Lauren Anderson,andrea18@example.net,2025-08-26,Headphones,Electronics,4,1415,5660,Credit Card
8076,68,Stephen Donaldson,grichards@example.org,2024-10-28,Keyboard,Electronics,5,862,4310,PayPal
8077,45,Julie Harris,shellythompson@example.com,2026-01-19,Smartphone,Electronics,4,760,3040,Cash
8078,62,Brian Graham,munozmelody@example.com,2026-01-16,Speaker,Electronics,2,283,566,PayPal
8079,28,Jennifer Monroe,wjohnson@example.org,2024-10-04,Speaker,Electronics,,413,0,PayPal
8080,52,Sarah Johnston,hopkinslawrence@example.net,2025-10-24,Webcam,Electronics,2,770,1540,PayPal
8081,56,Bradley Smith,gregoryross@example.net,2024-06-02,Keyboard,Electronics,3,1419,4257,Cash
8082,31,Brian Avila,maria13@example.org,2024-08-21,Keyboard,Photography,5,95,475,Credit Card
8083,70,Michael Parker,progers@example.org,2024-11-27,Keyboard,Electronics,2,332,664,Credit Card
8084,57,Gregory Johnson,howardjaclyn@example.net,2024-06-21,Monitor,Photography,3,669,2007,Credit Card
8085,35,Shannon Miller,hharris@example.com,2025-05-07,Headphones,Electronics,3,282,846,PayPal
8086,22,Antonio Ruiz,michaelcaldwell@example.net,2025-04-09,Keyboard,Electronics,5,501,2505,Credit Card
8087,58,Steven Hunt,katelyncollins@example.net,2025-02-24,Keyboard,Electronics,3,400,1200,Credit Card
8088,70,Christopher Rodriguez,jeremydillon@example.net,2025-03-14,Headphones,Photography,4,1249,4996,PayPal
8089,52,Emily Jones,lucas83@example.net,2025-07-18,Speaker,Electronics,2,1361,2722,PayPal
8090,67,Jessica Cook,eellison@example.org,2025-07-13,Camera,Electronics,5,944,4720,PayPal
8091,39,Sandra Riddle,dkelley@example.net,2025-06-06,Speaker,Accessories,4,1094,4376,PayPal
8092,54,Thomas Brown,campbellkristen@example.com,2025-10-13,Camera,Photography,1,486,486,Credit Card
8093,51,Erica Brown,david08@example.net,2025-09-20,Smartphone,Electronics,5,953,4765,Credit Card
8094,69,Vanessa Johnson,costabrandon@example.com,2024-11-22,Mouse,Accessories,5,480,2400,Credit Card
8095,35,Denise Velez,bruce70@example.org,2025-11-02,Laptop,Electronics,1,451,451,Cash
8096,42,Patricia Jones,courtney87@example.com,2025-09-27,Laptop,Accessories,5,1066,5330,Credit Card
8097,65,Kathryn Hall,joseph85@example.net,2024-05-05,Laptop,Electronics,5,360,1800,PayPal
8098,25,Luke Lewis,moralestanya@example.org,2026-02-20,Printer,Electronics,1,204,204,Credit Card
8099,30,Steven Wheeler,stephanielarson@example.com,2025-11-09,Tablet,Accessories,5,1077,5385,Cash
8100,56,Danielle Tate,zthompson@example.net,2025-04-26,Keyboard,Photography,2,637,1274,Credit Card
8101,53,Carl Roman,zsanchez@example.com,2025-10-10,Mouse,Photography,2,1189,2378,PayPal
8102,32,Jay Wells,jamietate@example.org,2025-01-15,Headphones,Electronics,5,681,3405,PayPal
8103,23,Ashley Chapman,michael04@example.net,2025-12-25,Smartphone,Accessories,2,1214,2428,Cash
8104,28,James Quinn,markwalters@example.org,2024-10-28,Speaker,Photography,2,1258,2516,Credit Card
8105,42,Elizabeth Harris,travisgray@example.com,2024-07-21,Printer,Electronics,4,1100,4400,Cash
8106,52,Anthony David,rushdaniel@example.com,2026-01-28,Laptop,Photography,5,1271,6355,Cash
8107,35,Kelly Martin,mfletcher@example.com,,Smartphone,Electronics,1,938,938,Cash
8108,63,Nicholas Welch,ihammond@example.net,,Camera,Photography,5,968,4840,Credit Card
8109,69,Kenneth Proctor,xlarsen@example.com,2025-10-11,Laptop,Photography,1,782,782,Cash
8110,61,Mallory Chandler,hernandezkathleen@example.net,2024-12-18,Keyboard,Accessories,5,280,1400,Cash
8111,49,Charles Boone,rebeccaalexander@example.com,2025-10-19,Camera,Photography,5,572,2860,Cash
8112,47,Douglas Hill,tracybautista@example.com,2025-05-09,Headphones,Accessories,4,1386,5544,Credit Card
8113,47,Eric Scott,taracarter@example.net,2024-05-27,Tablet,Accessories,5,717,3585,Credit Card
8114,26,Brendan Tanner,milleralicia@example.org,,Laptop,Accessories,4,811,3244,PayPal
8115,45,,mccormickandrea@example.org,2024-05-02,Monitor,Accessories,1,814,814,Cash
8116,70,Julia Olson,ambercontreras@example.org,2025-01-14,Laptop,Electronics,5,57,285,PayPal
8117,66,,sonya85@example.org,2025-02-22,Camera,Accessories,3,88,264,Credit Card
8118,18,Vickie Torres,jeremy92@example.com,2025-12-29,Headphones,Accessories,2,925,1850,Credit Card
8119,34,Willie Walters,hamiltonkristina@example.org,2026-02-15,Printer,Electronics,4,1261,5044,PayPal
8120,37,Ronald Huff,jamieadams@example.com,2024-05-24,Smartphone,Photography,2,1345,2690,Credit Card
8121,67,Richard Smith,zoejimenez@example.org,2025-12-12,Webcam,Electronics,2,494,988,Credit Card
8122,44,David Adams,emilynorris@example.com,,Keyboard,Electronics,1,199,199,Cash
8123,49,Yvonne Smith,pgarrison@example.org,2024-10-28,Printer,Photography,3,1294,3882,PayPal
8124,59,Phillip Mcintyre,michaelfowler@example.org,2024-10-10,Speaker,Photography,2,684,1368,PayPal
8125,56,Elizabeth Mason,fmcguire@example.com,2026-01-02,Webcam,Accessories,2,203,406,PayPal
8126,34,Victoria Walton DVM,matthewhorton@example.org,2025-12-29,Headphones,Accessories,5,968,4840,Cash
8127,41,Michael Green,scasey@example.org,2025-04-23,Speaker,Accessories,4,751,3004,PayPal
8128,28,Kristi Wood,dan91@example.net,2024-12-07,Laptop,Photography,4,1057,4228,PayPal
8129,68,Mr. Lee Davis,qlewis@example.com,2025-09-11,Tablet,Photography,3,467,1401,PayPal
8130,26,Michael Palmer,zhoffman@example.org,,Monitor,Electronics,4,927,3708,Credit Card
8131,55,Jacob Smith,kathyking@example.net,2026-01-10,Monitor,Photography,2,424,848,Credit Card
8132,41,Stephanie Olson,ureynolds@example.org,2025-08-16,Headphones,Electronics,3,1305,3915,Cash
8133,60,Gary Edwards,timothy71@example.net,2026-02-25,Tablet,Photography,1,1141,1141,Cash
8134,62,Lance Ortiz,scott20@example.com,2024-10-18,Camera,Photography,1,703,703,Credit Card
8135,58,Jeffrey Haney,shannon47@example.com,2025-05-15,Mouse,Photography,5,1473,7365,PayPal
8136,61,John Douglas,katherine96@example.net,2025-12-05,Webcam,Electronics,3,834,2502,Cash
8137,48,Gail Smith,shellyhayes@example.com,2025-08-10,Tablet,Photography,3,763,2289,Credit Card
8138,29,Richard Lara,deborahsmith@example.com,2024-04-30,Laptop,Electronics,3,1494,4482,Credit Card
8139,26,Steven White,nnewman@example.net,2024-04-27,Keyboard,Photography,2,1230,2460,PayPal
8140,34,Kevin Wells,johnsondustin@example.net,,Camera,Accessories,2,1336,2672,PayPal
8141,41,Kelly Smith,amanda20@example.net,2024-09-12,Speaker,Accessories,4,909,3636,Credit Card
8142,19,Kenneth Stevenson,harringtonkimberly@example.org,2025-03-31,Speaker,Accessories,2,611,1222,Cash
8143,43,Wendy Adams,stephenmcmahon@example.net,2025-10-21,Speaker,Electronics,,1068,0,Cash
8144,39,Sara Kennedy,hartmelanie@example.org,2025-12-10,Webcam,Accessories,4,1054,4216,PayPal
8145,42,David Moore,idaniels@example.org,2025-12-09,Keyboard,Photography,5,82,410,Credit Card
8146,46,Rebecca Lara,rturner@example.net,2024-06-01,Speaker,Photography,3,1180,3540,PayPal
8147,40,Paul Cohen,osanchez@example.com,2024-07-31,Speaker,Accessories,3,421,1263,PayPal
8148,54,Cynthia Huerta,alex75@example.com,,Mouse,Electronics,5,547,2735,Cash
8149,44,Shane Stevens,jfrancis@example.com,2024-11-22,Keyboard,Photography,4,1436,5744,PayPal
8150,50,David Thomas,jason50@example.com,2025-02-10,Printer,Electronics,4,108,432,PayPal
8151,26,Charles Brown,jerryford@example.org,2025-06-24,Speaker,Electronics,2,191,382,Credit Card
8152,63,Brett Burgess,michael25@example.org,2025-05-11,Camera,Photography,3,44,132,PayPal
8153,46,David Johnson,huffcrystal@example.org,2024-06-16,Laptop,Photography,5,1428,7140,Cash
8154,48,Amanda Lopez,mcline@example.org,2024-10-14,Headphones,Electronics,4,1232,4928,PayPal
8155,60,Chelsea Ortiz,wchapman@example.net,2025-05-09,Printer,Photography,4,86,344,Credit Card
8156,41,John Waters IV,wholmes@example.org,2025-02-27,Smartphone,Electronics,4,1281,5124,Cash
8157,56,Yolanda Silva,mcdonaldmichelle@example.net,2025-11-15,Camera,Electronics,4,739,2956,Cash
8158,49,Marie Allen,angela59@example.net,2024-04-13,Laptop,Accessories,5,1341,6705,Credit Card
8159,20,Jeffrey Doyle,rcrawford@example.net,2025-02-24,Laptop,Photography,3,1163,3489,Credit Card
8160,63,William Ramos,dlandry@example.org,2025-10-28,Webcam,Electronics,1,64,64,Cash
8161,27,Joseph Mays,brittany27@example.com,2025-01-11,Speaker,Accessories,2,1328,2656,Credit Card
8162,21,Mary Torres,millersharon@example.com,2025-09-11,Keyboard,Electronics,5,1291,6455,Cash
8163,18,Crystal Martin,ibarron@example.org,2024-04-17,Keyboard,Electronics,3,779,2337,PayPal
8164,53,Mindy Ryan,smithjason@example.com,,Speaker,Accessories,2,296,592,PayPal
8165,29,Matthew Smith,kelli96@example.com,2025-09-23,Camera,Accessories,1,208,208,Cash
8166,40,Rodney Kennedy,ytrujillo@example.net,2024-06-23,Printer,Electronics,3,1225,3675,Cash
8167,31,Pamela Nelson,joseph14@example.net,,Headphones,Electronics,3,132,396,Credit Card
8168,38,Edward Jones,jessicatyler@example.net,2024-05-04,Monitor,Electronics,4,1057,4228,PayPal
8169,56,Mr. Tony Owens,francisco11@example.net,2025-05-05,Speaker,Photography,3,101,303,PayPal
8170,65,Daniel Jones,xbrown@example.com,2026-01-22,Keyboard,Photography,4,754,3016,Cash
8171,58,Jason Taylor,suzanneball@example.net,2024-04-02,Tablet,Photography,4,1388,5552,PayPal
8172,56,Chad Moore,dporter@example.com,2025-01-11,Laptop,Photography,2,1023,2046,Cash
8173,41,Daniel Kelly,kiddryan@example.com,2025-01-06,Headphones,Electronics,4,769,3076,Cash
8174,30,Alex Fuller,davisdale@example.com,,Laptop,Photography,5,1066,5330,Cash
8175,53,,ndoyle@example.org,2026-02-16,Camera,Electronics,4,342,1368,Cash
8176,43,Tammy Anderson,juanbailey@example.net,2024-06-30,Speaker,Accessories,1,1499,1499,Credit Card
8177,35,Theodore Stephens,amy83@example.net,2025-04-07,Camera,Accessories,1,1046,1046,Cash
8178,22,Erin Garner,donnabarnes@example.com,2024-08-14,Printer,Photography,,984,0,PayPal
8179,61,Natalie Ford,qjohnson@example.net,2025-01-29,Printer,Electronics,2,26,52,Credit Card
8180,49,Brandon Savage,grantflynn@example.net,2025-12-31,Smartphone,Electronics,5,76,380,Cash
8181,35,Betty Gordon,dianawalsh@example.com,2025-10-20,Smartphone,Electronics,4,1172,4688,PayPal
8182,57,Timothy Adams,gford@example.com,2024-04-05,Monitor,Photography,5,1152,5760,PayPal
8183,38,Gregory Evans,angelicamcintosh@example.org,2024-09-04,Headphones,Photography,3,1301,3903,Credit Card
8184,44,Miguel Rojas,lbarnes@example.com,2024-11-24,Mouse,Electronics,1,718,718,Cash
8185,34,Ruth Cochran,christopher20@example.com,2024-07-28,Headphones,Electronics,1,761,761,PayPal
8186,42,Jermaine West,gregory54@example.com,2024-03-18,Tablet,Electronics,5,1221,6105,Credit Card
8187,44,Brandon Elliott,kent32@example.org,2024-11-30,Speaker,Photography,1,1014,1014,PayPal
8188,52,Patty Curtis,kelly74@example.net,2025-04-04,Printer,Electronics,4,796,3184,Cash
8189,18,Sheila Patrick,jreynolds@example.org,2025-06-07,Webcam,Accessories,1,735,735,Cash
8190,28,Tina Velasquez,timothy21@example.org,2024-08-21,Keyboard,Accessories,4,178,712,Credit Card
8191,66,Jack Jackson,ericaparker@example.com,2024-05-16,Headphones,Accessories,2,1298,2596,Cash
8192,68,Sean Irwin,paulwalsh@example.com,2024-08-25,Smartphone,Photography,2,1041,2082,Cash
8193,36,Deborah Powell,fdurham@example.org,2025-03-15,Printer,Photography,3,1496,4488,Cash
8194,59,Christopher Craig,michaelflowers@example.net,,Speaker,Accessories,1,181,181,Cash
8195,66,Stuart Cole,jonathan57@example.org,,Speaker,Accessories,1,243,243,Cash
8196,47,Luis Hebert,zjames@example.net,2024-07-11,Keyboard,Accessories,2,1199,2398,Credit Card
8197,25,Patricia Johnson,philipstafford@example.net,2025-09-19,Speaker,Accessories,4,210,840,Cash
8198,59,Eric Lam,michelleryan@example.org,2025-10-01,Laptop,Photography,4,70,280,PayPal
8199,58,Lisa Lawrence DDS,weaverjacqueline@example.org,2024-09-26,Laptop,Photography,5,287,1435,Cash
8200,23,Rachel Gregory,cynthialopez@example.org,2025-07-15,Laptop,Electronics,4,378,1512,Cash
8201,26,Eric Lee,awest@example.org,2025-02-08,Webcam,Accessories,5,694,3470,Cash
8202,55,Sheila Silva,william71@example.net,2024-05-01,Smartphone,Photography,5,646,3230,Cash
8203,20,Angela Fry,alexispham@example.com,2025-10-29,Laptop,Photography,1,1342,1342,Cash
8204,32,Heather Martinez,emily29@example.org,2025-09-01,Mouse,Electronics,4,295,1180,Cash
8205,32,,rfoster@example.org,2024-04-20,Laptop,Accessories,1,339,339,Credit Card
8206,69,Brian Phillips,kayla58@example.org,2025-11-22,Speaker,Photography,4,415,1660,PayPal
8207,48,Sean Thomas,lewistara@example.com,2025-10-08,Camera,Accessories,5,364,1820,Credit Card
8208,55,Lisa Anderson,lindseydaniel@example.org,2025-09-11,Headphones,Electronics,3,33,99,Credit Card
8209,39,Gloria Miller,andrewgraves@example.org,2025-07-29,Laptop,Photography,5,349,1745,Cash
8210,65,Kathleen Benton,kathrynthomas@example.org,2025-11-28,Tablet,Accessories,2,445,890,Cash
8211,66,Patricia Gomez,ianhendrix@example.net,2024-04-22,Laptop,Electronics,1,1193,1193,Cash
8212,63,Sherry Hays,anthonypowell@example.net,2024-11-29,Mouse,Electronics,2,1210,2420,Credit Card
8213,69,Michael Garrett,joel98@example.net,2025-04-29,Smartphone,Electronics,1,364,364,Credit Card
8214,55,Luis Watkins,qlewis@example.net,2025-09-04,Monitor,Electronics,2,1466,2932,Cash
8215,50,Scott Ramos,gregory51@example.net,2024-07-25,Headphones,Accessories,1,234,234,Credit Card
8216,66,Jasmine Kelly,emily83@example.net,2025-11-14,Headphones,Photography,1,1299,1299,Credit Card
8217,56,Heather Weaver,bwalsh@example.org,,Mouse,Electronics,1,1083,1083,Cash
8218,60,,hmorales@example.org,2024-04-05,Monitor,Accessories,1,1175,1175,PayPal
8219,32,Joshua Montgomery,crawfordelizabeth@example.org,2025-10-06,Tablet,Accessories,3,229,687,Credit Card
8220,68,Tyler Taylor,shelbyanderson@example.com,2026-02-15,Camera,Accessories,2,368,736,PayPal
8221,47,Anthony Moore,travis02@example.net,2025-04-02,Tablet,Electronics,2,1433,2866,Credit Card
8222,67,Amanda Brooks,harrisbailey@example.com,2025-09-01,Camera,Accessories,3,1361,4083,Credit Card
8223,23,Morgan Vang,antoniopowell@example.com,2024-07-04,Mouse,Electronics,4,500,2000,Credit Card
8224,22,Vanessa Fields,angelasmith@example.com,2025-02-09,Monitor,Photography,4,96,384,PayPal
8225,36,Morgan Watkins,charles63@example.com,2025-03-18,Headphones,Photography,1,693,693,Credit Card
8226,22,Juan Moore,troypowell@example.net,2024-10-31,Mouse,Photography,3,443,1329,Credit Card
8227,26,Evan Bell,amy64@example.net,2025-10-21,Camera,Photography,4,431,1724,Cash
8228,20,Juan Smith,gilbertcrystal@example.com,2024-12-13,Mouse,Accessories,5,792,3960,PayPal
8229,30,Andrea Adams,rebecca06@example.com,2025-05-14,Smartphone,Electronics,5,1214,6070,Cash
8230,50,Kristopher Tucker,carrdebbie@example.com,,Smartphone,Photography,1,914,914,PayPal
8231,57,Dylan Walton,willie80@example.net,2024-12-29,Tablet,Photography,1,1104,1104,Cash
8232,65,Douglas Fuller,hector01@example.com,2025-05-30,Camera,Electronics,4,1289,5156,PayPal
8233,34,Jeffrey Lopez,holly55@example.com,2024-03-09,Keyboard,Accessories,3,890,2670,PayPal
8234,56,,andrew73@example.net,2025-01-21,Camera,Accessories,4,1222,4888,Cash
8235,20,Carly Roberts,jimenezbrooke@example.com,,Mouse,Photography,4,179,716,Credit Card
8236,57,Mark Johnson,katie79@example.org,2024-09-26,Printer,Electronics,4,1190,4760,Credit Card
8237,34,Raymond Silva,russellpowers@example.org,2025-01-08,Monitor,Accessories,2,923,1846,Credit Card
8238,43,,melanie62@example.com,2025-02-23,Headphones,Electronics,3,1134,3402,PayPal
8239,46,,michaelstout@example.com,2024-12-24,Laptop,Photography,2,1435,2870,Cash
8240,24,Andrea Brady,amanda73@example.net,2024-10-31,Camera,Photography,1,1125,1125,PayPal
8241,63,Christopher Maxwell,khodge@example.net,2024-12-04,Keyboard,Electronics,2,721,1442,Cash
8242,57,Jennifer Ray,logan89@example.com,2025-12-15,Webcam,Photography,1,824,824,Credit Card
8243,60,Sarah White,kbrown@example.org,2025-08-17,Mouse,Photography,2,1426,2852,PayPal
8244,48,Danny Porter,nthomas@example.com,2025-01-10,Monitor,Accessories,2,1472,2944,Cash
8245,48,Mary Powell,jacqueline50@example.org,2026-01-23,Keyboard,Accessories,3,930,2790,PayPal
8246,22,Joseph Kim,ianmonroe@example.org,2024-08-07,Webcam,Electronics,3,1330,3990,Cash
8247,26,Elizabeth Grant,randallcruz@example.net,2024-09-13,Webcam,Photography,2,396,792,Credit Card
8248,24,,monica56@example.org,2024-08-28,Camera,Accessories,4,1451,5804,PayPal
8249,30,Miss Alexis Contreras,nicole33@example.com,2026-01-25,Monitor,Electronics,4,477,1908,Cash
8250,59,Philip Wu,ryanwoods@example.net,2026-01-06,Speaker,Accessories,2,1318,2636,Cash
8251,19,Richard Hodges,ericwalsh@example.org,2025-10-30,Monitor,Photography,3,960,2880,PayPal
8252,63,Shannon Gibson,zdeleon@example.org,2024-09-08,Smartphone,Electronics,3,889,2667,Credit Card
8253,51,Adam Jacobson,hmiller@example.com,2026-02-25,Speaker,Electronics,3,374,1122,Cash
8254,43,Amy Duarte,pwalker@example.com,,Speaker,Accessories,3,1139,3417,Cash
8255,26,Jay Jacobs,lisaaustin@example.org,2024-11-23,Laptop,Photography,5,640,3200,Credit Card
8256,44,Darin Russell,rbaker@example.org,2024-12-11,Smartphone,Photography,5,1306,6530,Credit Card
8257,69,Dr. Eric Christian,michael45@example.net,2025-01-25,Smartphone,Electronics,3,1458,4374,Credit Card
8258,43,Jacqueline Ortega,ltorres@example.org,2024-07-05,Laptop,Accessories,1,1003,1003,Credit Card
8259,70,Michelle Hudson,nguyenroberta@example.com,2024-08-03,Keyboard,Accessories,3,854,2562,Credit Card
8260,61,Yvonne Rivera,rcohen@example.org,2024-06-18,Tablet,Photography,4,838,3352,Credit Card
8261,41,Michael Acevedo,gochoa@example.net,2025-10-10,Headphones,Electronics,2,383,766,Cash
8262,68,Nicholas Hill,riveracarrie@example.com,2025-02-04,Tablet,Accessories,2,1055,2110,PayPal
8263,60,Melissa Patel,gvasquez@example.org,2024-03-01,Camera,Electronics,1,365,365,PayPal
8264,43,,cathyshah@example.com,2024-07-24,Speaker,Electronics,3,528,1584,Cash
8265,40,Russell Stein DDS,randrews@example.net,2025-12-09,Laptop,Electronics,3,812,2436,Cash
8266,69,Erik Herrera,youngmichael@example.org,2025-01-13,Monitor,Photography,2,710,1420,Credit Card
8267,25,Colin Perez,nhoward@example.net,2024-04-13,Laptop,Accessories,5,1205,6025,PayPal
8268,61,Michael Hernandez,gdaniels@example.com,2024-05-22,Printer,Photography,2,1044,2088,Cash
8269,33,Robert Cooper,cody90@example.org,2024-06-27,Webcam,Electronics,,1069,0,Credit Card
8270,25,Daniel Whitehead,iwaller@example.com,2025-12-18,Monitor,Photography,5,1268,6340,Cash
8271,28,Richard Wilson,psanchez@example.org,2024-09-16,Mouse,Photography,1,1394,1394,Cash
8272,45,Robert Castillo,justinsummers@example.net,2024-07-27,Keyboard,Photography,2,985,1970,Credit Card
8273,45,Dennis Jackson,qalexander@example.com,2024-05-28,Printer,Electronics,1,444,444,Cash
8274,26,Caitlin Stevenson,diana33@example.org,2024-07-16,Smartphone,Electronics,3,664,1992,Credit Card
8275,26,Michelle Sanchez,kristophergreen@example.com,2025-05-10,Headphones,Electronics,,1128,0,Cash
8276,49,Kenneth Holmes,qrosales@example.net,2025-01-20,Mouse,Electronics,4,1040,4160,Credit Card
8277,70,Jason Kane,kwilliams@example.com,2026-01-10,Monitor,Electronics,2,576,1152,Credit Card
8278,42,James Rodriguez,pearsonamber@example.net,2024-11-20,Smartphone,Electronics,5,974,4870,PayPal
8279,23,Joseph Fowler,rbenjamin@example.org,2024-05-23,Monitor,Accessories,2,1085,2170,Credit Card
8280,31,Mary Michael,david28@example.net,2025-07-02,Monitor,Accessories,3,790,2370,PayPal
8281,65,Denise Martinez,kevinking@example.net,2024-03-08,Camera,Photography,3,1186,3558,Credit Card
8282,19,Cynthia Alvarado,yryan@example.net,2025-10-28,Tablet,Electronics,5,489,2445,Cash
8283,40,Tyler Wise,oshaw@example.com,2025-06-08,Camera,Photography,1,925,925,Cash
8284,61,Matthew Wilson,wwatson@example.org,2025-07-21,Tablet,Photography,1,1467,1467,Cash
8285,23,Lauren Cunningham,kevin25@example.net,2026-02-03,Laptop,Electronics,4,538,2152,Cash
8286,36,Cheryl Wilson,scottlarry@example.com,2026-02-15,Mouse,Accessories,2,978,1956,PayPal
8287,70,Yolanda James,josephrobertson@example.net,2025-04-18,Monitor,Electronics,2,626,1252,PayPal
8288,28,Justin Wright,jose70@example.net,2024-10-09,Printer,Electronics,1,907,907,PayPal
8289,46,Laura Powell,andrew83@example.net,2025-12-04,Speaker,Electronics,4,778,3112,Cash
8290,20,Hannah Floyd,jenna25@example.net,2024-10-04,Tablet,Accessories,2,984,1968,PayPal
8291,27,Alicia Bennett,wrightglenn@example.net,2025-01-15,Speaker,Electronics,2,721,1442,Cash
8292,45,Mark Trujillo,xaguirre@example.net,2025-05-22,Mouse,Electronics,4,1326,5304,Credit Card
8293,49,Robert Freeman,krussell@example.com,2025-01-30,Keyboard,Electronics,1,824,824,Credit Card
8294,30,Christine Sampson,frazierpatricia@example.net,2025-11-14,Speaker,Electronics,1,439,439,Credit Card
8295,68,Jennifer Lee,jacobsdana@example.com,2024-10-30,Mouse,Photography,3,938,2814,Credit Card
8296,37,Sarah Wilkins,williamnorman@example.net,2025-11-29,Printer,Electronics,1,1254,1254,Credit Card
8297,45,Kyle Richardson,phillip40@example.net,2024-07-02,Camera,Accessories,4,900,3600,PayPal
8298,68,Joshua Hartman,emily36@example.net,2025-11-03,Monitor,Photography,5,506,2530,Cash
8299,56,Megan Kaufman,jfreeman@example.com,2024-12-16,Speaker,Accessories,2,893,1786,Credit Card
8300,69,Carol Rhodes,ritterheidi@example.org,2025-12-24,Printer,Photography,4,153,612,Credit Card
8301,50,Alexa Hunter,jeffery36@example.net,2024-09-23,Smartphone,Accessories,2,947,1894,Cash
8302,54,Tammy Rowland,alexa73@example.org,2024-10-03,Webcam,Electronics,4,1354,5416,PayPal
8303,38,Cassandra Spencer,terryhoward@example.com,2025-06-02,Keyboard,Electronics,4,1190,4760,Cash
8304,59,Heidi Robertson,john26@example.org,2025-09-24,Speaker,Electronics,4,975,3900,PayPal
8305,34,Ryan Murphy,jessica24@example.net,2025-10-23,Smartphone,Electronics,4,830,3320,PayPal
8306,52,Ashley Jordan,kenneth08@example.org,2025-12-05,Mouse,Photography,4,1363,5452,Credit Card
8307,32,John Gonzales,fieldsloretta@example.org,2025-10-30,Laptop,Accessories,4,812,3248,Credit Card
8308,28,Randy Burns,amandakim@example.com,2025-09-04,Keyboard,Electronics,5,677,3385,Credit Card
8309,68,Tim Walter,kowen@example.com,2026-01-22,Monitor,Accessories,1,129,129,PayPal
8310,65,Justin Johnson,markhanson@example.org,,Keyboard,Photography,1,866,866,PayPal
8311,22,Amber Reyes,alexanderjackson@example.net,2024-05-14,Smartphone,Accessories,5,1023,5115,PayPal
8312,44,Ian Hodge,lkelley@example.net,2024-05-11,Keyboard,Accessories,4,897,3588,PayPal
8313,52,,joseph44@example.com,2024-03-05,Laptop,Electronics,1,1031,1031,Credit Card
8314,31,Vanessa Vasquez,austinheather@example.com,2024-11-30,Camera,Electronics,5,775,3875,PayPal
8315,66,Gregory Allen,sfisher@example.net,2024-11-29,Speaker,Accessories,4,1494,5976,Cash
8316,57,Kevin Rodriguez,ericadams@example.com,2024-11-12,Monitor,Accessories,3,1447,4341,PayPal
8317,70,Crystal Morris,brandon26@example.net,2026-01-04,Tablet,Accessories,4,404,1616,Cash
8318,53,Thomas Garcia,manuelatkins@example.net,2025-10-29,Speaker,Accessories,2,499,998,PayPal
8319,18,Sarah Thompson,romeroamanda@example.net,2025-10-11,Speaker,Electronics,4,778,3112,Cash
8320,18,Neil Wiggins,dustinhall@example.net,2025-01-08,Webcam,Accessories,1,265,265,Credit Card
8321,45,Luis Mills,fkim@example.com,2024-05-26,Monitor,Accessories,5,1029,5145,PayPal
8322,34,Kelly Wolf,lisalong@example.net,2024-05-19,Mouse,Electronics,3,370,1110,Cash
8323,64,Jennifer Perez,qwells@example.net,2025-01-10,Webcam,Electronics,3,1407,4221,Credit Card
8324,50,Jack Taylor,stephanie65@example.org,2024-04-21,Keyboard,Electronics,3,1339,4017,Cash
8325,29,Vincent Grant,vheath@example.org,2024-12-07,Laptop,Accessories,2,470,940,PayPal
8326,19,Christopher Green,wendystevens@example.net,2026-02-21,Laptop,Accessories,2,366,732,Cash
8327,50,Robert Garcia,paulrodriguez@example.net,2026-02-25,Tablet,Electronics,2,173,346,Credit Card
8328,33,Jeffrey Herrera,blacktimothy@example.com,2025-08-11,Monitor,Photography,2,726,1452,Credit Card
8329,62,Rebecca Bond,millerbrad@example.org,2025-10-07,Mouse,Electronics,4,1445,5780,PayPal
8330,65,William Edwards,millerrichard@example.com,2025-07-21,Headphones,Electronics,2,1245,2490,PayPal
8331,45,Jacob Perry,tmurphy@example.com,2024-06-29,Printer,Electronics,3,1323,3969,Cash
8332,68,Jesse Brooks,sullivanjuan@example.net,2024-12-06,Speaker,Accessories,1,473,473,Credit Card
8333,69,Eric Mcclure,gchapman@example.net,2025-08-06,Camera,Photography,5,1500,7500,Cash
8334,37,Sarah Hubbard,wschroeder@example.com,2025-01-31,Headphones,Electronics,1,1451,1451,PayPal
8335,39,Jennifer Miller,caleb29@example.com,2025-09-16,Mouse,Accessories,1,105,105,PayPal
8336,23,Denise Gould,michael50@example.org,2025-09-29,Monitor,Electronics,5,1333,6665,PayPal
8337,39,Crystal Haley,pclark@example.com,2024-12-09,Webcam,Photography,5,1293,6465,Cash
8338,24,Patricia Gates,ryanmyers@example.org,2025-08-04,Keyboard,Photography,1,1144,1144,Cash
8339,60,Mary Rogers,faguirre@example.com,2025-03-13,Webcam,Accessories,5,287,1435,Cash
8340,40,Julie Hart,durhamdonald@example.org,2025-04-15,Laptop,Photography,3,881,2643,Cash
8341,56,Chad Arnold,charles12@example.org,2024-09-06,Headphones,Electronics,4,1098,4392,Cash
8342,23,Jason Vasquez,john65@example.org,2025-11-20,Camera,Accessories,2,117,234,Cash
8343,67,Michael Martinez,orivera@example.com,2025-02-05,Monitor,Photography,4,674,2696,PayPal
8344,25,John Richardson,pabbott@example.net,2025-08-07,Monitor,Accessories,,705,0,Credit Card
8345,27,Melissa Miller,kimberlygross@example.org,2025-11-03,Keyboard,Photography,2,263,526,Cash
8346,34,Brandon Hall,rogerskristin@example.org,2024-04-18,Mouse,Accessories,4,454,1816,PayPal
8347,37,Jennifer Wong,emily94@example.org,2025-11-16,Laptop,Photography,3,871,2613,Credit Card
8348,45,Courtney King,scohen@example.org,2025-12-03,Smartphone,Accessories,2,1470,2940,PayPal
8349,46,Steven Cook,cfisher@example.org,2025-01-16,Webcam,Electronics,3,95,285,PayPal
8350,70,Mr. John Meyer,alejandro18@example.net,2024-06-07,Laptop,Electronics,4,1166,4664,Cash
8351,56,Aaron French,gmarsh@example.net,2024-04-20,Mouse,Electronics,4,357,1428,Cash
8352,41,Thomas Patrick,jhernandez@example.org,2024-03-03,Tablet,Accessories,4,215,860,PayPal
8353,50,Ruth Nguyen,kimberlyhill@example.net,,Smartphone,Photography,1,906,906,Credit Card
8354,49,Matthew Owens,duranshawn@example.com,2024-11-15,Mouse,Electronics,2,486,972,Cash
8355,65,Joseph Mendoza,jeannegarcia@example.com,2024-10-13,Webcam,Electronics,1,242,242,Credit Card
8356,49,Ashley Tucker,seanlittle@example.org,2024-05-30,Monitor,Photography,2,612,1224,PayPal
8357,37,Brett Thomas,jaimeadams@example.com,2025-02-26,Monitor,Photography,2,1165,2330,Credit Card
8358,57,Thomas Williams,amybaker@example.net,,Printer,Electronics,4,1137,4548,Cash
8359,64,Laura Russo,vbarr@example.org,2025-09-20,Laptop,Photography,5,1026,5130,PayPal
8360,67,Isaiah Silva,mmartin@example.net,2025-06-09,Smartphone,Accessories,1,411,411,Cash
8361,57,Sarah Romero,lawrencebrandi@example.net,2024-06-10,Monitor,Electronics,3,21,63,Cash
8362,38,Amanda Hansen,jimmymadden@example.net,2024-09-30,Smartphone,Photography,2,198,396,Credit Card
8363,46,Douglas Lawson,gregorydavis@example.net,2024-10-16,Keyboard,Electronics,1,1451,1451,Cash
8364,38,Monica Bailey,jacoballen@example.com,2025-06-25,Printer,Accessories,1,793,793,Cash
8365,34,Mikayla Gallegos MD,berryjoshua@example.org,2025-03-29,Headphones,Accessories,5,406,2030,Credit Card
8366,29,Jimmy Edwards,ronald15@example.net,2024-06-09,Tablet,Photography,1,1337,1337,Cash
8367,24,Angela Curry,cjones@example.com,2024-07-05,Laptop,Accessories,4,108,432,Credit Card
8368,27,Michael Lee,brandon18@example.com,2024-06-09,Camera,Electronics,3,971,2913,Cash
8369,43,Matthew Evans,eric42@example.net,2025-03-20,Webcam,Electronics,2,1208,2416,Credit Card
8370,68,Lauren Torres,rmiller@example.com,2025-11-03,Laptop,Photography,3,31,93,Credit Card
8371,22,Patty Marquez,peggy89@example.net,2024-07-09,Laptop,Photography,3,324,972,Credit Card
8372,44,Felicia Velasquez,ulam@example.net,2024-12-22,Mouse,Accessories,5,667,3335,PayPal
8373,38,Jessica Dickson,othornton@example.net,2025-05-26,Printer,Electronics,5,1284,6420,Credit Card
8374,58,Connie Carson,sandovaltammy@example.org,2024-10-08,Mouse,Electronics,5,812,4060,Credit Card
8375,53,Kimberly Austin,joann55@example.com,,Smartphone,Accessories,1,620,620,PayPal
8376,46,Stephanie Conley,ladkins@example.net,,Mouse,Accessories,5,651,3255,PayPal
8377,69,Tyler Velazquez,sarahchambers@example.com,,Monitor,Accessories,1,1291,1291,PayPal
8378,41,Charles Perez,ecoleman@example.net,2025-02-18,Smartphone,Accessories,2,581,1162,PayPal
8379,63,Jennifer Bennett,sanchezlindsey@example.net,2024-10-08,Laptop,Electronics,5,1335,6675,Credit Card
8380,63,Christy Franklin,angelagibson@example.net,2024-08-10,Webcam,Photography,3,1354,4062,Cash
8381,63,Andrew Shaw,johnsonjennifer@example.net,2024-12-11,Headphones,Photography,4,446,1784,Credit Card
8382,27,James Blake,brittney84@example.com,2025-06-26,Smartphone,Photography,5,80,400,Cash
8383,63,Charles Green,srice@example.com,2024-06-02,Keyboard,Photography,2,1203,2406,PayPal
8384,29,Dr. Martin Diaz DVM,justin31@example.net,2024-12-11,Keyboard,Photography,3,96,288,Cash
8385,69,Jennifer Hill,carlagregory@example.org,,Monitor,Electronics,1,1279,1279,Cash
8386,70,,emorris@example.com,2025-02-17,Laptop,Photography,4,1236,4944,Credit Card
8387,29,Darren Hill,pmorgan@example.com,2024-06-17,Smartphone,Accessories,4,716,2864,PayPal
8388,26,Charles Gutierrez,veronica51@example.com,2025-12-29,Headphones,Photography,1,1157,1157,Credit Card
8389,46,Christina Thomas,aaron08@example.org,2025-04-11,Tablet,Accessories,4,616,2464,Credit Card
8390,70,Jessica Mcguire MD,sandra99@example.com,2025-11-19,Smartphone,Accessories,4,95,380,Cash
8391,46,Dr. Kevin Roth,rthomas@example.org,,Webcam,Photography,3,398,1194,PayPal
8392,32,John Gonzales,ericmoore@example.com,2025-08-11,Mouse,Photography,5,1059,5295,Credit Card
8393,36,Kirsten Richardson,ronaldhorton@example.com,,Monitor,Accessories,4,833,3332,PayPal
8394,49,Christopher Burns DDS,timothybeck@example.org,2024-05-08,Printer,Electronics,4,801,3204,Cash
8395,32,Amber Pena,transusan@example.org,2026-02-21,Tablet,Photography,2,247,494,Cash
8396,53,Billy Davis,stuartdavidson@example.com,2024-06-14,Webcam,Electronics,4,283,1132,PayPal
8397,28,Teresa Clark,ajohnson@example.net,2024-07-21,Printer,Accessories,3,862,2586,Cash
8398,58,Emily Shelton,dkerr@example.org,2025-05-05,Speaker,Electronics,4,424,1696,Cash
8399,34,Brenda Nelson DDS,turnerjustin@example.com,2024-07-30,Smartphone,Electronics,3,1438,4314,Cash
8400,36,Miguel Gaines,megan19@example.net,2025-01-20,Webcam,Electronics,1,87,87,Cash
8401,53,Kurt Dunlap,michaelpugh@example.org,2025-05-31,Monitor,Accessories,2,1445,2890,Credit Card
8402,33,Leah Turner,igarcia@example.com,2024-10-02,Monitor,Accessories,1,928,928,Credit Card
8403,23,Lindsay Martinez,upeterson@example.org,2025-12-08,Camera,Electronics,3,1463,4389,PayPal
8404,58,,laurenknapp@example.net,,Laptop,Photography,2,271,542,Credit Card
8405,22,Kristin Smith,bradleyelizabeth@example.net,2025-08-12,Mouse,Electronics,3,1388,4164,Credit Card
8406,24,Anna Taylor,joseph17@example.net,,Mouse,Electronics,4,1031,4124,Credit Card
8407,32,,pmejia@example.com,2024-05-29,Speaker,Photography,2,190,380,Credit Card
8408,25,,lawrencegeorge@example.com,2025-07-24,Mouse,Electronics,4,696,2784,Cash
8409,23,Susan Ho,angelicawaller@example.com,2024-08-08,Speaker,Photography,4,384,1536,Cash
8410,34,Rachel Murphy,sdavis@example.com,2025-04-25,Speaker,Electronics,5,1005,5025,Cash
8411,54,Brian Fernandez,katherine37@example.com,2024-11-24,Headphones,Photography,1,1334,1334,PayPal
8412,47,Patty Cross,williamsreginald@example.org,2026-01-27,Monitor,Accessories,,41,0,PayPal
8413,39,Rachael Doyle,barbarahayes@example.net,2025-06-05,Monitor,Electronics,3,313,939,Credit Card
8414,64,Allen Bryant,spenceapril@example.org,2024-11-20,Webcam,Electronics,1,696,696,Cash
8415,40,Kelsey Ross,dustin65@example.com,2025-12-06,Webcam,Photography,4,921,3684,Cash
8416,34,Diana Mack,rileyrobert@example.com,2025-10-02,Laptop,Photography,1,1273,1273,Credit Card
8417,44,Kelly Garcia,natalie66@example.net,2025-08-09,Headphones,Electronics,4,1243,4972,Cash
8418,28,Tyler English,jgutierrez@example.com,2025-12-26,Webcam,Photography,5,530,2650,PayPal
8419,37,Chloe Davis,istevens@example.org,2025-09-07,Keyboard,Electronics,4,1251,5004,Cash
8420,32,Pamela Reed,stephenguerra@example.org,2025-10-19,Camera,Accessories,4,982,3928,Credit Card
8421,55,Veronica Ward,frances82@example.net,2025-11-17,Monitor,Electronics,1,1163,1163,Cash
8422,30,Debbie Berry,rushjackson@example.com,2025-01-20,Tablet,Photography,4,764,3056,Credit Card
8423,36,Heather Jones,michele11@example.com,2025-07-16,Smartphone,Electronics,3,1445,4335,Credit Card
8424,46,Lori Torres,hwise@example.org,2025-11-12,Headphones,Accessories,3,440,1320,PayPal
8425,35,William Hill,timothyandrews@example.com,2025-04-01,Keyboard,Electronics,,229,0,Cash
8426,46,Stephanie Lowery,elliottsuzanne@example.com,2026-01-01,Mouse,Accessories,1,1480,1480,Cash
8427,34,Laura Lewis,jimmy35@example.com,2024-09-30,Webcam,Electronics,3,103,309,Credit Card
8428,22,Kristie Cross,nancymoore@example.com,2024-07-12,Laptop,Accessories,3,857,2571,PayPal
8429,20,Michael Ali,sharprandall@example.net,2025-08-12,Speaker,Accessories,3,33,99,Credit Card
8430,55,Madeline Buchanan,paul60@example.com,2025-10-27,Headphones,Electronics,3,883,2649,Credit Card
8431,55,Jonathan Davis,boothdaniel@example.net,2025-10-24,Mouse,Electronics,5,689,3445,PayPal
8432,53,Jacob Obrien,kennethanderson@example.net,,Keyboard,Photography,2,1480,2960,Credit Card
8433,24,Ashley Scott,elizabeth08@example.com,2025-11-08,Tablet,Electronics,1,1227,1227,Cash
8434,41,,caitlin31@example.org,2024-04-18,Printer,Electronics,4,163,652,Credit Card
8435,24,Sheila Goodman,lsmith@example.net,2025-03-14,Headphones,Electronics,2,871,1742,Credit Card
8436,55,Virginia Perez,mchang@example.net,2025-03-23,Printer,Electronics,1,818,818,Credit Card
8437,56,Debbie Jordan,fward@example.net,2024-04-03,Headphones,Electronics,5,402,2010,PayPal
8438,29,Megan Davis,smallelizabeth@example.net,2025-11-27,Webcam,Accessories,1,1394,1394,Cash
8439,29,Andrea Sandoval,allison47@example.org,2024-09-11,Tablet,Electronics,5,339,1695,Cash
8440,33,Haley Williams,slamb@example.com,2025-03-23,Tablet,Photography,1,664,664,PayPal
8441,64,Troy Bell,susangonzalez@example.net,2024-03-23,Laptop,Photography,5,1008,5040,Cash
8442,20,Jennifer Rodgers,thomaslisa@example.net,2025-02-24,Smartphone,Accessories,5,474,2370,Cash
8443,61,Austin Paul,rogersmichael@example.com,2024-12-09,Headphones,Electronics,5,440,2200,Credit Card
8444,42,Robert Guzman,sstevens@example.org,2024-09-14,Keyboard,Photography,,370,0,Cash
8445,33,,espinozachristy@example.com,2026-02-18,Headphones,Electronics,4,1458,5832,Cash
8446,48,Stacy Leach,kyletate@example.com,2024-11-04,Monitor,Electronics,3,342,1026,Credit Card
8447,45,Ashley Holloway,sherrera@example.org,2025-04-14,Tablet,Accessories,5,1112,5560,PayPal
8448,64,Christina Gallagher,eugeneatkinson@example.com,2026-02-08,Mouse,Photography,3,1444,4332,Credit Card
8449,29,Joshua Cochran,latoya89@example.org,2024-06-08,Smartphone,Electronics,5,849,4245,Credit Card
8450,40,Jason Schneider,timothy43@example.net,2024-06-07,Smartphone,Photography,1,241,241,PayPal
8451,59,Anne Long,lisa12@example.org,2025-10-03,Printer,Accessories,5,617,3085,Cash
8452,18,Gail Fisher,rwilcox@example.net,2025-03-01,Printer,Photography,3,907,2721,Credit Card
8453,37,Mitchell Holloway,williamkennedy@example.org,2025-12-17,Monitor,Accessories,3,1163,3489,Cash
8454,60,Patrick Everett,josephscott@example.net,2025-09-09,Mouse,Photography,3,657,1971,Cash
8455,52,Todd Flores,erik35@example.net,2025-03-31,Mouse,Accessories,4,948,3792,Cash
8456,70,Meghan Mcintosh,amyperry@example.org,2024-06-07,Mouse,Photography,5,762,3810,PayPal
8457,69,Dawn Foley,edavis@example.org,2025-07-10,Tablet,Photography,3,540,1620,Credit Card
8458,45,Kristen Reed,lwilson@example.net,2024-07-01,Monitor,Electronics,1,825,825,Credit Card
8459,25,Anthony Monroe,wrivera@example.com,2025-12-21,Mouse,Electronics,3,119,357,PayPal
8460,67,Brenda Meadows,cameron43@example.org,2024-08-18,Tablet,Photography,2,485,970,Credit Card
8461,52,James Bailey,shannon49@example.org,,Printer,Photography,4,1218,4872,Cash
8462,39,Taylor Baker,blakemartinez@example.net,,Smartphone,Photography,2,206,412,Credit Card
8463,23,Douglas Roberts,nmassey@example.org,2024-07-06,Laptop,Electronics,4,1461,5844,Credit Card
8464,57,Matthew Allen,wgentry@example.com,2025-09-24,Headphones,Accessories,5,1045,5225,PayPal
8465,52,Savannah Hobbs,becky59@example.net,2025-01-19,Tablet,Accessories,1,1073,1073,Credit Card
8466,43,Vanessa Carlson,kaylacampbell@example.net,2025-11-26,Mouse,Electronics,4,304,1216,Cash
8467,60,Ian Daniel,cookashley@example.org,2024-10-28,Webcam,Accessories,1,215,215,Credit Card
8468,51,Samuel Elliott,carrie66@example.com,2025-04-09,Monitor,Accessories,2,87,174,Credit Card
8469,28,Jonathon Jordan,chelsea29@example.com,2026-01-19,Mouse,Accessories,2,1301,2602,Cash
8470,41,Paula Cross,ohill@example.net,2024-11-09,Smartphone,Electronics,5,1185,5925,PayPal
8471,45,John Hughes,ijordan@example.net,2025-12-12,Speaker,Photography,1,121,121,Cash
8472,47,Nicole Nelson,evansdawn@example.com,2025-07-06,Monitor,Electronics,3,1451,4353,Cash
8473,29,Rachel Townsend,karen09@example.org,2025-09-19,Tablet,Accessories,3,1030,3090,Credit Card
8474,48,Katherine James,careyrachel@example.com,,Headphones,Accessories,3,133,399,Credit Card
8475,33,Donald Davidson,spencer25@example.org,2025-07-19,Laptop,Accessories,5,894,4470,Credit Card
8476,25,Nicholas Hodge,samuel59@example.com,2025-04-18,Headphones,Electronics,3,85,255,Cash
8477,61,,josephlisa@example.net,2024-06-02,Smartphone,Photography,4,480,1920,Cash
8478,51,Justin Lewis,joseph80@example.net,2025-07-25,Headphones,Accessories,4,701,2804,Credit Card
8479,57,Sarah Francis,emilymcdonald@example.com,2024-04-07,Camera,Electronics,5,1095,5475,PayPal
8480,51,Duane Cox,kristina47@example.net,2024-10-01,Tablet,Accessories,4,1185,4740,Cash
8481,50,Eric Boone,garrettbrian@example.net,2024-03-30,Tablet,Electronics,5,523,2615,Cash
8482,47,Michelle Glass,hillrichard@example.com,,Printer,Accessories,4,722,2888,PayPal
8483,57,John Li,jasondavis@example.net,2026-02-16,Monitor,Photography,3,1112,3336,PayPal
8484,49,Ronald Heath,zpatterson@example.net,2025-12-03,Mouse,Electronics,3,909,2727,Cash
8485,70,Tara Kelley,castillosharon@example.net,2024-09-23,Monitor,Photography,1,1064,1064,Cash
8486,53,Cassidy Byrd,wwashington@example.org,2025-03-22,Laptop,Accessories,5,733,3665,Cash
8487,50,Daniel Saunders,ericfuller@example.org,2025-10-22,Mouse,Electronics,5,495,2475,PayPal
8488,61,Wanda Adams,kristin62@example.net,2024-12-29,Laptop,Accessories,,371,0,Credit Card
8489,39,Andrea Rodriguez,williammiller@example.org,2025-10-11,Webcam,Photography,5,1346,6730,PayPal
8490,37,Matthew English,dominique74@example.org,2025-10-08,Smartphone,Photography,3,231,693,Cash
8491,44,Michaela Brennan PhD,melinda91@example.com,2025-02-14,Laptop,Accessories,,538,0,Credit Card
8492,63,Frank Austin,millertammy@example.net,2025-11-05,Monitor,Electronics,4,1241,4964,Cash
8493,40,Traci Anderson,smithkristen@example.com,2026-02-24,Printer,Electronics,4,701,2804,PayPal
8494,25,Alejandro Barker,matthew10@example.org,2024-03-17,Headphones,Electronics,3,142,426,Credit Card
8495,40,Melissa Torres,xhill@example.org,2024-04-01,Mouse,Photography,5,280,1400,Cash
8496,30,Stephanie Ruiz,tylerwashington@example.org,2024-11-04,Smartphone,Photography,5,695,3475,PayPal
8497,58,Juan Cline,xgarrison@example.com,2026-01-11,Mouse,Electronics,2,244,488,Credit Card
8498,50,Johnny Salas,david34@example.net,2025-08-06,Keyboard,Accessories,2,580,1160,Cash
8499,70,Natalie Anderson,flowerssarah@example.com,2024-05-23,Tablet,Photography,4,1256,5024,Credit Card
8500,57,Jennifer Pace,josejackson@example.net,2024-12-27,Mouse,Photography,3,977,2931,PayPal
8501,60,Kyle Chung,qalvarez@example.com,2025-01-28,Keyboard,Accessories,3,306,918,Credit Card
8502,33,Richard Garcia,denise62@example.org,2024-11-19,Smartphone,Electronics,1,1476,1476,PayPal
8503,64,Christopher Bates,glasstheresa@example.org,2025-03-23,Mouse,Photography,2,1307,2614,Credit Card
8504,51,Sheri Moyer,ewood@example.com,2026-02-06,Webcam,Photography,5,629,3145,PayPal
8505,30,Ana Miller,juan14@example.com,2026-01-15,Tablet,Electronics,4,1330,5320,Cash
8506,43,Heidi Robinson,benjamin60@example.org,2025-09-12,Printer,Electronics,1,495,495,PayPal
8507,34,Lisa Hull,destiny02@example.org,2024-12-29,Tablet,Accessories,4,1242,4968,PayPal
8508,22,John Irwin,jacqueline49@example.com,2024-06-07,Webcam,Electronics,2,238,476,PayPal
8509,36,Susan Schneider,manderson@example.com,2024-08-07,Keyboard,Electronics,1,649,649,PayPal
8510,34,Jesse Evans,juliecarson@example.com,2025-01-30,Camera,Accessories,3,175,525,PayPal
8511,30,David Farley,kevinrivera@example.org,2025-11-30,Laptop,Accessories,2,1456,2912,Credit Card
8512,24,Brian Moore,zpatterson@example.net,2025-10-26,Keyboard,Photography,3,635,1905,PayPal
8513,21,Jill Smith,ntorres@example.net,2025-01-05,Mouse,Accessories,3,825,2475,PayPal
8514,68,Jeffrey Welch,jonathan41@example.com,2024-12-10,Tablet,Accessories,3,720,2160,PayPal
8515,39,Taylor Lane,kristin25@example.net,,Tablet,Electronics,2,341,682,Cash
8516,47,Jeffrey Case,diana45@example.com,2025-10-08,Mouse,Electronics,4,505,2020,Credit Card
8517,50,Justin Johnson Jr.,harrellbarbara@example.com,2025-12-01,Tablet,Photography,1,935,935,PayPal
8518,18,Bobby Summers,carlosmartinez@example.org,2025-11-13,Keyboard,Photography,2,1092,2184,PayPal
8519,52,Rhonda Carter,melissa75@example.net,2026-02-18,Keyboard,Accessories,5,295,1475,Cash
8520,36,Daniel Thompson,annbowers@example.net,2025-02-19,Monitor,Photography,3,878,2634,Credit Card
8521,70,Jennifer Moreno,allisonjohn@example.com,2025-10-27,Keyboard,Electronics,4,254,1016,Cash
8522,42,Elizabeth Martin,uhall@example.com,2025-08-23,Webcam,Photography,2,1070,2140,Credit Card
8523,61,Latoya Thomas,anne78@example.org,2025-05-24,Mouse,Photography,4,766,3064,Credit Card
8524,57,Christopher Murray,ronnie75@example.org,2025-03-22,Mouse,Accessories,2,400,800,Credit Card
8525,48,Adam Hammond,taylordenise@example.org,2026-01-29,Monitor,Accessories,3,1353,4059,Credit Card
8526,34,Lori Wells,trujillocaroline@example.com,2025-12-27,Tablet,Electronics,3,195,585,PayPal
8527,35,Michelle Berger,rreese@example.com,2024-05-12,Camera,Photography,3,439,1317,Credit Card
8528,68,Ryan Gonzales,jessicaperez@example.net,2025-06-17,Keyboard,Photography,4,710,2840,PayPal
8529,59,Tyler Ware,cooperkimberly@example.org,2025-11-28,Speaker,Accessories,2,956,1912,Credit Card
8530,50,Gail Hernandez,vsteele@example.net,2025-10-06,Printer,Photography,2,743,1486,Credit Card
8531,57,Bruce Johnson,marcusjimenez@example.net,2025-10-14,Monitor,Photography,1,21,21,PayPal
8532,27,Linda Matthews,gardnerkristen@example.org,2024-10-13,Keyboard,Photography,4,720,2880,PayPal
8533,51,Ricky Day,bradley30@example.net,2025-09-25,Webcam,Accessories,1,217,217,PayPal
8534,42,Andrea Thompson,michaelmason@example.org,2025-09-06,Tablet,Photography,5,963,4815,Cash
8535,35,Katie Compton,zford@example.com,,Monitor,Accessories,4,698,2792,Cash
8536,22,Jeffrey Miller,willistyler@example.com,2025-03-26,Camera,Photography,4,477,1908,Cash
8537,28,Kevin Rhodes,dmoon@example.com,2025-02-05,Keyboard,Electronics,4,341,1364,Credit Card
8538,64,Gregory Hernandez,woodsjoseph@example.com,2024-06-22,Headphones,Accessories,1,578,578,PayPal
8539,44,Melvin Jones,brandonbrady@example.net,2024-04-23,Printer,Photography,1,616,616,Credit Card
8540,56,Mark Allen,stevendavis@example.net,,Tablet,Electronics,4,1116,4464,PayPal
8541,44,John Hess,malonediane@example.org,2025-09-01,Headphones,Accessories,2,774,1548,Credit Card
8542,29,Andrea Thompson,mcintoshdiana@example.org,2025-08-03,Keyboard,Electronics,3,1486,4458,Credit Card
8543,46,Amanda Murphy,cantunatalie@example.net,2024-10-11,Camera,Accessories,1,1422,1422,Cash
8544,54,Jeffrey Ramirez,jmorton@example.org,2025-09-30,Webcam,Electronics,1,854,854,Credit Card
8545,41,Patricia Fleming,spencereric@example.com,2024-04-25,Monitor,Accessories,1,1447,1447,Cash
8546,23,Timothy Perez,carl32@example.net,,Headphones,Accessories,4,1332,5328,Credit Card
8547,52,Lisa Patterson,uwerner@example.net,,Mouse,Photography,2,511,1022,Credit Card
8548,48,James Park,angela77@example.net,2024-12-10,Keyboard,Accessories,2,1010,2020,Cash
8549,70,,stephaniebarajas@example.org,2025-09-25,Tablet,Electronics,5,362,1810,Cash
8550,23,Peter Pena,patricia74@example.net,2024-09-20,Headphones,Photography,2,37,74,Cash
8551,25,Melissa Chen,marykane@example.org,2025-04-04,Headphones,Accessories,2,224,448,Credit Card
8552,22,,justin63@example.com,2025-11-18,Mouse,Photography,1,901,901,Credit Card
8553,55,Derek Guzman,nromero@example.com,2025-07-19,Headphones,Accessories,3,1164,3492,PayPal
8554,28,Ashley Ferguson,cparker@example.com,,Keyboard,Electronics,3,794,2382,Cash
8555,22,Curtis Williamson,petersangela@example.net,2025-01-15,Monitor,Accessories,,1276,0,PayPal
8556,61,Christina Rogers,hillbrett@example.net,2024-08-23,Camera,Electronics,5,1374,6870,Credit Card
8557,27,Dakota Perry,dominguezsarah@example.net,,Laptop,Electronics,1,511,511,Credit Card
8558,50,Kristine Murray,ronnie17@example.net,,Laptop,Electronics,1,604,604,Cash
8559,49,Ricardo Sanchez,sarah69@example.com,2024-11-07,Smartphone,Accessories,1,795,795,Credit Card
8560,67,Rebecca Watkins,rachaelclark@example.com,2025-11-03,Laptop,Photography,1,771,771,PayPal
8561,38,Cameron Dixon,osbornealexander@example.net,2024-10-15,Laptop,Photography,3,131,393,Cash
8562,37,Francisco Williams,nathaniel18@example.org,2024-06-24,Webcam,Photography,5,631,3155,Credit Card
8563,22,Katherine Smith,timothy94@example.net,2025-04-14,Camera,Photography,1,30,30,Credit Card
8564,61,Christina Allen,hickmancolleen@example.com,2025-11-04,Laptop,Accessories,2,83,166,Cash
8565,40,Mr. James Ramirez,scott47@example.com,2024-10-12,Tablet,Electronics,4,872,3488,Credit Card
8566,56,Cameron Williams,bowmansarah@example.org,2025-12-22,Mouse,Accessories,3,776,2328,PayPal
8567,30,Melissa Stuart DVM,bsmith@example.net,,Smartphone,Accessories,2,980,1960,Credit Card
8568,49,Christian Miller,woodjenna@example.net,2025-08-30,Tablet,Photography,4,1406,5624,Cash
8569,36,Theresa Gutierrez,bdeleon@example.org,,Keyboard,Photography,3,1433,4299,PayPal
8570,25,Karen Rogers,renee21@example.net,2024-05-04,Printer,Photography,2,103,206,Cash
8571,53,Nicholas Wood,ngomez@example.com,2024-02-28,Camera,Electronics,1,1288,1288,PayPal
8572,19,,robinsonchristopher@example.net,2024-05-17,Tablet,Accessories,5,468,2340,PayPal
8573,35,David Wright,summerroberts@example.net,2024-08-02,Laptop,Accessories,5,348,1740,PayPal
8574,62,Bethany Jackson,laurafox@example.net,2025-10-06,Headphones,Accessories,2,359,718,Cash
8575,63,Noah Wilson,freemanjulie@example.net,2025-06-02,Keyboard,Photography,1,773,773,Credit Card
8576,51,,tarasteele@example.net,2025-12-05,Camera,Accessories,2,747,1494,PayPal
8577,55,Kenneth Mcclain,robinsonjennifer@example.org,2025-09-23,Monitor,Accessories,1,1064,1064,Credit Card
8578,48,Christina Brown,andrewsoto@example.org,2024-11-29,Printer,Photography,1,870,870,Credit Card
8579,49,Victoria Lee,williamsanna@example.com,2025-12-15,Speaker,Accessories,3,40,120,Credit Card
8580,44,Isaac Cooper,victoriamiles@example.net,2024-03-20,Mouse,Electronics,3,1079,3237,Credit Card
8581,40,Jessica Adams,kendra72@example.net,2025-10-02,Laptop,Photography,4,255,1020,Cash
8582,35,Belinda Dunn,glee@example.com,2024-03-21,Webcam,Photography,1,1156,1156,Cash
8583,42,Miguel Howard,cburns@example.com,2025-02-01,Mouse,Electronics,3,1163,3489,PayPal
8584,51,Anthony Wallace,john51@example.org,2025-03-24,Headphones,Photography,4,1231,4924,Cash
8585,57,Gary Burgess,aaronsmith@example.org,2024-11-15,Tablet,Electronics,3,25,75,Credit Card
8586,63,Timothy Phillips,matthewmartin@example.com,2024-08-15,Speaker,Electronics,1,702,702,Credit Card
8587,65,Jamie Smith,parkerjennifer@example.net,2024-03-29,Speaker,Accessories,1,462,462,Credit Card
8588,46,Carol Kelly,ksanders@example.com,2025-10-21,Tablet,Accessories,2,1461,2922,Cash
8589,27,Mrs. Tiffany Jenkins,barnold@example.com,,Tablet,Electronics,3,714,2142,Cash
8590,48,Kelly Guerrero,stephanie38@example.org,2024-12-30,Camera,Photography,5,1086,5430,Cash
8591,50,Robert Hobbs,raykatherine@example.org,,Smartphone,Electronics,5,1184,5920,PayPal
8592,33,Lisa Hunter,laurenshelton@example.net,2026-02-08,Printer,Electronics,,640,0,PayPal
8593,63,Heidi Roman,arielthomas@example.com,,Printer,Electronics,3,984,2952,Credit Card
8594,59,Jennifer Peterson,ashleythomas@example.net,2024-12-13,Keyboard,Photography,3,99,297,PayPal
8595,66,Ryan Landry,uhernandez@example.net,,Tablet,Electronics,5,625,3125,Credit Card
8596,66,David Chase,egaines@example.net,2024-09-10,Laptop,Electronics,4,623,2492,Credit Card
8597,67,Joanna Stone,hunttravis@example.net,2024-09-10,Mouse,Accessories,3,1351,4053,Cash
8598,47,Brandi Baker,gonzalezjill@example.org,2024-03-11,Tablet,Photography,5,1140,5700,PayPal
8599,48,Joseph Sandoval,watsonshari@example.net,2025-10-12,Speaker,Accessories,3,738,2214,PayPal
8600,65,,edward58@example.net,2024-11-15,Keyboard,Photography,5,212,1060,Cash
8601,29,Tanya Garcia,tim66@example.org,2024-10-18,Keyboard,Electronics,3,130,390,PayPal
8602,62,Pamela Guzman,catherine62@example.org,2026-01-25,Headphones,Electronics,4,844,3376,Cash
8603,20,Carrie Johnson,ryan23@example.net,2025-09-11,Headphones,Electronics,2,1481,2962,PayPal
8604,33,Samantha Diaz,paul25@example.net,2025-02-08,Headphones,Electronics,1,1280,1280,Credit Card
8605,27,Lisa Rogers,nealsamantha@example.net,2025-07-31,Monitor,Photography,4,1168,4672,PayPal
8606,47,Patricia Pierce,carlos99@example.org,2024-08-25,Monitor,Photography,5,1063,5315,Credit Card
8607,20,Amanda Lowe,anita35@example.org,2025-03-31,Keyboard,Accessories,2,1291,2582,PayPal
8608,54,Lisa Howard,jennifertran@example.com,2025-06-03,Speaker,Accessories,2,111,222,PayPal
8609,50,Zoe Miller,tracythompson@example.com,2025-11-07,Monitor,Electronics,1,1401,1401,Cash
8610,66,Derrick Andrews,tatesteven@example.com,2026-01-29,Tablet,Photography,4,557,2228,PayPal
8611,23,Andrea Yang,jeremyaustin@example.org,2025-12-24,Keyboard,Accessories,3,51,153,PayPal
8612,53,Mr. Dylan Williams,tyronelam@example.org,2025-01-14,Printer,Photography,2,1055,2110,Cash
8613,46,Crystal Cochran,shane68@example.org,,Printer,Photography,4,863,3452,PayPal
8614,47,,cvincent@example.com,2026-01-10,Headphones,Electronics,5,672,3360,PayPal
8615,45,Linda Parsons,yhampton@example.org,2024-06-30,Headphones,Accessories,3,943,2829,Cash
8616,48,Christopher Mitchell,wrightkathy@example.net,2024-09-22,Monitor,Photography,4,356,1424,PayPal
8617,41,,tara38@example.com,2025-10-22,Webcam,Accessories,1,1052,1052,PayPal
8618,46,Robert Mccoy,bestjoshua@example.com,2025-12-28,Smartphone,Accessories,1,154,154,Credit Card
8619,23,Sarah Lewis,desiree65@example.net,2024-07-28,Monitor,Photography,3,919,2757,Cash
8620,21,Robert Fisher,samanthaevans@example.com,2024-09-18,Webcam,Accessories,,1031,0,Cash
8621,28,Joshua Burnett,martintaylor@example.org,2025-12-08,Camera,Accessories,3,156,468,Cash
8622,40,Benjamin Gibson,julia12@example.com,,Camera,Photography,4,557,2228,PayPal
8623,44,Joel Shaffer,bishopnatalie@example.org,2025-05-18,Laptop,Photography,1,473,473,Credit Card
8624,26,Amber Huber,tjohnson@example.net,2025-10-24,Mouse,Accessories,4,159,636,Cash
8625,46,Victor Robinson,utaylor@example.com,2025-08-23,Camera,Electronics,3,544,1632,Credit Card
8626,59,Tony Watson,davidgardner@example.org,2025-07-28,Mouse,Accessories,3,34,102,PayPal
8627,37,Oscar Mcpherson,rgarza@example.com,2024-12-20,Webcam,Photography,2,738,1476,Cash
8628,59,John Wagner,joseph03@example.com,2025-06-29,Keyboard,Photography,3,1337,4011,Cash
8629,38,Jennifer Guzman,jhayden@example.org,2025-12-19,Speaker,Accessories,2,138,276,PayPal
8630,53,Christopher Jackson,ashleyolson@example.org,2025-05-27,Headphones,Photography,4,937,3748,PayPal
8631,20,Tracy White,angelaarias@example.net,2025-01-10,Laptop,Accessories,3,355,1065,Credit Card
8632,27,Ashley Miller,jessica50@example.com,2025-03-22,Keyboard,Accessories,5,447,2235,Cash
8633,52,David Jones,kyu@example.net,2024-09-22,Camera,Accessories,3,1318,3954,Credit Card
8634,60,Alison Christian,richard72@example.net,2024-08-28,Monitor,Electronics,4,571,2284,PayPal
8635,41,Felicia Morton,mark63@example.net,2024-12-22,Monitor,Accessories,4,432,1728,Credit Card
8636,64,Chris Harrison,wthompson@example.org,2025-11-01,Keyboard,Electronics,5,607,3035,Credit Card
8637,45,Ebony Garza,holly54@example.com,2025-06-23,Speaker,Accessories,1,1311,1311,PayPal
8638,65,Cody Davis,marklester@example.org,2025-06-22,Tablet,Photography,5,1195,5975,Cash
8639,45,James Aguilar,nicholskimberly@example.org,2025-10-19,Speaker,Electronics,2,1426,2852,Cash
8640,66,Kathleen Bowers,ucunningham@example.org,2024-04-30,Smartphone,Accessories,3,212,636,Credit Card
8641,58,Kelli Hester,mraymond@example.org,2024-10-08,Laptop,Photography,4,451,1804,Credit Card
8642,42,Mr. Jerry Osborne MD,kelseyortega@example.net,2024-11-21,Headphones,Accessories,4,886,3544,PayPal
8643,24,,monicaberg@example.com,2024-08-25,Mouse,Photography,2,132,264,Cash
8644,59,Melissa Garrett,paulcline@example.com,2024-03-25,Speaker,Photography,1,538,538,Cash
8645,57,Andrew Walker,ccook@example.org,2026-02-13,Tablet,Photography,4,591,2364,Credit Card
8646,69,Frederick Wolfe,bestrada@example.com,2025-02-28,Webcam,Photography,4,479,1916,Cash
8647,49,Dawn Carter,tperez@example.org,2026-01-13,Webcam,Accessories,1,1173,1173,Cash
8648,28,,rebecca06@example.com,2024-04-17,Headphones,Accessories,5,430,2150,Credit Card
8649,69,Kimberly Anderson,urivas@example.org,2024-08-17,Keyboard,Photography,2,1183,2366,Credit Card
8650,43,Jamie Campos,smiller@example.org,2025-08-14,Monitor,Accessories,5,1387,6935,PayPal
8651,20,,keithwright@example.net,2025-01-03,Monitor,Accessories,3,1084,3252,Cash
8652,50,Emma Whitaker,nelsondawn@example.com,2025-08-13,Tablet,Photography,1,763,763,Credit Card
8653,28,Katelyn Macdonald,kmooney@example.com,,Headphones,Accessories,4,464,1856,Cash
8654,55,William Vargas,emma48@example.com,2025-09-16,Monitor,Photography,3,56,168,PayPal
8655,63,Sarah Walsh,shellymitchell@example.com,2025-11-08,Mouse,Accessories,4,393,1572,PayPal
8656,64,Audrey Mitchell,gutierrezalbert@example.net,2025-08-23,Laptop,Accessories,3,1086,3258,PayPal
8657,55,Natalie Rodriguez,ztaylor@example.com,2025-12-16,Speaker,Photography,2,1347,2694,PayPal
8658,45,,robert00@example.org,2024-08-01,Smartphone,Electronics,5,197,985,Credit Card
8659,42,Kayla Ryan,dylan18@example.com,2025-05-17,Smartphone,Accessories,2,983,1966,Credit Card
8660,28,Timothy Reid,sreed@example.org,2025-11-10,Mouse,Photography,3,656,1968,Credit Card
8661,42,Ashley Bauer,dannybradley@example.com,2024-05-19,Smartphone,Accessories,2,103,206,PayPal
8662,60,Eileen Holmes,sandracochran@example.org,2024-07-05,Keyboard,Electronics,4,1000,4000,Credit Card
8663,29,Michelle Alexander,eric93@example.com,2025-01-30,Monitor,Photography,1,1426,1426,Credit Card
8664,60,,leedavid@example.net,2025-04-29,Camera,Accessories,2,1484,2968,Credit Card
8665,47,Joshua Foley,danachristian@example.net,2024-11-21,Printer,Accessories,1,417,417,Cash
8666,66,,nicoleweaver@example.com,2025-03-21,Smartphone,Photography,3,68,204,Credit Card
8667,57,Jamie Moran,sherri71@example.com,2025-04-18,Smartphone,Photography,2,164,328,PayPal
8668,19,,iramirez@example.net,2024-03-27,Mouse,Accessories,4,1052,4208,Cash
8669,67,Marie Bailey,vargasjames@example.org,2025-01-18,Headphones,Accessories,4,671,2684,Credit Card
8670,33,Anita Short,nathanjohnson@example.org,2025-11-01,Speaker,Accessories,3,1427,4281,PayPal
8671,37,Elizabeth Cox,michael41@example.org,,Camera,Accessories,3,71,213,Cash
8672,40,Eric Larson,lisa23@example.org,2024-08-16,Smartphone,Photography,4,1437,5748,Cash
8673,50,Angela Fowler,costakayla@example.com,2025-04-24,Smartphone,Accessories,2,1115,2230,Cash
8674,33,Scott Orozco,jlopez@example.net,2025-02-28,Headphones,Electronics,3,1311,3933,Credit Card
8675,49,Amy Hayden,lawsontracy@example.net,,Webcam,Electronics,4,1438,5752,Credit Card
8676,60,Amanda Bradley,xcopeland@example.com,2024-11-30,Mouse,Photography,4,469,1876,Cash
8677,25,Anna Morris,timothy11@example.net,2025-06-19,Mouse,Accessories,5,871,4355,Credit Card
8678,51,Ashley Gilbert,smithjavier@example.net,2024-07-28,Monitor,Photography,1,96,96,PayPal
8679,32,Megan Burke,sspencer@example.org,2024-08-20,Keyboard,Photography,2,53,106,Credit Card
8680,28,Mary Sutton,michelle41@example.net,2025-01-13,Webcam,Accessories,1,875,875,Credit Card
8681,58,Lisa Spencer,davissabrina@example.net,2025-08-27,Tablet,Electronics,3,287,861,PayPal
8682,49,Brandi Rogers,fharrington@example.org,2024-04-29,Speaker,Electronics,3,673,2019,PayPal
8683,23,Brandon Beasley,guerreromark@example.net,,Webcam,Accessories,1,1217,1217,PayPal
8684,66,Megan Perez,rgolden@example.com,2024-07-29,Mouse,Electronics,4,612,2448,PayPal
8685,29,Stacy Greene,brianortiz@example.net,2025-08-13,Laptop,Photography,3,422,1266,PayPal
8686,27,Becky Brown,fcervantes@example.net,2025-04-12,Laptop,Photography,2,613,1226,Cash
8687,60,Wanda Perkins,irichards@example.net,2025-08-20,Smartphone,Electronics,1,1086,1086,Cash
8688,29,Nathaniel Kemp,yramirez@example.net,2025-01-09,Keyboard,Electronics,4,216,864,Credit Card
8689,25,Glenn Bell,steven39@example.com,2024-03-28,Camera,Photography,1,474,474,Credit Card
8690,70,John Lowe,dunlapamy@example.com,2025-05-20,Smartphone,Photography,2,348,696,PayPal
8691,59,Mitchell Anderson,heathertanner@example.org,2024-03-14,Laptop,Accessories,2,1197,2394,Cash
8692,28,Brian Turner,nobledanielle@example.org,2024-11-07,Camera,Photography,2,511,1022,Credit Card
8693,59,Allison Mcguire,tammie76@example.com,2024-11-13,Speaker,Accessories,3,524,1572,PayPal
8694,62,John Scott,lopezdavid@example.com,,Smartphone,Electronics,1,331,331,Credit Card
8695,58,Jay Crane,kimberlywhite@example.net,2024-09-22,Keyboard,Electronics,2,797,1594,Credit Card
8696,69,William Valdez,brenda78@example.com,,Mouse,Electronics,4,73,292,PayPal
8697,28,Ana Mccoy,reedcaitlin@example.net,2026-02-26,Webcam,Accessories,4,664,2656,PayPal
8698,55,Mrs. Mary Proctor MD,brenda80@example.org,2025-02-01,Laptop,Electronics,1,1393,1393,PayPal
8699,62,Kevin Guzman,conleyvirginia@example.net,,Mouse,Accessories,3,237,711,Cash
8700,66,Benjamin Moreno,pbond@example.net,,Monitor,Accessories,3,245,735,PayPal
8701,21,Wanda Jones,kathleenbailey@example.org,2024-10-20,Smartphone,Accessories,1,1216,1216,Credit Card
8702,29,David Decker,johnstonamy@example.org,2025-02-28,Headphones,Photography,4,314,1256,Credit Card
8703,29,Daniel Chapman,lcoleman@example.com,2025-02-09,Smartphone,Accessories,5,377,1885,Cash
8704,41,Nancy Nguyen,xgraham@example.org,2025-04-20,Mouse,Photography,1,1485,1485,Credit Card
8705,19,Juan Sanford,kevin17@example.org,2024-07-23,Monitor,Accessories,4,948,3792,PayPal
8706,50,Terri Thomas,steven35@example.net,2024-10-31,Monitor,Accessories,1,1500,1500,PayPal
8707,61,Marissa Hansen,steven12@example.net,2025-01-16,Tablet,Photography,1,182,182,PayPal
8708,18,Erin Thompson,aholmes@example.com,2026-01-12,Speaker,Accessories,4,32,128,Cash
8709,36,Debra Lang,brooke96@example.net,2024-04-19,Speaker,Accessories,5,1500,7500,PayPal
8710,42,Debbie Hopkins,patrickscott@example.net,2025-08-19,Printer,Accessories,4,1474,5896,PayPal
8711,40,Jeffrey Scott,riveramatthew@example.net,2024-11-05,Printer,Photography,2,58,116,Cash
8712,22,Lauren Flores,lewisrobert@example.org,2025-10-22,Mouse,Accessories,1,1166,1166,Cash
8713,59,James Bruce,ryu@example.com,2025-08-10,Monitor,Accessories,2,1147,2294,Cash
8714,44,Helen Ortiz,melissakrueger@example.org,2024-05-25,Webcam,Electronics,4,1379,5516,PayPal
8715,53,Rachel Cruz,shanemorton@example.org,2025-08-18,Smartphone,Accessories,2,901,1802,Cash
8716,31,Brittany Sherman,lowerymicheal@example.com,2024-07-09,Headphones,Accessories,5,52,260,PayPal
8717,64,Elizabeth Harper,dianesmith@example.net,2024-12-04,Smartphone,Photography,2,764,1528,PayPal
8718,27,Victoria Hoover,lori16@example.com,2025-08-27,Speaker,Accessories,5,1182,5910,PayPal
8719,63,Eric Moss,xkeller@example.org,,Monitor,Accessories,5,1280,6400,Credit Card
8720,50,Deborah Aguirre,tiffanyjones@example.com,2025-05-01,Printer,Accessories,1,1091,1091,PayPal
8721,63,Lauren Chase,twhite@example.com,2024-09-30,Monitor,Electronics,5,1394,6970,Credit Card
8722,53,Erika Smith,adambernard@example.net,2025-07-25,Camera,Electronics,5,29,145,PayPal
8723,32,Michael Hernandez,ebrown@example.org,2025-06-04,Monitor,Electronics,5,853,4265,Credit Card
8724,28,,amygarcia@example.net,2024-12-17,Headphones,Accessories,1,390,390,Credit Card
8725,70,Jesus Tucker,etaylor@example.org,2025-03-13,Printer,Photography,2,67,134,Cash
8726,46,Nicholas Johnson,jaime89@example.org,2024-08-05,Webcam,Electronics,2,1343,2686,PayPal
8727,48,James Gomez,davisdouglas@example.com,,Tablet,Electronics,,574,0,Credit Card
8728,41,Paul Vega,william32@example.net,,Laptop,Photography,4,271,1084,PayPal
8729,69,Taylor Long,jason49@example.com,,Mouse,Electronics,4,974,3896,Cash
8730,22,Joshua Carter,hspears@example.org,2024-12-01,Mouse,Photography,2,1302,2604,Cash
8731,32,Michael Clarke,kimberly31@example.org,2024-04-22,Printer,Photography,3,1056,3168,Cash
8732,32,David Bates,gibsoncalvin@example.net,2026-01-19,Printer,Accessories,2,1055,2110,Credit Card
8733,40,Joshua Yang Jr.,hcurtis@example.com,2024-09-29,Webcam,Accessories,2,846,1692,PayPal
8734,49,Jennifer Pratt,santosrobert@example.com,2025-10-16,Camera,Photography,4,1461,5844,Credit Card
8735,35,Michael King,daniel93@example.com,2025-03-30,Camera,Photography,2,295,590,Credit Card
8736,35,Terry Moon,samuelmorse@example.com,2025-01-05,Laptop,Electronics,4,644,2576,Credit Card
8737,53,Elizabeth Mitchell,gsaunders@example.com,2024-11-05,Tablet,Electronics,4,1372,5488,Credit Card
8738,24,Annette Rowe,glarsen@example.com,2025-02-06,Printer,Electronics,2,25,50,PayPal
8739,31,Dawn Bradshaw,timothypatton@example.org,2024-03-01,Camera,Accessories,1,1381,1381,Cash
8740,63,Katie Gray,jason50@example.org,2025-08-28,Mouse,Accessories,3,35,105,Cash
8741,43,Christopher Coleman,alexanderstephanie@example.net,2024-03-03,Tablet,Accessories,,32,0,Cash
8742,25,Gary Myers,sanchezjuan@example.net,2026-01-22,Camera,Photography,2,1225,2450,PayPal
8743,66,Kerry Peters,jessicavaldez@example.net,2025-12-27,Camera,Photography,2,1181,2362,Cash
8744,34,Donna Flores,johnsontony@example.org,2025-09-23,Monitor,Photography,2,736,1472,Credit Card
8745,55,Karen Jones,dgamble@example.org,2024-07-19,Laptop,Photography,3,869,2607,Cash
8746,46,,sclark@example.com,2025-09-22,Webcam,Photography,4,1362,5448,Credit Card
8747,30,Margaret Rush,ujoseph@example.net,2025-01-06,Smartphone,Accessories,2,837,1674,PayPal
8748,38,Elizabeth Hebert,parkertyrone@example.org,2024-06-01,Webcam,Photography,5,493,2465,Cash
8749,42,Erik Craig,isaac76@example.org,2025-11-01,Laptop,Accessories,4,1080,4320,Cash
8750,44,Jason Johnson,jwalter@example.com,2024-09-06,Printer,Photography,1,275,275,PayPal
8751,56,Emma Thompson,rodriguezmathew@example.com,2025-08-23,Mouse,Electronics,4,728,2912,PayPal
8752,55,Patricia Johnson,seanthompson@example.net,2026-01-08,Webcam,Electronics,1,1230,1230,Credit Card
8753,27,Gail Campbell,zjohnson@example.net,2024-12-31,Camera,Accessories,2,218,436,PayPal
8754,55,Nathan Odonnell,karen55@example.net,2025-08-29,Laptop,Photography,2,1280,2560,PayPal
8755,18,Matthew Pham,tramos@example.net,2025-03-14,Tablet,Accessories,5,952,4760,PayPal
8756,66,Brandi Hill,cmullen@example.com,,Headphones,Electronics,3,1081,3243,Credit Card
8757,38,Paul Grimes,kevans@example.org,2025-07-30,Camera,Accessories,1,375,375,PayPal
8758,46,David Walters,imartinez@example.com,2025-04-14,Headphones,Photography,1,1270,1270,PayPal
8759,37,Heather Roberts,markmoore@example.com,2025-09-02,Headphones,Photography,3,229,687,PayPal
8760,20,Sarah Mcdaniel,dianejones@example.net,,Speaker,Photography,2,138,276,Credit Card
8761,52,Anthony Green,rhodesbrenda@example.com,2024-05-09,Speaker,Accessories,5,906,4530,PayPal
8762,51,Steven Smith,davidbradford@example.net,2025-08-07,Laptop,Electronics,,384,0,Cash
8763,48,Joshua Watkins,richard05@example.com,2025-03-29,Headphones,Photography,5,903,4515,PayPal
8764,26,Nicole Robertson,cookpeter@example.org,2025-08-19,Smartphone,Electronics,4,920,3680,Cash
8765,40,Keith Goodwin,russelldavid@example.org,2025-12-26,Keyboard,Electronics,4,1256,5024,PayPal
8766,47,Joshua Fisher,tmeyer@example.net,2025-01-26,Speaker,Photography,1,718,718,Cash
8767,56,Stephanie Jones,russoscott@example.com,2025-11-12,Printer,Photography,3,109,327,Cash
8768,53,Robert Brown,kenneth74@example.org,2024-12-28,Monitor,Electronics,3,397,1191,Credit Card
8769,57,Ryan Green,angela07@example.org,2025-09-04,Keyboard,Accessories,5,1176,5880,Cash
8770,38,Caroline Greer,qferguson@example.net,2024-07-02,Headphones,Accessories,4,1413,5652,Credit Card
8771,66,Barbara Miller,marissastanley@example.net,2025-08-27,Webcam,Accessories,4,1236,4944,Cash
8772,35,Carly Luna,xsmith@example.net,2025-08-04,Smartphone,Electronics,4,46,184,Cash
8773,40,Carla Schultz,sarah42@example.com,2025-12-06,Headphones,Electronics,5,321,1605,Cash
8774,22,Chelsey Thomas,nicholasmatthews@example.net,2025-01-05,Monitor,Electronics,5,1071,5355,Cash
8775,20,,shanemurray@example.org,2024-10-15,Mouse,Accessories,1,325,325,Credit Card
8776,60,Alicia Garcia,anne44@example.com,2025-01-25,Speaker,Electronics,5,648,3240,Cash
8777,65,David Bishop,pbarrera@example.com,2024-08-01,Laptop,Photography,1,743,743,Credit Card
8778,56,,jamesmcdaniel@example.net,2024-05-10,Webcam,Electronics,1,837,837,PayPal
8779,58,Carrie Costa,kingthomas@example.net,2024-06-17,Laptop,Electronics,3,1053,3159,PayPal
8780,42,Jennifer Burton,rachel67@example.com,2025-02-27,Headphones,Accessories,5,1380,6900,Credit Card
8781,33,Thomas Ward,wilkinsondevin@example.net,2024-04-27,Monitor,Electronics,1,562,562,PayPal
8782,25,Heather Cox,saraherickson@example.net,2024-12-11,Monitor,Photography,3,408,1224,PayPal
8783,29,,tristanhoffman@example.net,2025-04-20,Monitor,Photography,1,1114,1114,Cash
8784,18,Andrew Vang,cynthia27@example.org,,Laptop,Accessories,4,671,2684,PayPal
8785,36,James Turner,fmosley@example.net,,Laptop,Electronics,2,1350,2700,PayPal
8786,66,Craig Schwartz,xcarter@example.com,2025-03-28,Smartphone,Electronics,3,96,288,Credit Card
8787,20,Sandra Reynolds,mark35@example.net,2025-09-01,Camera,Photography,3,238,714,Credit Card
8788,56,,watkinskevin@example.com,,Camera,Electronics,3,1494,4482,Credit Card
8789,34,Ricardo Holland,oklein@example.org,2025-09-08,Monitor,Photography,3,198,594,PayPal
8790,18,Sandra Hansen,scotthicks@example.com,2024-04-14,Printer,Electronics,2,26,52,PayPal
8791,23,Joyce Eaton,bjoseph@example.net,2025-05-31,Monitor,Electronics,5,1068,5340,Credit Card
8792,40,Steven Khan,jeffreyrodriguez@example.com,2025-04-29,Mouse,Electronics,1,1256,1256,PayPal
8793,22,Vincent Sanchez,thorntonashley@example.net,,Camera,Photography,1,803,803,PayPal
8794,23,David Robertson,juarezsamantha@example.com,,Headphones,Accessories,4,487,1948,Credit Card
8795,59,Phillip Blackwell,emilyjohnson@example.org,2024-08-12,Headphones,Accessories,5,1386,6930,Cash
8796,62,Michelle Clark,georgehartman@example.org,2024-10-27,Mouse,Accessories,4,1223,4892,Credit Card
8797,65,,clevine@example.org,,Laptop,Electronics,,987,0,PayPal
8798,29,Anthony Murphy,garyavery@example.org,2025-09-05,Camera,Accessories,4,1052,4208,Credit Card
8799,34,Deborah Davis,dylan72@example.com,,Keyboard,Accessories,3,1429,4287,Cash
8800,30,Anthony Ortiz,fowens@example.com,2025-01-15,Keyboard,Accessories,1,863,863,Credit Card
8801,40,Elizabeth Moyer,mitchellmary@example.com,2025-08-01,Keyboard,Electronics,1,897,897,PayPal
8802,34,,colleenspencer@example.org,,Smartphone,Photography,5,698,3490,Credit Card
8803,47,Peter Schneider,xrodriguez@example.com,2024-08-29,Tablet,Accessories,1,1022,1022,PayPal
8804,20,Angela Sandoval,jonesronald@example.net,2024-11-05,Mouse,Photography,2,175,350,Cash
8805,31,Beverly Turner,tranjoann@example.org,2024-11-25,Speaker,Accessories,2,704,1408,Cash
8806,41,Raymond Cortez,gkelley@example.net,2026-02-24,Laptop,Electronics,1,61,61,Credit Card
8807,49,Chris Hughes,kerry15@example.com,2024-06-26,Smartphone,Accessories,4,201,804,PayPal
8808,57,Danielle Jennings,goodwindanielle@example.net,2024-09-20,Laptop,Accessories,4,269,1076,PayPal
8809,60,Daniel Martinez,lgreen@example.org,2025-11-18,Webcam,Electronics,1,402,402,Cash
8810,58,Tyler Maynard,christopherfarley@example.net,2025-05-22,Printer,Electronics,5,63,315,PayPal
8811,27,William Hopkins,kellymorrison@example.net,2025-03-13,Headphones,Photography,1,128,128,Credit Card
8812,20,Todd Flores,crystal96@example.net,2025-05-17,Monitor,Accessories,2,754,1508,PayPal
8813,37,Wendy Smith,marieparker@example.com,2024-10-09,Laptop,Electronics,4,906,3624,PayPal
8814,20,Julie Walker,collinsjason@example.org,2025-06-14,Smartphone,Accessories,3,771,2313,PayPal
8815,50,Joseph Meyer DDS,justin77@example.net,2025-04-24,Speaker,Electronics,4,574,2296,Credit Card
8816,21,Glenn Mayer,barrystacey@example.com,2024-11-08,Tablet,Electronics,1,129,129,Cash
8817,32,Jennifer Taylor,ewilliams@example.org,2024-09-27,Smartphone,Accessories,2,901,1802,PayPal
8818,69,Kristina Booker,rhodesdeborah@example.org,,Mouse,Photography,3,1280,3840,Credit Card
8819,38,Tina Harrison,younglee@example.com,2025-04-18,Keyboard,Photography,2,596,1192,Credit Card
8820,36,Betty Luna,leonardnorma@example.org,2026-01-31,Smartphone,Accessories,4,1263,5052,Cash
8821,27,Dustin Ibarra,enguyen@example.com,2025-04-09,Printer,Accessories,4,990,3960,Cash
8822,50,Christopher Chan,holderteresa@example.net,2024-10-16,Keyboard,Electronics,3,896,2688,Cash
8823,43,Gail Cooper,rthomas@example.net,2025-12-28,Headphones,Photography,2,754,1508,Credit Card
8824,62,Michael Khan,dannychandler@example.com,2025-09-23,Camera,Accessories,2,241,482,Cash
8825,68,Stephen Jones,michaelgraham@example.com,2025-11-10,Speaker,Photography,3,538,1614,Credit Card
8826,47,Megan Cervantes,martinezmichael@example.net,2025-05-18,Smartphone,Accessories,5,380,1900,PayPal
8827,46,Mark Leonard,ecastillo@example.com,2024-11-11,Mouse,Photography,3,1356,4068,Credit Card
8828,38,Alicia Quinn,turnersteve@example.net,2024-10-20,Keyboard,Electronics,5,1095,5475,PayPal
8829,26,Wendy Sharp,dfuentes@example.com,2024-11-04,Camera,Electronics,1,1302,1302,Cash
8830,53,Kevin Garcia,ryanlynch@example.org,2026-02-13,Tablet,Electronics,3,344,1032,Credit Card
8831,44,Robert Elliott,paulreyes@example.com,2025-01-02,Laptop,Accessories,4,1383,5532,Cash
8832,47,Jamie Brown,gallowaykatrina@example.org,2024-09-19,Headphones,Accessories,1,416,416,PayPal
8833,58,James Hodges,shannon35@example.net,2025-02-24,Headphones,Accessories,2,1434,2868,PayPal
8834,67,Brian Clark,scott38@example.net,,Smartphone,Accessories,5,90,450,Credit Card
8835,63,Philip Baxter,erikaharmon@example.net,2024-06-25,Laptop,Accessories,2,1396,2792,Cash
8836,25,Daniel Gill,millsandrea@example.com,2025-01-14,Mouse,Electronics,4,194,776,PayPal
8837,66,Larry Torres,lowekathleen@example.net,2025-09-30,Keyboard,Photography,4,1013,4052,Cash
8838,18,Taylor Abbott,johnathan51@example.com,2024-09-15,Headphones,Photography,3,476,1428,Cash
8839,22,Debbie Norris,kimberlywilliams@example.com,2025-08-16,Speaker,Electronics,4,311,1244,PayPal
8840,62,Zachary Walsh,bmartin@example.net,,Speaker,Electronics,1,130,130,PayPal
8841,44,Kathy Young,davidfoster@example.org,,Webcam,Electronics,4,1156,4624,Credit Card
8842,22,Cheryl Kent,austin19@example.com,2025-12-24,Speaker,Accessories,1,176,176,PayPal
8843,27,Natasha Mann,sara83@example.org,2024-11-07,Smartphone,Electronics,5,634,3170,Cash
8844,33,Angel Hawkins,lindacox@example.net,2024-10-07,Camera,Accessories,4,171,684,Credit Card
8845,38,Scott Huang,qsingh@example.com,2025-07-29,Speaker,Photography,2,909,1818,Credit Card
8846,41,Tracey Underwood,chandlerjeffrey@example.org,2024-12-13,Speaker,Photography,1,1263,1263,PayPal
8847,21,Cynthia Barnett,haileyyang@example.com,,Monitor,Accessories,3,1160,3480,PayPal
8848,23,Veronica Daugherty,tracy73@example.com,2024-04-04,Smartphone,Electronics,4,1211,4844,Cash
8849,18,Sara Holmes,elizabethburnett@example.net,2024-04-22,Webcam,Accessories,3,1095,3285,PayPal
8850,42,Nancy Barry,jennifersalazar@example.net,2025-07-09,Tablet,Photography,,164,0,PayPal
8851,67,Elizabeth Foster,michael11@example.net,2026-02-04,Webcam,Electronics,2,223,446,Credit Card
8852,60,Courtney Macdonald,asoto@example.org,2025-07-17,Smartphone,Accessories,5,600,3000,Cash
8853,56,Justin Smith,rachelriggs@example.com,2024-06-27,Laptop,Photography,5,314,1570,Cash
8854,32,Lauren Kelley,carriebrooks@example.org,2024-08-18,Printer,Electronics,5,620,3100,Cash
8855,22,Carla Schroeder,kaylabryant@example.org,2025-12-29,Monitor,Photography,2,1456,2912,PayPal
8856,44,Javier Powell,vsavage@example.com,2024-03-19,Mouse,Accessories,2,1398,2796,Cash
8857,46,Eric Arnold,caleb32@example.org,2024-05-02,Mouse,Photography,3,212,636,Credit Card
8858,38,Vincent Mitchell,ushepard@example.org,2025-07-22,Monitor,Accessories,4,524,2096,Cash
8859,67,Dylan Moyer,fgardner@example.net,2026-01-01,Tablet,Accessories,4,1001,4004,PayPal
8860,24,Brandon Perry,echan@example.com,2025-08-25,Monitor,Accessories,3,836,2508,PayPal
8861,26,Robert Powers,alexanderfelicia@example.net,2025-07-02,Keyboard,Photography,3,859,2577,Credit Card
8862,54,Andrew Mclaughlin,ralph91@example.net,2025-05-10,Mouse,Accessories,3,219,657,PayPal
8863,37,Melissa Owen,jordanjoshua@example.org,,Camera,Photography,2,504,1008,Cash
8864,23,Juan Lopez,jamesowens@example.org,2024-06-22,Headphones,Electronics,1,713,713,PayPal
8865,54,Gregory Calhoun,susancampbell@example.net,2025-09-02,Keyboard,Electronics,5,1309,6545,PayPal
8866,42,Joshua Turner,pamela91@example.org,2025-03-16,Mouse,Photography,3,234,702,PayPal
8867,37,,robert25@example.org,2024-03-18,Mouse,Accessories,4,1096,4384,Credit Card
8868,18,Tiffany Bryant,johnstonmonique@example.net,2025-11-23,Printer,Photography,2,573,1146,PayPal
8869,64,Melanie Garcia,douglasjohn@example.net,2024-06-24,Camera,Electronics,5,562,2810,PayPal
8870,34,Sarah Harris,ijohnson@example.com,2026-02-18,Printer,Accessories,4,554,2216,PayPal
8871,35,Dylan Rice,ortizwilliam@example.net,2025-02-15,Mouse,Accessories,4,1010,4040,PayPal
8872,26,Trevor White,nataliekerr@example.net,2024-06-17,Keyboard,Electronics,3,45,135,Credit Card
8873,21,Frank Johnson,dana01@example.org,2025-06-07,Camera,Photography,1,692,692,Cash
8874,18,Crystal Silva,areed@example.net,2024-12-21,Tablet,Accessories,4,522,2088,PayPal
8875,56,Joel Gonzalez,jasonguerra@example.com,2025-08-23,Keyboard,Photography,5,1201,6005,Cash
8876,22,Ana Reynolds,ryan52@example.net,2025-04-20,Tablet,Electronics,4,649,2596,Credit Card
8877,27,Kimberly Johnson,robertsmaxwell@example.com,2025-10-30,Tablet,Photography,2,1045,2090,Credit Card
8878,22,William Lopez,jenningsdonald@example.net,2025-12-28,Headphones,Electronics,4,1492,5968,PayPal
8879,19,Robert Smith,danielsmith@example.org,2025-02-18,Monitor,Accessories,5,973,4865,Credit Card
8880,25,Mary Neal,cruzalvin@example.com,2025-02-26,Laptop,Accessories,2,491,982,Credit Card
8881,57,Angel Roberts,fsexton@example.com,2025-10-08,Speaker,Accessories,2,548,1096,PayPal
8882,53,William Brown,joneslauren@example.net,2025-10-24,Webcam,Electronics,5,801,4005,Cash
8883,65,Russell Mays,khansen@example.org,2024-11-08,Laptop,Photography,2,311,622,Credit Card
8884,19,,alexandraperez@example.net,2025-04-16,Printer,Photography,1,1169,1169,PayPal
8885,26,Denise Singh,phyllis46@example.net,2025-10-02,Camera,Electronics,2,656,1312,Credit Card
8886,31,Debra Williams,lmiller@example.com,2025-07-14,Laptop,Photography,2,654,1308,Credit Card
8887,18,Troy Grant,michael47@example.net,2025-01-08,Smartphone,Electronics,1,77,77,Credit Card
8888,22,Monica Stevens,cunninghamjennifer@example.org,,Monitor,Accessories,5,78,390,Credit Card
8889,53,Christopher Clark,ohernandez@example.com,2024-10-07,Speaker,Accessories,1,1376,1376,Cash
8890,29,Kimberly Cummings,tchase@example.org,2025-12-24,Webcam,Electronics,5,132,660,Credit Card
8891,22,Jack Rogers,walkerjennifer@example.net,2025-01-08,Monitor,Photography,1,50,50,PayPal
8892,18,Robert Foster,jerry99@example.org,2025-02-17,Mouse,Electronics,1,541,541,Cash
8893,37,Tami Kennedy,kristirobertson@example.com,,Printer,Electronics,1,983,983,Cash
8894,53,Mary Russo,millerjustin@example.net,2026-02-06,Headphones,Accessories,1,1355,1355,Credit Card
8895,53,Jamie Rice,millsjohnathan@example.org,2025-03-20,Webcam,Electronics,5,916,4580,Credit Card
8896,51,Kristine Bowers,jack83@example.net,2024-12-02,Printer,Photography,4,187,748,Credit Card
8897,27,Nicholas Wilson,lcollins@example.net,2025-12-28,Keyboard,Accessories,1,350,350,Cash
8898,53,Anthony Hernandez,christopher40@example.net,2024-04-28,Mouse,Electronics,5,69,345,Credit Card
8899,44,Elizabeth Ware,shawn36@example.net,2025-03-17,Mouse,Electronics,1,761,761,Credit Card
8900,19,Marisa Huang,teresafry@example.com,2025-03-04,Tablet,Electronics,4,35,140,Cash
8901,47,Neil Hess,ashley10@example.com,2024-12-28,Mouse,Electronics,2,201,402,Cash
8902,34,Penny Richards,michelleyoung@example.net,2025-07-08,Webcam,Photography,1,624,624,Cash
8903,42,Mark Gonzalez,howardangela@example.org,2025-02-19,Webcam,Electronics,1,889,889,Cash
8904,59,Jerry Hernandez,james51@example.com,2024-07-06,Smartphone,Photography,2,1290,2580,PayPal
8905,61,Suzanne Bradley,lisagonzales@example.com,2024-06-27,Laptop,Photography,1,230,230,PayPal
8906,18,Shawna Gardner,dpoole@example.net,,Webcam,Accessories,4,1471,5884,Cash
8907,60,Rebecca Pierce,marcusbanks@example.com,2025-11-24,Speaker,Accessories,3,977,2931,Cash
8908,67,Andrea Smith,wflores@example.com,2024-10-28,Monitor,Photography,5,532,2660,PayPal
8909,31,Robin Wells,johnsonnorma@example.net,2026-01-26,Tablet,Electronics,1,538,538,Credit Card
8910,41,Alfred Mccoy,jennifer59@example.net,2024-07-02,Camera,Accessories,5,282,1410,Credit Card
8911,20,David Taylor,kevin41@example.org,2025-12-24,Keyboard,Accessories,3,362,1086,Credit Card
8912,68,Timothy Skinner,pbates@example.com,2025-12-20,Webcam,Photography,1,447,447,Credit Card
8913,60,,pmitchell@example.com,,Keyboard,Accessories,3,494,1482,Cash
8914,49,Michelle Lawson,robinfoster@example.org,2025-11-15,Speaker,Electronics,5,617,3085,Cash
8915,21,Cheryl Wilson,ritacooper@example.com,2025-05-06,Keyboard,Photography,1,173,173,Cash
8916,45,Ashley Bailey,adam28@example.net,2025-10-26,Speaker,Photography,2,466,932,Cash
8917,34,Kenneth Reyes MD,pacetyler@example.com,2024-10-22,Smartphone,Accessories,1,539,539,PayPal
8918,69,Mike Ray,lanechelsey@example.com,2025-01-21,Smartphone,Electronics,1,1035,1035,Cash
8919,47,Jason Harvey,kelly68@example.org,,Speaker,Photography,5,663,3315,Cash
8920,59,David Rodgers,lwilliams@example.com,2025-07-26,Headphones,Electronics,5,1366,6830,Credit Card
8921,68,Elaine Daniels,rodriguezralph@example.org,,Headphones,Electronics,5,1091,5455,Cash
8922,54,Audrey Strickland,hornesamuel@example.org,2024-07-14,Speaker,Photography,1,152,152,Credit Card
8923,46,Megan Taylor,kristopherburgess@example.com,2025-08-14,Mouse,Electronics,5,1397,6985,PayPal
8924,55,Andrew Dunn,perezian@example.com,2025-09-22,Printer,Photography,4,1469,5876,PayPal
8925,49,Amy Miller,markjohnston@example.net,2025-08-04,Webcam,Photography,4,540,2160,Credit Card
8926,32,James Shelton,nicholasramirez@example.org,2025-12-05,Smartphone,Accessories,5,353,1765,PayPal
8927,51,Mark Brown,woodwilliam@example.org,2025-06-07,Speaker,Electronics,5,591,2955,Cash
8928,31,Dr. April Boyd,jamesgonzalez@example.org,2025-11-29,Camera,Accessories,1,754,754,PayPal
8929,55,Tyler Brooks,georgereginald@example.org,2024-05-28,Smartphone,Accessories,1,1350,1350,PayPal
8930,31,Yvonne Olson,brooksthomas@example.com,2024-10-07,Printer,Accessories,5,399,1995,Cash
8931,52,Charles Brown,joseph95@example.org,2024-06-01,Printer,Accessories,1,20,20,PayPal
8932,38,Charles Villegas,matthew37@example.com,2025-11-03,Mouse,Photography,5,1027,5135,PayPal
8933,61,Jesse Evans,rarroyo@example.com,2024-09-02,Keyboard,Photography,3,76,228,PayPal
8934,47,Maria Preston,yjones@example.com,2024-11-18,Webcam,Photography,4,1092,4368,Credit Card
8935,37,Patricia Walter,msims@example.net,2025-11-19,Monitor,Photography,,147,0,Cash
8936,70,Alison Cox,dustin68@example.org,2024-09-12,Monitor,Photography,5,308,1540,Cash
8937,53,Leon Garcia,njohnson@example.net,,Printer,Electronics,3,332,996,PayPal
8938,29,Stephanie Steele,fergusonkaren@example.net,2026-01-30,Tablet,Accessories,3,312,936,Cash
8939,20,Joe Romero,justinevans@example.net,2025-01-30,Speaker,Electronics,5,1250,6250,Cash
8940,39,Jamie Rice,tperez@example.net,2025-11-25,Keyboard,Accessories,1,1252,1252,Cash
8941,24,Tonya Love,qthomas@example.com,2025-09-25,Tablet,Electronics,2,316,632,Cash
8942,69,Morgan Cohen,katrinaconner@example.com,2025-02-15,Smartphone,Accessories,,373,0,Cash
8943,65,Tammy Maxwell,barbaragonzales@example.com,2025-06-25,Speaker,Photography,2,380,760,Cash
8944,20,Brian Cardenas,tiffanyayala@example.net,2024-09-02,Printer,Accessories,,429,0,Cash
8945,69,Stephanie Little,amanda76@example.org,,Camera,Electronics,3,26,78,Cash
8946,50,Latoya Hamilton,griffinsuzanne@example.com,2024-07-06,Printer,Photography,1,833,833,Credit Card
8947,24,Alicia Brown,paynechelsea@example.org,2025-10-17,Printer,Electronics,4,721,2884,PayPal
8948,40,Jessica Campos,kevinmueller@example.com,2024-07-08,Smartphone,Photography,2,175,350,Cash
8949,63,Adam Padilla,johnsonmolly@example.net,2025-05-30,Smartphone,Accessories,2,726,1452,PayPal
8950,38,,mitchellkrystal@example.com,2025-06-21,Printer,Photography,2,472,944,Credit Card
8951,59,Ronald Byrd,edwardskristina@example.org,2025-06-12,Mouse,Photography,1,441,441,Cash
8952,23,Cody Vargas,jasmineyang@example.com,2025-06-10,Smartphone,Accessories,1,1082,1082,Credit Card
8953,54,Jonathan Rodriguez,marie07@example.net,2025-09-08,Webcam,Electronics,5,308,1540,Credit Card
8954,43,Terry Stokes,blee@example.net,2025-11-16,Printer,Electronics,1,426,426,PayPal
8955,57,Jennifer Mckee,jacobzimmerman@example.net,2025-11-28,Tablet,Photography,5,831,4155,Credit Card
8956,29,Shari Lewis,elizabeth27@example.com,2024-08-31,Monitor,Accessories,5,1398,6990,Cash
8957,24,Brian Reed,vjohnson@example.net,2025-10-12,Webcam,Photography,1,722,722,Cash
8958,23,Tina Pierce,pamela28@example.com,2024-07-27,Laptop,Accessories,2,1360,2720,PayPal
8959,64,Melissa Gutierrez,lynnmendoza@example.net,2025-09-11,Monitor,Photography,5,828,4140,Credit Card
8960,41,Kim Bass,evansbrittany@example.com,2024-11-04,Speaker,Accessories,4,1443,5772,Credit Card
8961,32,Kimberly Lee,wbarr@example.net,2024-12-13,Headphones,Electronics,4,1316,5264,PayPal
8962,55,Victoria Silva,ugreene@example.net,2025-05-01,Tablet,Photography,3,1368,4104,Credit Card
8963,30,Daniel Evans,lori72@example.org,2024-03-19,Mouse,Photography,3,620,1860,PayPal
8964,44,Julia Young,jasonjohnson@example.net,2026-02-07,Printer,Accessories,3,541,1623,Credit Card
8965,24,Brian Grant MD,barrvalerie@example.net,2024-06-07,Camera,Accessories,1,1292,1292,Credit Card
8966,33,Dana Salazar,colemankevin@example.com,2025-05-28,Monitor,Electronics,1,792,792,Credit Card
8967,63,Sergio Jackson,jacquelinelawson@example.com,2024-08-13,Camera,Photography,2,339,678,Credit Card
8968,62,Stephanie Cantrell,lauraweaver@example.net,2024-05-03,Webcam,Accessories,1,1071,1071,PayPal
8969,27,George Lee,melissa53@example.com,2026-02-13,Printer,Electronics,5,1320,6600,PayPal
8970,43,Jonathan Rowe,lorettapotter@example.org,2025-01-03,Webcam,Accessories,1,1087,1087,Credit Card
8971,54,Antonio Willis,joanna92@example.net,2024-11-17,Mouse,Electronics,5,299,1495,Credit Card
8972,20,Bradley Miranda,hernandezryan@example.org,2024-10-22,Speaker,Photography,3,442,1326,PayPal
8973,59,Alexis Harris,vmoore@example.net,2024-07-17,Printer,Electronics,2,225,450,Cash
8974,26,Audrey Martin,christopher62@example.org,2024-04-12,Headphones,Accessories,2,1029,2058,PayPal
8975,40,Adam Pineda,welchkeith@example.com,2024-09-22,Mouse,Electronics,,925,0,Credit Card
8976,63,Maria Smith,shawjeffrey@example.org,2024-06-20,Mouse,Photography,1,1135,1135,Cash
8977,36,Meagan Gordon,helenparks@example.net,,Webcam,Accessories,1,257,257,Credit Card
8978,62,Suzanne Carter,michaelparker@example.com,2024-10-28,Headphones,Accessories,1,786,786,Credit Card
8979,24,Tammy Leach,kthomas@example.org,2024-10-02,Tablet,Accessories,2,1404,2808,PayPal
8980,49,Erin Hill,ochang@example.net,2024-12-26,Speaker,Photography,3,450,1350,PayPal
8981,31,Keith Ware,fmclaughlin@example.net,2024-04-16,Tablet,Photography,5,965,4825,Credit Card
8982,53,Melissa Wright,kedwards@example.org,2024-12-27,Webcam,Electronics,4,569,2276,Cash
8983,20,Larry Smith,anthony76@example.com,2025-02-20,Printer,Accessories,2,378,756,PayPal
8984,19,Aaron Hodges,xhuang@example.org,2024-11-10,Printer,Accessories,4,210,840,Cash
8985,49,Brooke Morgan,christopher96@example.net,2024-12-25,Printer,Electronics,1,1262,1262,Cash
8986,60,Jennifer Allen,sean91@example.org,,Webcam,Accessories,1,1438,1438,PayPal
8987,68,Tammy Johnson,bruce54@example.org,2024-09-15,Webcam,Photography,5,31,155,Cash
8988,67,Adrian Snyder,smithjacob@example.com,2025-10-21,Speaker,Accessories,5,208,1040,Cash
8989,24,Eric Goodman,lawsonkatrina@example.net,2025-10-15,Laptop,Electronics,1,251,251,Cash
8990,65,David Carter,rmorgan@example.com,2024-08-02,Headphones,Electronics,1,395,395,Credit Card
8991,37,Thomas Thompson,cynthiaware@example.com,2024-05-12,Laptop,Accessories,4,85,340,PayPal
8992,31,Emily Johnson,evansrobert@example.com,2024-06-28,Speaker,Photography,4,460,1840,Credit Card
8993,19,Robert Franklin,hgarcia@example.com,2025-09-27,Monitor,Accessories,2,920,1840,Cash
8994,22,Tammy Burgess,nsandoval@example.com,2024-06-26,Webcam,Electronics,,1008,0,PayPal
8995,50,Jay Freeman,comptonsophia@example.com,2025-04-11,Camera,Photography,3,425,1275,Credit Card
8996,67,Michael Smith,hlee@example.org,2024-11-16,Keyboard,Photography,5,649,3245,Credit Card
8997,60,Thomas Austin,steven72@example.net,2025-12-06,Camera,Accessories,3,570,1710,Cash
8998,21,Bradley Byrd,brittneygonzalez@example.org,2025-12-04,Headphones,Photography,3,390,1170,PayPal
8999,54,Kevin Myers,amanda27@example.org,2024-07-14,Mouse,Electronics,2,1345,2690,PayPal
9000,27,Michael Obrien,patrick56@example.org,2024-07-03,Headphones,Electronics,5,1229,6145,Cash
9001,23,Emily Hill,mariarobinson@example.com,2025-07-18,Camera,Electronics,3,701,2103,Credit Card
9002,28,David Daniels,jjones@example.net,2025-08-15,Keyboard,Accessories,2,397,794,PayPal
9003,36,George Young,gainesgregory@example.org,2025-11-15,Webcam,Photography,3,156,468,Cash
9004,31,Tony Young,christinabauer@example.com,2026-01-13,Monitor,Accessories,4,354,1416,Credit Card
9005,68,Wesley Fuentes,zblair@example.net,2025-07-03,Webcam,Photography,2,1179,2358,Credit Card
9006,66,Teresa Potter,obrown@example.org,2024-10-10,Speaker,Accessories,4,1274,5096,Credit Card
9007,59,Thomas Parker,davidphillips@example.com,2024-07-10,Speaker,Accessories,1,699,699,Credit Card
9008,54,Shane Watson,deniserussell@example.org,2025-05-22,Laptop,Electronics,3,284,852,Cash
9009,49,Steven Roberts,davidtaylor@example.org,2025-12-20,Webcam,Photography,1,853,853,Cash
9010,55,Timothy Jennings,jamesphelps@example.net,2025-03-01,Webcam,Electronics,1,53,53,Cash
9011,70,Kevin Moore,michaelsmith@example.org,,Headphones,Photography,3,1389,4167,Credit Card
9012,38,Mark Price,matthew35@example.net,2025-09-21,Headphones,Photography,4,992,3968,Credit Card
9013,28,Mr. Richard Knox,gclark@example.com,2024-03-09,Headphones,Electronics,1,218,218,Cash
9014,30,Zachary Mitchell,allenmichael@example.org,,Camera,Accessories,5,174,870,Credit Card
9015,36,Jonathan Lewis,nancyruiz@example.com,2025-01-25,Tablet,Accessories,4,1492,5968,PayPal
9016,37,Joseph Burnett,hilljohn@example.net,2025-03-24,Monitor,Electronics,1,795,795,Cash
9017,69,Chase Smith,xbass@example.net,2026-01-17,Camera,Photography,2,956,1912,Credit Card
9018,42,Monica Bailey,duffymisty@example.com,2025-06-01,Smartphone,Electronics,1,101,101,PayPal
9019,43,Tracie Day,flopez@example.com,2025-01-21,Speaker,Photography,5,308,1540,Cash
9020,50,Laura Gutierrez,zrobles@example.net,2024-11-03,Monitor,Accessories,3,1050,3150,Credit Card
9021,48,Phillip Brown,staceymurphy@example.org,2025-03-05,Laptop,Photography,2,1370,2740,Credit Card
9022,31,Rachael Rodriguez,harry04@example.com,2025-12-19,Webcam,Accessories,2,963,1926,Credit Card
9023,26,Linda Valenzuela,kimberly91@example.net,2024-05-11,Keyboard,Accessories,4,217,868,Cash
9024,51,Sarah Bender,pittmankarina@example.net,2025-12-24,Keyboard,Accessories,3,891,2673,PayPal
9025,28,Bradley Strickland,haley65@example.net,2025-09-10,Printer,Accessories,2,1469,2938,PayPal
9026,41,Susan Glover,emclaughlin@example.net,,Speaker,Photography,2,236,472,Cash
9027,55,Angela Guerrero,gregory02@example.org,2024-11-26,Camera,Photography,4,1377,5508,Cash
9028,60,Lisa Wyatt,edward32@example.net,2025-03-10,Laptop,Photography,2,363,726,Cash
9029,57,Matthew Robertson,djackson@example.com,2024-05-02,Laptop,Photography,3,1079,3237,Credit Card
9030,50,Roy Cook,bartlettdaniel@example.org,2024-12-17,Printer,Photography,5,762,3810,Credit Card
9031,59,Paul White,ijoyce@example.org,2024-09-13,Keyboard,Electronics,4,539,2156,Credit Card
9032,35,Amy Tate,lroberts@example.com,2025-08-06,Monitor,Accessories,1,867,867,Credit Card
9033,59,Jamie Norman,smithmarc@example.com,2024-07-14,Speaker,Accessories,4,327,1308,Credit Card
9034,42,Kylie Winters,nflores@example.com,2024-10-05,Speaker,Electronics,5,1031,5155,Cash
9035,46,Jasmine Valentine,elizabeth43@example.org,2024-07-31,Speaker,Photography,1,700,700,Cash
9036,63,Tiffany Arellano,wongnicole@example.com,,Tablet,Accessories,4,468,1872,Credit Card
9037,20,Laura Miller,camposcarla@example.org,2025-04-16,Camera,Accessories,2,369,738,Cash
9038,42,Edgar Bird,sawyerjoshua@example.net,2024-11-27,Laptop,Electronics,3,1017,3051,Credit Card
9039,30,Kimberly Richardson,eweaver@example.org,2025-01-05,Smartphone,Electronics,4,362,1448,Cash
9040,58,Sarah Rodriguez,ggreene@example.org,2025-02-06,Printer,Electronics,2,1139,2278,PayPal
9041,26,Edwin White,pholmes@example.org,2024-07-05,Mouse,Electronics,5,670,3350,Credit Card
9042,47,Scott Stewart,deanna03@example.com,2024-05-31,Keyboard,Photography,4,443,1772,Cash
9043,47,Christian Roman,brittany18@example.net,2025-03-26,Mouse,Electronics,5,606,3030,Cash
9044,33,,velezjesse@example.org,2025-08-22,Headphones,Electronics,5,356,1780,PayPal
9045,54,Jennifer Archer,toddsmith@example.org,2025-05-23,Keyboard,Photography,2,891,1782,Cash
9046,54,Donna Owen,sclay@example.org,2025-11-02,Printer,Photography,5,753,3765,Cash
9047,45,Wendy Gordon,mwright@example.net,2024-11-26,Smartphone,Electronics,5,201,1005,PayPal
9048,37,Krista Patel,cbrooks@example.org,2024-06-05,Camera,Photography,5,595,2975,Cash
9049,65,Nicole Mitchell DVM,gamblegail@example.org,2026-02-25,Speaker,Accessories,5,486,2430,PayPal
9050,35,Justin Morrow,michael01@example.net,2024-07-17,Keyboard,Accessories,5,1364,6820,Credit Card
9051,49,Rebecca Burke,vknox@example.org,2024-03-06,Monitor,Accessories,2,231,462,PayPal
9052,23,Dr. Steven Black,peter00@example.net,2024-12-31,Smartphone,Accessories,3,641,1923,Credit Card
9053,68,Donald Johnson,jessicabutler@example.com,2024-08-19,Mouse,Electronics,3,349,1047,Credit Card
9054,63,Patrick Ford,bonniejordan@example.net,2024-09-30,Tablet,Electronics,2,556,1112,PayPal
9055,59,Abigail Johnson,hfreeman@example.net,2024-04-07,Webcam,Electronics,5,530,2650,PayPal
9056,39,Grant Norris,hfritz@example.org,2024-07-21,Monitor,Accessories,1,1274,1274,Cash
9057,27,,scott09@example.net,2024-12-13,Speaker,Accessories,3,757,2271,Cash
9058,33,Melanie Smith,brianmiller@example.org,2024-08-20,Tablet,Electronics,2,845,1690,PayPal
9059,66,,taragarcia@example.com,2026-01-03,Laptop,Photography,4,41,164,Cash
9060,34,Stephanie Armstrong,robertsrichard@example.net,2024-08-12,Speaker,Photography,1,867,867,Cash
9061,18,Zachary Lyons,wellsandrea@example.org,2025-06-04,Camera,Electronics,1,906,906,PayPal
9062,61,Austin Elliott,daniellarson@example.net,2026-01-27,Mouse,Photography,5,885,4425,Cash
9063,44,Katie Smith,gonzalezsean@example.com,2024-05-28,Mouse,Photography,4,1320,5280,Credit Card
9064,43,Brian Silva,laura96@example.org,2024-05-10,Webcam,Electronics,2,498,996,Cash
9065,54,Meghan Sanders,roblesanthony@example.com,2024-03-09,Webcam,Accessories,4,562,2248,PayPal
9066,38,William Johnston,yhowell@example.com,2025-10-12,Headphones,Photography,,229,0,PayPal
9067,18,Eric Thomas,umiddleton@example.net,2025-01-26,Camera,Accessories,4,788,3152,PayPal
9068,50,Lance Kelly,gregory24@example.com,2025-07-16,Monitor,Photography,2,1500,3000,Credit Card
9069,42,Sean Garrison,christopherlarsen@example.org,2025-10-24,Webcam,Photography,4,593,2372,Credit Card
9070,26,Crystal Hanson,sadams@example.org,2025-09-05,Tablet,Photography,2,873,1746,PayPal
9071,33,Richard Garza,hpugh@example.org,2024-03-12,Camera,Accessories,4,1116,4464,Credit Card
9072,57,Sara Kelley,changkimberly@example.net,2024-09-19,Keyboard,Photography,,512,0,PayPal
9073,46,Brian Schwartz,davidharding@example.com,2024-04-04,Smartphone,Accessories,4,1451,5804,Credit Card
9074,23,Sheila Gibson,bensonannette@example.com,2026-02-25,Printer,Electronics,5,695,3475,Cash
9075,19,Jeremy Daniels,fkirby@example.net,2026-01-20,Smartphone,Accessories,2,1365,2730,Credit Card
9076,55,,poconnor@example.net,,Tablet,Photography,4,1171,4684,PayPal
9077,51,Erica Myers,lisa70@example.com,2025-10-23,Camera,Accessories,4,1288,5152,Credit Card
9078,58,,gmiller@example.org,,Laptop,Electronics,5,724,3620,PayPal
9079,23,Kevin Downs,gregory41@example.com,2026-02-05,Printer,Accessories,5,1376,6880,PayPal
9080,42,Robert Hanson,palmerjessica@example.net,2024-06-21,Laptop,Photography,5,535,2675,PayPal
9081,62,Alvin Harvey,alicia07@example.org,2024-03-27,Keyboard,Photography,2,448,896,Cash
9082,45,Elizabeth Barker,brandonklein@example.org,,Keyboard,Electronics,1,857,857,PayPal
9083,22,,alexandra90@example.org,2024-12-29,Smartphone,Electronics,4,1101,4404,Credit Card
9084,22,Debra Hernandez,maria03@example.net,2025-05-31,Printer,Electronics,5,1465,7325,PayPal
9085,63,Kimberly Owens,tcampos@example.org,2024-09-09,Webcam,Accessories,3,419,1257,PayPal
9086,61,Stacy Castro,wesleybright@example.org,2026-02-13,Laptop,Accessories,2,175,350,PayPal
9087,29,Joshua Oconnor,sara63@example.net,2024-10-28,Smartphone,Electronics,2,478,956,PayPal
9088,70,Charles Garcia,kyle26@example.org,2024-09-04,Speaker,Accessories,4,1410,5640,Credit Card
9089,28,Anna Kelley,denisecooper@example.com,2025-07-20,Tablet,Electronics,1,1476,1476,Cash
9090,42,Lisa Maldonado,briannachristensen@example.net,2024-11-11,Monitor,Accessories,4,936,3744,Cash
9091,28,Brittany Hawkins,blake92@example.net,2024-12-26,Mouse,Electronics,3,1338,4014,Credit Card
9092,65,,michelle35@example.net,2024-07-29,Laptop,Accessories,4,229,916,Cash
9093,59,Rachel Baker,troymiranda@example.net,2025-03-04,Printer,Electronics,1,1115,1115,Cash
9094,43,Carlos Howe,adamrobinson@example.org,2025-05-19,Laptop,Electronics,4,575,2300,Credit Card
9095,63,Brian Ewing,bakermichelle@example.com,2024-11-19,Headphones,Photography,4,645,2580,Credit Card
9096,36,Alexis Chen,bradley10@example.com,2025-12-30,Webcam,Electronics,1,524,524,Credit Card
9097,37,Edwin Sanchez,williamsjason@example.org,2025-07-20,Camera,Electronics,5,414,2070,Cash
9098,19,Sherry Wise,mark19@example.com,2025-01-18,Headphones,Photography,5,318,1590,Credit Card
9099,37,Tamara Flores,matthew72@example.com,2024-11-22,Keyboard,Electronics,4,470,1880,PayPal
9100,54,Adam Simmons,francisteresa@example.net,2025-11-03,Laptop,Electronics,5,1258,6290,PayPal
9101,28,David Barajas,joneslaura@example.net,2024-05-03,Webcam,Photography,4,239,956,Cash
9102,68,Scott Harris,harold50@example.com,2024-08-10,Camera,Photography,2,225,450,Credit Card
9103,28,Mr. Darrell Jones,douglaswong@example.com,2025-02-08,Smartphone,Electronics,4,902,3608,Cash
9104,43,Joshua Anderson,jennifertorres@example.org,,Webcam,Electronics,3,586,1758,PayPal
9105,21,Adam Walton,ivan36@example.org,,Camera,Accessories,3,1052,3156,Cash
9106,54,Kyle Deleon,vincentnichols@example.org,2024-03-29,Mouse,Photography,3,212,636,PayPal
9107,44,Kathryn Jones,markperry@example.net,2026-02-25,Mouse,Photography,5,414,2070,Credit Card
9108,24,Carol Jackson,aprilkent@example.org,2024-07-14,Tablet,Electronics,4,667,2668,Cash
9109,40,Robert Peterson,ericdixon@example.com,2025-05-27,Speaker,Electronics,4,1073,4292,PayPal
9110,61,Tracy Thompson,nicoleserrano@example.org,2025-06-08,Webcam,Accessories,3,353,1059,Credit Card
9111,58,Barbara Romero,michelecarpenter@example.net,2024-12-19,Speaker,Accessories,2,423,846,Cash
9112,19,Stephanie Richardson,joshuajohnson@example.org,2025-06-30,Speaker,Photography,5,114,570,PayPal
9113,30,Laura Pennington,michaelkirk@example.org,2024-11-09,Webcam,Electronics,4,138,552,Cash
9114,60,Robert Burns,meghangill@example.net,2026-02-16,Tablet,Photography,5,224,1120,Credit Card
9115,42,Antonio Oliver,thall@example.net,2024-03-01,Webcam,Accessories,5,1106,5530,Cash
9116,64,Brian Burns,jonathan38@example.org,2025-02-13,Monitor,Photography,2,299,598,Credit Card
9117,31,Dr. Sean Fisher DDS,anitadixon@example.net,2025-12-28,Smartphone,Photography,1,518,518,PayPal
9118,24,Karen Williams,ffinley@example.com,,Mouse,Accessories,2,690,1380,PayPal
9119,69,Carol Holder,zrowe@example.org,2024-11-28,Monitor,Accessories,5,1126,5630,PayPal
9120,65,Adrian Berg,jpotter@example.net,2025-10-01,Tablet,Accessories,1,976,976,PayPal
9121,48,Amanda Young,april10@example.net,2026-01-08,Printer,Accessories,4,322,1288,Cash
9122,26,,jennifer85@example.org,2025-01-09,Camera,Electronics,2,676,1352,Cash
9123,25,Brittany Hinton,vincentcruz@example.net,2025-06-16,Smartphone,Accessories,4,924,3696,Credit Card
9124,43,Dr. Leonard Mullins,jkaufman@example.com,2024-11-09,Keyboard,Electronics,1,1484,1484,PayPal
9125,36,William Proctor,katherine87@example.com,2025-08-10,Monitor,Electronics,5,77,385,Cash
9126,35,Vincent Weaver,yallen@example.net,2025-08-11,Smartphone,Electronics,5,1096,5480,Credit Card
9127,38,Edward Herrera,jennifer85@example.com,2024-05-17,Laptop,Accessories,5,502,2510,Credit Card
9128,37,Dylan Woodward,williamsadam@example.net,2026-01-19,Laptop,Photography,1,776,776,PayPal
9129,67,Brandon Alvarez,elizabethrivera@example.org,2026-01-08,Mouse,Accessories,5,201,1005,PayPal
9130,18,Wendy Mclaughlin MD,michaelperez@example.com,2025-08-02,Smartphone,Accessories,3,652,1956,PayPal
9131,38,Leah Rodriguez,schultzrebecca@example.com,2025-10-30,Webcam,Electronics,3,660,1980,Credit Card
9132,43,Charles Mcconnell,piercesusan@example.org,2024-10-10,Headphones,Accessories,4,527,2108,Credit Card
9133,53,Justin Quinn,oreed@example.com,2025-06-21,Keyboard,Accessories,5,985,4925,PayPal
9134,33,Sarah Nguyen,timothystafford@example.com,2024-12-15,Camera,Photography,5,1000,5000,PayPal
9135,43,Mathew Copeland,ktyler@example.com,2024-07-16,Tablet,Electronics,1,1036,1036,Cash
9136,70,Alexis Welch,justin55@example.org,2025-01-26,Speaker,Accessories,5,725,3625,Credit Card
9137,63,Jose Knapp,gwyatt@example.com,2026-01-26,Tablet,Electronics,1,566,566,PayPal
9138,35,Andrea Howell,griffindeborah@example.org,2025-10-29,Mouse,Accessories,2,1437,2874,Cash
9139,21,Rebecca Ramirez,christopher43@example.net,2025-12-22,Laptop,Accessories,4,324,1296,PayPal
9140,51,Megan Thompson,carolynwilliams@example.com,2024-07-20,Printer,Photography,3,308,924,Credit Card
9141,19,Melanie Valdez,tapiaedward@example.org,2025-10-18,Smartphone,Photography,1,734,734,Cash
9142,59,Mark Montgomery,larsencarrie@example.net,2025-09-14,Webcam,Photography,1,665,665,Cash
9143,27,Jessica Molina,robinscott@example.net,2025-10-28,Speaker,Accessories,5,1360,6800,Cash
9144,62,Ellen Miranda,kennethvelasquez@example.org,2024-11-30,Laptop,Accessories,4,1022,4088,Cash
9145,46,Joseph Estes,donnafuller@example.com,2025-03-08,Keyboard,Electronics,3,1211,3633,Credit Card
9146,50,Jennifer Johns,amandajackson@example.net,2024-10-17,Tablet,Accessories,4,615,2460,PayPal
9147,61,Stacey Maynard,hannahnguyen@example.net,2024-10-29,Tablet,Electronics,2,606,1212,Credit Card
9148,22,Andrea Butler,zcruz@example.org,2025-03-03,Mouse,Accessories,3,1120,3360,Cash
9149,20,Angelica Gentry,tbryant@example.com,2025-11-20,Webcam,Electronics,2,1254,2508,PayPal
9150,22,John Lindsey,john96@example.net,2025-12-29,Keyboard,Photography,2,1106,2212,Credit Card
9151,45,Emily Norton,mariastokes@example.com,2025-04-02,Printer,Electronics,3,1349,4047,Cash
9152,45,Steven Morris,julie68@example.net,2024-05-23,Printer,Accessories,4,161,644,PayPal
9153,29,Patrick Henson,johnday@example.net,2025-02-09,Keyboard,Accessories,3,906,2718,Cash
9154,29,Andrew Smith,jamiesmith@example.org,2025-06-21,Speaker,Accessories,5,1132,5660,Credit Card
9155,70,George Johnson,umcintosh@example.org,2025-08-30,Camera,Photography,4,881,3524,Cash
9156,43,Robert Mejia,olowe@example.com,2025-03-27,Printer,Electronics,4,935,3740,Cash
9157,63,Darren Rios,vmeyer@example.net,2025-02-23,Webcam,Electronics,5,1435,7175,Credit Card
9158,30,Janet Warren,wchristian@example.net,,Mouse,Accessories,5,561,2805,PayPal
9159,33,,megan13@example.com,2024-10-23,Webcam,Electronics,3,1244,3732,PayPal
9160,68,Joseph Gonzalez,kevin22@example.net,2025-04-08,Webcam,Photography,4,1371,5484,Cash
9161,67,Marvin Malone,dbrandt@example.com,2025-06-04,Smartphone,Photography,1,178,178,Credit Card
9162,28,Angela Cochran,iporter@example.com,2025-09-09,Monitor,Accessories,2,1277,2554,Cash
9163,30,Michael Morgan,adam57@example.com,2025-11-10,Mouse,Electronics,1,890,890,Credit Card
9164,33,Sharon Williams,aruiz@example.org,2026-01-24,Laptop,Electronics,4,1422,5688,Cash
9165,52,,ramirezmichael@example.org,2025-08-26,Keyboard,Photography,5,1243,6215,PayPal
9166,35,Krista Pacheco,tammy67@example.net,2025-08-31,Speaker,Accessories,3,1362,4086,Credit Card
9167,27,Joy Conway,joseph30@example.org,2024-08-08,Keyboard,Photography,3,226,678,PayPal
9168,38,Wesley Nunez,kellygonzales@example.org,2026-02-18,Keyboard,Photography,2,746,1492,Credit Card
9169,68,Sara Taylor,mendozalisa@example.com,2025-07-28,Webcam,Accessories,5,1416,7080,Credit Card
9170,33,Marcus Hill,butleraustin@example.com,,Laptop,Electronics,1,1307,1307,Cash
9171,23,Jerry Johnson,kallen@example.org,2024-11-04,Webcam,Photography,2,978,1956,PayPal
9172,28,Amanda Martin,gwest@example.org,2025-05-24,Webcam,Photography,1,82,82,Cash
9173,59,Adam Bailey,tayloranthony@example.com,2024-11-24,Tablet,Electronics,5,1133,5665,Credit Card
9174,68,Carlos Davis,veronicastuart@example.net,2024-08-01,Tablet,Photography,3,680,2040,Cash
9175,62,Christian Meyers,paigelowe@example.org,2024-10-03,Headphones,Accessories,4,77,308,Cash
9176,62,,vasquezjenny@example.net,2026-02-08,Speaker,Accessories,4,698,2792,Cash
9177,69,Charles Lopez,wross@example.org,2024-06-03,Webcam,Accessories,4,192,768,Credit Card
9178,40,Douglas Cooper,susanjensen@example.com,2024-05-27,Laptop,Electronics,4,476,1904,Credit Card
9179,42,Sierra Smith,danielle48@example.com,2025-09-06,Headphones,Photography,3,844,2532,PayPal
9180,50,Cynthia Evans,clarknicole@example.org,2024-11-05,Smartphone,Electronics,2,307,614,PayPal
9181,33,Lisa Lewis,haleymichele@example.com,2024-12-22,Webcam,Electronics,4,740,2960,PayPal
9182,47,Kristopher Soto,scott54@example.com,2025-04-17,Smartphone,Photography,5,850,4250,Credit Card
9183,46,,pcole@example.com,2025-12-06,Camera,Photography,4,1367,5468,Credit Card
9184,26,Kimberly Young,zreeves@example.org,2025-08-03,Laptop,Accessories,3,1460,4380,Credit Card
9185,29,Daniel Elliott,john45@example.com,2025-12-12,Smartphone,Electronics,5,972,4860,Credit Card
9186,34,Belinda Lopez,wilsonmichael@example.net,2024-07-08,Camera,Electronics,2,877,1754,PayPal
9187,62,David Robbins,stricklandjoshua@example.org,,Laptop,Electronics,1,690,690,PayPal
9188,24,,christinehansen@example.org,2025-06-29,Tablet,Accessories,4,464,1856,Cash
9189,26,Madison Gomez,ihudson@example.net,2025-10-14,Headphones,Accessories,5,735,3675,Cash
9190,60,Dustin Zuniga,sharpbrent@example.net,2025-09-09,Camera,Photography,3,535,1605,PayPal
9191,46,Emily Salazar,phillipsdennis@example.org,2025-04-14,Camera,Electronics,3,1137,3411,PayPal
9192,54,Samantha Burch,lisaortiz@example.com,2024-11-14,Smartphone,Electronics,4,759,3036,Cash
9193,21,Karen King,michaelevans@example.com,2025-01-09,Mouse,Photography,5,587,2935,Credit Card
9194,21,Joseph Scott,emily54@example.net,2024-06-05,Camera,Accessories,4,938,3752,Cash
9195,45,Christina Anderson,laurendunn@example.org,,Smartphone,Electronics,3,1180,3540,PayPal
9196,60,Julie Baker,sloanshelly@example.com,2025-05-05,Headphones,Accessories,2,368,736,Cash
9197,50,Alexis Wilson,marshalljason@example.com,2024-11-27,Smartphone,Accessories,4,516,2064,PayPal
9198,18,Cynthia Young,hbryant@example.com,2025-08-05,Camera,Photography,5,404,2020,PayPal
9199,18,Anthony Michael,riverasarah@example.org,2025-03-08,Camera,Accessories,5,380,1900,Cash
9200,47,Terry Carter,pbrooks@example.net,2024-12-17,Monitor,Electronics,2,1234,2468,Cash
9201,36,Nathan Allen,buckbrianna@example.org,2024-03-31,Mouse,Photography,4,455,1820,Credit Card
9202,22,Sarah Cole,andrewcrosby@example.com,2025-06-14,Speaker,Photography,1,1017,1017,Cash
9203,57,Jessica Pratt,mgreer@example.net,2024-10-02,Headphones,Photography,2,404,808,Cash
9204,33,Christina Caldwell,lawrenceowens@example.com,2026-01-13,Camera,Photography,5,1164,5820,PayPal
9205,63,Sara Miller,thompsonkayla@example.net,2025-12-27,Tablet,Accessories,5,1105,5525,Credit Card
9206,64,Christopher Vang,rcampbell@example.org,2025-08-11,Monitor,Photography,3,568,1704,Cash
9207,21,Colleen Johnson,juliemiller@example.net,2024-04-03,Camera,Photography,1,972,972,Cash
9208,60,Penny Hayes,alex38@example.com,2024-06-15,Tablet,Electronics,4,1435,5740,Cash
9209,18,Mark Palmer PhD,iibarra@example.net,2024-06-17,Webcam,Photography,3,1047,3141,Cash
9210,28,Mrs. Dominique Dillon,wallacerandy@example.com,2024-08-24,Webcam,Accessories,1,1300,1300,Cash
9211,50,Thomas Nelson,daltonyoung@example.net,2024-10-14,Webcam,Photography,4,228,912,Credit Card
9212,46,Nicole Woodard,cynthia87@example.net,2024-06-05,Printer,Photography,4,1201,4804,PayPal
9213,61,Lori Kaufman,michele04@example.org,2024-03-03,Mouse,Photography,3,1191,3573,PayPal
9214,68,Shannon Maxwell,pottstammy@example.com,2024-12-08,Laptop,Electronics,3,828,2484,Cash
9215,37,Jennifer Ortiz DDS,makayla96@example.org,2026-01-01,Speaker,Photography,3,1277,3831,Cash
9216,47,Kathy Chang MD,bbanks@example.org,2025-10-03,Laptop,Electronics,2,822,1644,Credit Card
9217,26,Amy Cook,rodriguezross@example.org,2024-03-28,Keyboard,Electronics,5,111,555,Cash
9218,46,James Willis,howardjessica@example.net,2025-07-27,Tablet,Accessories,4,1095,4380,Credit Card
9219,52,Barbara Carter,vmcconnell@example.com,2026-02-12,Camera,Accessories,1,1119,1119,Cash
9220,69,Jeffrey Cannon,eharvey@example.org,2025-04-12,Tablet,Electronics,2,948,1896,Cash
9221,48,David Molina,davidknapp@example.org,2024-03-24,Smartphone,Electronics,4,177,708,Credit Card
9222,53,Jason Alexander,lrowland@example.com,2025-09-02,Camera,Photography,2,643,1286,Cash
9223,48,Jon Russell,annarodriguez@example.com,,Keyboard,Photography,1,1369,1369,PayPal
9224,28,Catherine Taylor,mendozarichard@example.com,2025-04-07,Webcam,Electronics,5,1131,5655,PayPal
9225,27,Randy Rodriguez,valdezmichael@example.net,2025-05-27,Speaker,Accessories,3,1471,4413,PayPal
9226,39,Jerry Quinn,tyler85@example.com,2024-04-22,Mouse,Accessories,3,1329,3987,Cash
9227,20,Angela Collins,reevesmelissa@example.com,,Headphones,Accessories,5,958,4790,Cash
9228,67,Danielle Martin,michaelrichardson@example.net,2026-01-17,Mouse,Accessories,2,723,1446,Cash
9229,23,Hannah Johnson,stephanie58@example.net,2024-11-13,Monitor,Electronics,4,1168,4672,Cash
9230,36,Maria Glenn,thomashill@example.com,2025-04-07,Webcam,Electronics,4,326,1304,PayPal
9231,35,Karen Escobar,bradleyarmstrong@example.com,,Printer,Electronics,3,1469,4407,Credit Card
9232,38,Natalie Waters,cjohnson@example.org,2024-08-18,Camera,Photography,3,652,1956,PayPal
9233,25,Joshua Bell,rrodriguez@example.org,2026-01-04,Keyboard,Photography,2,815,1630,PayPal
9234,36,Lisa Mcclure,stephanie65@example.com,2025-07-16,Smartphone,Electronics,4,993,3972,PayPal
9235,61,Aaron Taylor,cturner@example.com,,Printer,Electronics,5,757,3785,PayPal
9236,29,Jacqueline Henderson,bishopkenneth@example.net,2026-02-11,Webcam,Electronics,1,169,169,PayPal
9237,64,Stacy Robertson,michelle99@example.org,2024-07-28,Tablet,Photography,5,274,1370,Credit Card
9238,27,Thomas Mendez,basskatherine@example.org,2024-05-11,Keyboard,Accessories,5,192,960,Cash
9239,26,Melissa Walsh,mistybradley@example.com,2025-03-09,Headphones,Accessories,2,452,904,Cash
9240,60,James Williams,olowe@example.org,,Headphones,Accessories,2,1318,2636,PayPal
9241,60,Ronald Faulkner,parsonsapril@example.org,2024-10-25,Camera,Photography,2,389,778,PayPal
9242,47,Lisa Holland,anthony40@example.com,,Webcam,Photography,3,586,1758,Credit Card
9243,57,Jennifer Wood,jeffreybrown@example.net,2025-04-11,Printer,Electronics,1,381,381,PayPal
9244,31,Luke Moss,mckinneykenneth@example.org,2024-05-16,Mouse,Accessories,3,324,972,Credit Card
9245,62,Scott Hendrix,jennifergardner@example.com,2025-11-24,Camera,Accessories,2,1329,2658,PayPal
9246,63,Scott Phillips,kevinglass@example.net,2025-03-09,Camera,Electronics,5,151,755,PayPal
9247,45,,johnwarner@example.com,2025-11-01,Printer,Electronics,4,40,160,Credit Card
9248,69,Natasha Nielsen,kristacook@example.com,,Laptop,Accessories,5,353,1765,PayPal
9249,23,Charlotte Bailey,perezcarmen@example.com,2025-02-02,Tablet,Photography,5,1375,6875,Credit Card
9250,60,Amy Cervantes,gina76@example.net,2024-07-31,Printer,Accessories,3,1232,3696,Credit Card
9251,30,Rachel Murphy,jwheeler@example.net,2025-04-10,Headphones,Photography,2,666,1332,Credit Card
9252,64,,shafferthomas@example.com,2026-01-19,Mouse,Electronics,2,112,224,Cash
9253,21,Crystal Ewing,garciarobert@example.com,2025-01-31,Speaker,Accessories,4,1238,4952,PayPal
9254,69,Amanda Stewart,julie51@example.org,2026-02-15,Mouse,Photography,5,1491,7455,Cash
9255,59,Diane Conner,gonzalezedwin@example.com,2024-12-25,Keyboard,Accessories,3,1472,4416,Cash
9256,34,Samuel Sanchez,madisonhansen@example.org,2025-07-14,Headphones,Photography,3,1038,3114,PayPal
9257,55,Jacob Pruitt,deborahwilliams@example.net,2024-03-20,Tablet,Photography,2,226,452,Credit Card
9258,48,Nicholas Jones,nbender@example.com,2024-06-15,Tablet,Electronics,1,347,347,Cash
9259,29,Kathryn Edwards,kathy25@example.com,2025-08-16,Monitor,Electronics,4,760,3040,Credit Card
9260,66,Rebecca Leach,lbonilla@example.net,,Mouse,Accessories,5,881,4405,Cash
9261,50,Linda Lawrence,staceybrown@example.net,2025-02-10,Printer,Electronics,2,726,1452,Credit Card
9262,23,Christina Bishop,parkerfernando@example.org,2025-05-30,Laptop,Accessories,4,132,528,PayPal
9263,32,Ashley Roberts,yjones@example.net,2025-06-29,Camera,Photography,4,262,1048,Cash
9264,50,,johnsonshannon@example.com,2025-06-21,Printer,Electronics,4,354,1416,Credit Card
9265,21,Jason Coleman,hbecker@example.com,2025-09-03,Mouse,Accessories,3,634,1902,PayPal
9266,52,Keith Clark,riosjeremy@example.org,2024-07-23,Headphones,Accessories,5,1377,6885,PayPal
9267,41,Marilyn Scott,johnsherman@example.com,2026-01-13,Headphones,Accessories,1,652,652,Cash
9268,37,Jennifer Mercado,ymason@example.com,2025-06-14,Smartphone,Photography,4,1422,5688,PayPal
9269,49,William Daniels,tonyamendoza@example.org,2025-04-25,Mouse,Photography,5,1458,7290,Cash
9270,31,Claudia Lewis,fhines@example.org,2024-12-04,Mouse,Accessories,3,1000,3000,Cash
9271,63,Cameron Lamb,derek68@example.net,2025-10-04,Webcam,Photography,3,183,549,Cash
9272,43,Joseph Bridges,angelabanks@example.com,2025-03-06,Speaker,Photography,2,924,1848,PayPal
9273,50,Hannah Fuentes,richardrodriguez@example.net,2025-11-05,Camera,Photography,1,723,723,Cash
9274,62,Jennifer Curtis,ronald72@example.org,2025-12-06,Headphones,Photography,5,1498,7490,PayPal
9275,27,Carlos Gutierrez,jose52@example.net,2025-04-24,Headphones,Photography,2,505,1010,Credit Card
9276,70,Tiffany Thompson,fisherstephanie@example.com,2025-03-25,Smartphone,Electronics,4,657,2628,PayPal
9277,29,Amanda Hoover,lydianguyen@example.org,2024-04-01,Camera,Photography,1,22,22,PayPal
9278,39,Alexandra Moore DDS,qjohnson@example.org,2024-04-19,Speaker,Accessories,4,293,1172,Credit Card
9279,34,Cristian Sanford,lynchpenny@example.org,2025-12-09,Tablet,Electronics,4,571,2284,PayPal
9280,69,Mr. Xavier Miller,jwillis@example.net,2025-01-15,Webcam,Photography,1,649,649,PayPal
9281,35,,james00@example.org,2025-09-20,Smartphone,Accessories,3,1204,3612,Cash
9282,28,Nicole Cox,westadam@example.org,2025-12-24,Camera,Photography,1,935,935,PayPal
9283,39,Bradley Smith,sobrien@example.com,2024-10-19,Keyboard,Accessories,2,1437,2874,Cash
9284,70,Sarah Huerta,wanda21@example.org,,Mouse,Photography,1,597,597,Cash
9285,45,Raymond Garcia,collinsjoshua@example.net,2025-11-04,Mouse,Photography,4,178,712,Cash
9286,29,Daniel Roberts,grodriguez@example.org,,Printer,Accessories,2,525,1050,Cash
9287,53,Kenneth Weber,pgarcia@example.com,2025-07-30,Laptop,Electronics,1,225,225,Credit Card
9288,19,Rickey Collins,garymendoza@example.org,2025-11-15,Printer,Electronics,3,1074,3222,Cash
9289,40,Christopher Bell,rweaver@example.net,2025-04-06,Speaker,Photography,5,622,3110,Cash
9290,20,Gregory Brown,morseamanda@example.net,2024-11-11,Smartphone,Electronics,,258,0,Cash
9291,38,Jack Dunn,pamelahouse@example.com,2025-12-24,Speaker,Photography,5,1072,5360,PayPal
9292,18,Denise Sheppard,kristy68@example.net,2024-03-27,Speaker,Electronics,4,439,1756,Credit Card
9293,35,Michael Avery,elizabethstewart@example.com,2024-10-08,Laptop,Electronics,5,1451,7255,PayPal
9294,54,Jeanette Baker,fergusondeborah@example.net,2025-06-30,Printer,Electronics,3,617,1851,Cash
9295,68,Anthony Romero,mray@example.com,2025-07-05,Camera,Electronics,3,1360,4080,Cash
9296,20,Briana Mcdonald,josephblackwell@example.com,2025-08-10,Mouse,Electronics,2,207,414,PayPal
9297,42,Matthew Young,gail96@example.org,2025-01-04,Headphones,Accessories,3,710,2130,Credit Card
9298,38,Mr. Cameron Rodriguez,kdavis@example.net,2026-02-02,Headphones,Accessories,1,393,393,Credit Card
9299,40,,wallaceeric@example.org,2024-07-13,Keyboard,Photography,1,595,595,Credit Card
9300,36,William Clark,ekoch@example.com,2025-10-13,Keyboard,Photography,4,801,3204,Credit Card
9301,24,Brittany Hart,daviskaren@example.net,2025-07-02,Mouse,Photography,1,577,577,Cash
9302,48,Jason Allison,sarahwest@example.com,2025-11-13,Webcam,Electronics,1,147,147,Cash
9303,48,Misty Duran,mckenziesharon@example.com,2024-05-17,Headphones,Accessories,2,832,1664,Cash
9304,61,Kristy Kennedy,owarner@example.org,2024-03-30,Laptop,Photography,1,358,358,Credit Card
9305,54,Ernest Scott,williamarnold@example.org,2025-09-08,Camera,Electronics,2,471,942,PayPal
9306,55,Kelsey Sullivan,moonjoshua@example.net,2024-12-09,Printer,Accessories,5,112,560,Credit Card
9307,56,James Lane,xhenderson@example.org,2024-10-01,Printer,Photography,3,1206,3618,PayPal
9308,56,April Valdez,ericamarsh@example.org,2024-09-17,Headphones,Electronics,5,843,4215,Cash
9309,54,Dale Oconnor,stevenruiz@example.com,2024-05-30,Webcam,Photography,1,1003,1003,PayPal
9310,27,Julie Swanson,iedwards@example.com,,Printer,Accessories,1,798,798,Credit Card
9311,51,Gary Alvarez,valerie01@example.org,2024-12-06,Tablet,Accessories,4,31,124,Credit Card
9312,46,Robert Yang,kimberly02@example.net,,Webcam,Accessories,2,489,978,Credit Card
9313,38,Mr. James Martinez,samanthapowers@example.org,2025-03-21,Mouse,Photography,3,877,2631,Credit Card
9314,43,Matthew Ramsey,lindseywatts@example.com,2025-12-16,Monitor,Photography,5,98,490,Credit Card
9315,52,Darren Carpenter,pgarza@example.net,2025-06-19,Mouse,Accessories,2,650,1300,Cash
9316,40,Jimmy Berry,chad60@example.net,,Camera,Photography,5,736,3680,PayPal
9317,52,Amber Brown,leesylvia@example.net,,Tablet,Photography,3,1058,3174,Cash
9318,38,,stephen64@example.com,2025-02-04,Tablet,Accessories,2,35,70,Credit Card
9319,41,Billy Joseph,kathryngomez@example.com,2024-09-14,Webcam,Accessories,5,512,2560,Cash
9320,41,Jamie Blake,audrey99@example.com,,Keyboard,Photography,2,1287,2574,PayPal
9321,70,Larry Lawson,yvonnewagner@example.net,2024-07-04,Mouse,Electronics,1,263,263,Cash
9322,38,Matthew Byrd,rwalsh@example.org,2025-09-04,Smartphone,Photography,3,864,2592,Credit Card
9323,31,Mrs. Deborah Phillips DDS,whiteronald@example.net,2024-09-12,Laptop,Photography,1,629,629,PayPal
9324,68,Samantha Schwartz,tdiaz@example.com,2025-07-23,Camera,Electronics,5,342,1710,Cash
9325,44,Rebecca Lee,rhall@example.org,,Webcam,Photography,3,737,2211,Credit Card
9326,22,Shawn Figueroa,amanda77@example.net,2026-02-26,Mouse,Electronics,1,831,831,Credit Card
9327,59,Rodney Jones,christianjeff@example.com,2025-07-04,Monitor,Electronics,5,272,1360,Cash
9328,22,Ashley Shaw,danielbauer@example.com,2024-08-23,Mouse,Photography,2,594,1188,PayPal
9329,22,Jasmine Hahn,franciscarly@example.net,2024-06-23,Tablet,Accessories,3,303,909,PayPal
9330,22,Calvin Santana,amy81@example.net,2024-03-18,Speaker,Electronics,5,45,225,Cash
9331,55,Steven Newman,brittany12@example.org,2025-10-05,Mouse,Photography,4,1108,4432,Cash
9332,64,,umitchell@example.net,2025-09-21,Speaker,Photography,5,236,1180,Credit Card
9333,34,John Obrien,elizabeth76@example.org,2025-09-29,Laptop,Electronics,2,1016,2032,Credit Card
9334,22,Raven Gomez,adamskendra@example.com,2024-06-12,Monitor,Photography,5,1320,6600,PayPal
9335,57,Andrew Smith,charlessimon@example.org,2025-02-08,Laptop,Photography,1,96,96,Credit Card
9336,49,Colleen Bennett,dawnward@example.com,2024-05-19,Printer,Photography,5,1422,7110,PayPal
9337,34,Miss Lisa Welch MD,sonialong@example.com,2025-10-17,Keyboard,Photography,3,214,642,PayPal
9338,67,Brandon Johnson,tammy63@example.net,2025-02-19,Monitor,Electronics,3,1271,3813,Credit Card
9339,50,Dr. Jessica Bryant PhD,lclark@example.org,2024-12-14,Camera,Photography,5,585,2925,Cash
9340,62,Frank Johnson,lparker@example.com,2026-01-17,Keyboard,Accessories,1,263,263,Credit Card
9341,55,James Taylor,hcunningham@example.net,2024-12-02,Speaker,Photography,3,188,564,Cash
9342,40,Ronald Wilkins,mcculloughsusan@example.org,2025-05-23,Mouse,Accessories,2,845,1690,PayPal
9343,20,Eric Brown,joelweber@example.org,2025-07-11,Speaker,Accessories,5,894,4470,Credit Card
9344,44,John Davis,natalie87@example.com,2025-04-17,Headphones,Accessories,5,84,420,Credit Card
9345,54,Jessica Powell,bturner@example.com,2025-10-15,Headphones,Photography,3,1452,4356,Credit Card
9346,63,Jesus King,goodwinemily@example.net,2026-01-27,Tablet,Accessories,5,928,4640,Cash
9347,69,Travis Flores,johnshaffer@example.net,2025-12-22,Laptop,Accessories,3,1047,3141,Credit Card
9348,28,Tiffany Buchanan MD,roy61@example.org,2026-02-10,Monitor,Photography,3,313,939,PayPal
9349,55,Jason Leon,kevinvillarreal@example.com,2025-07-15,Speaker,Photography,3,972,2916,PayPal
9350,28,,whitney64@example.net,2024-10-15,Camera,Accessories,5,1406,7030,Cash
9351,27,Sabrina Bass,parkerdenise@example.org,2024-06-22,Keyboard,Photography,5,975,4875,PayPal
9352,65,Ricky Freeman,julie46@example.org,2026-02-08,Headphones,Accessories,1,1449,1449,Credit Card
9353,33,Catherine Smith,sheila18@example.net,2025-09-19,Webcam,Accessories,1,1463,1463,PayPal
9354,34,Alyssa Wolf,schambers@example.org,2025-08-15,Speaker,Accessories,3,1053,3159,Credit Card
9355,66,Randy Frye,dryan@example.org,2025-12-02,Webcam,Accessories,2,515,1030,Cash
9356,64,Teresa Miller,becklori@example.org,2024-08-02,Monitor,Electronics,4,868,3472,Credit Card
9357,35,Christopher Reed,yharris@example.net,2025-11-16,Smartphone,Electronics,2,481,962,Cash
9358,60,Amanda Griffin,azimmerman@example.com,2025-06-09,Camera,Photography,,1266,0,Cash
9359,55,Erin Melendez,richard92@example.org,2025-11-19,Mouse,Accessories,1,421,421,Cash
9360,30,Jesse Stephenson,deborahparker@example.net,2025-03-29,Printer,Electronics,4,99,396,Cash
9361,38,Gregory Crawford,allensuzanne@example.com,2025-08-28,Webcam,Electronics,1,1238,1238,Credit Card
9362,56,Cassandra Roberts,moraleslindsey@example.com,2024-10-13,Monitor,Electronics,3,1397,4191,Cash
9363,57,Crystal Thompson,hardingzachary@example.net,2026-02-15,Smartphone,Accessories,5,948,4740,Cash
9364,70,Kari Davis,arielcervantes@example.org,,Monitor,Photography,4,848,3392,Credit Card
9365,55,Kevin Collins,rhart@example.com,2024-08-24,Monitor,Photography,3,1292,3876,Cash
9366,67,Matthew Gordon,qestrada@example.org,2024-09-29,Keyboard,Electronics,1,942,942,Credit Card
9367,21,Kenneth Shannon,mary18@example.com,2025-03-07,Smartphone,Electronics,5,892,4460,PayPal
9368,38,Brian Nunez,kray@example.org,2025-10-25,Tablet,Electronics,1,1366,1366,Cash
9369,42,Roberta Brooks,jsmith@example.com,2024-12-10,Tablet,Accessories,1,816,816,Credit Card
9370,46,Adam Johnson,mmason@example.org,2025-10-12,Speaker,Photography,3,161,483,PayPal
9371,58,Brittany Mitchell,peggy22@example.org,2025-04-28,Laptop,Photography,5,950,4750,Cash
9372,38,Nicholas Anderson,shanecampbell@example.org,2024-12-04,Monitor,Photography,2,185,370,Cash
9373,31,Phyllis Shelton,csmith@example.net,2024-08-24,Keyboard,Accessories,5,709,3545,PayPal
9374,62,Erin Stephens,maxwellalexandria@example.net,2025-08-03,Mouse,Accessories,3,1465,4395,PayPal
9375,36,Ryan Fuentes,alexanderharris@example.net,2025-01-08,Printer,Accessories,3,240,720,Credit Card
9376,43,Tara Chapman,brian07@example.org,2025-08-02,Mouse,Photography,1,369,369,Credit Card
9377,64,Jennifer Wagner,douglasbaker@example.net,2025-11-05,Keyboard,Photography,1,875,875,PayPal
9378,66,Julie Hill,dwilson@example.com,2024-12-30,Speaker,Accessories,2,1283,2566,Credit Card
9379,68,Renee Ibarra,rosalesnicole@example.net,2026-02-10,Camera,Electronics,5,960,4800,PayPal
9380,58,Christopher Smith,michael21@example.org,2025-04-04,Camera,Photography,3,992,2976,PayPal
9381,58,Lisa Kim,michaelenglish@example.net,2026-02-05,Monitor,Electronics,2,259,518,Cash
9382,19,Sophia Wilcox,lewisdebra@example.org,2025-09-21,Tablet,Photography,3,331,993,Credit Card
9383,70,Dana Lopez,josephblack@example.org,2024-11-22,Laptop,Electronics,5,431,2155,Credit Card
9384,32,Virginia Copeland,williamsbonnie@example.com,,Monitor,Accessories,3,576,1728,PayPal
9385,44,Gina Mcdonald,ewashington@example.com,2024-03-03,Webcam,Photography,3,475,1425,Credit Card
9386,66,Melissa Taylor,stephanietaylor@example.org,,Speaker,Accessories,1,890,890,PayPal
9387,37,Carla Little,rbarker@example.com,2024-10-08,Camera,Photography,2,252,504,PayPal
9388,25,Jack Schneider,duffybrent@example.org,2025-07-14,Camera,Photography,1,758,758,Cash
9389,61,Patricia Mcbride,sierra32@example.com,,Camera,Accessories,2,173,346,Credit Card
9390,35,Walter Townsend,villanuevakyle@example.net,2025-11-26,Speaker,Electronics,4,944,3776,PayPal
9391,50,Michael Lane,donna31@example.org,2024-07-19,Speaker,Accessories,2,355,710,PayPal
9392,23,Laura Alvarez,derek36@example.com,2025-02-07,Laptop,Photography,4,300,1200,PayPal
9393,54,Shannon Prince,ohubbard@example.net,2025-03-16,Tablet,Electronics,3,493,1479,PayPal
9394,27,Victor Brewer,daniel29@example.org,,Headphones,Accessories,4,637,2548,Credit Card
9395,32,Sarah Ray,nschultz@example.org,2025-01-05,Headphones,Accessories,2,338,676,Credit Card
9396,40,Heather Hill,bedwards@example.net,2024-06-05,Keyboard,Photography,3,193,579,Cash
9397,56,Elizabeth Davis,adamhill@example.org,2024-05-14,Mouse,Accessories,2,1207,2414,Cash
9398,70,Johnny Vaughn,cummingskaren@example.com,2025-11-10,Monitor,Accessories,3,76,228,Credit Card
9399,28,Angela Hernandez,karen02@example.org,2025-03-25,Camera,Electronics,2,1001,2002,PayPal
9400,42,Taylor Suarez,ucochran@example.net,2025-04-30,Speaker,Photography,5,1061,5305,PayPal
9401,69,Johnny Dean,linda92@example.net,2025-05-23,Printer,Electronics,3,1108,3324,Credit Card
9402,62,Anne Chavez,emartin@example.net,,Printer,Electronics,5,779,3895,Credit Card
9403,35,Brandon Kelly,holmestravis@example.org,,Mouse,Photography,3,854,2562,Cash
9404,36,Mckenzie Delacruz,georgewilliams@example.org,2024-05-26,Mouse,Accessories,5,86,430,PayPal
9405,53,Jason Simpson,colondavid@example.com,2024-06-17,Headphones,Accessories,1,1099,1099,Cash
9406,27,Ashley Evans,ayaladaniel@example.net,,Printer,Electronics,3,1447,4341,PayPal
9407,62,Brian Cruz,millsrandy@example.com,2024-05-14,Mouse,Accessories,2,1329,2658,PayPal
9408,41,Rebecca Roberts,james71@example.net,2025-07-01,Monitor,Photography,3,1471,4413,Cash
9409,31,Morgan Allen,john88@example.org,2024-03-23,Smartphone,Electronics,2,785,1570,Credit Card
9410,41,Justin Williams,taylorrachel@example.net,,Laptop,Accessories,2,27,54,PayPal
9411,18,Douglas Smith,kromero@example.net,2025-04-11,Printer,Accessories,5,751,3755,PayPal
9412,28,Michael Hendrix,melissa90@example.net,2026-01-31,Mouse,Electronics,4,516,2064,Credit Card
9413,29,Victoria Mcmillan,pclark@example.org,2025-07-31,Keyboard,Electronics,1,398,398,PayPal
9414,21,Bailey Wells PhD,rickyboone@example.net,2024-12-31,Monitor,Electronics,2,452,904,PayPal
9415,69,Kevin Garza,yking@example.com,2024-10-14,Mouse,Accessories,1,353,353,Cash
9416,37,Johnny Charles,nwilliams@example.com,2025-04-11,Webcam,Accessories,3,182,546,Credit Card
9417,47,Lisa Hernandez,jamesnovak@example.net,2026-01-07,Headphones,Accessories,1,260,260,PayPal
9418,63,Rhonda Bowers,kristinagonzalez@example.com,2024-06-14,Webcam,Photography,3,270,810,Cash
9419,30,Angel Gonzalez,alexbenson@example.com,2024-09-16,Laptop,Electronics,4,1200,4800,Credit Card
9420,27,Michael Stark,kennethblake@example.org,2025-06-03,Tablet,Accessories,2,982,1964,PayPal
9421,23,Steven Patel,jamestorres@example.com,2025-02-23,Tablet,Electronics,5,239,1195,PayPal
9422,53,,stevenbates@example.com,2026-01-07,Webcam,Electronics,1,432,432,Cash
9423,52,Taylor Sullivan,gonzalezkathleen@example.com,2024-09-22,Speaker,Accessories,5,393,1965,Cash
9424,41,April Browning,cmarks@example.org,2025-10-05,Keyboard,Electronics,2,1326,2652,Cash
9425,65,Kenneth Franklin,christopherschmidt@example.net,2024-07-05,Laptop,Electronics,3,546,1638,Credit Card
9426,40,Angela Mccoy,wendylee@example.com,2025-09-27,Webcam,Electronics,4,258,1032,Cash
9427,32,Lori Young,morrisandrew@example.com,2025-08-25,Webcam,Electronics,3,1402,4206,Cash
9428,29,John Dennis,iwolf@example.com,2025-11-05,Mouse,Photography,4,1216,4864,PayPal
9429,64,Brittany Griffith,samantha59@example.com,2025-06-05,Monitor,Photography,1,1486,1486,Cash
9430,56,Alan Moore,nicholaspena@example.org,2024-05-21,Headphones,Photography,2,815,1630,Credit Card
9431,49,Darren Robles,plewis@example.net,2025-01-10,Monitor,Accessories,4,381,1524,PayPal
9432,69,Brandy Osborne,francesparks@example.com,,Mouse,Photography,1,812,812,PayPal
9433,25,Bobby Cunningham,valerie56@example.net,2025-03-26,Speaker,Accessories,5,1303,6515,PayPal
9434,53,Nathan Russell,mooremichael@example.com,2026-01-02,Speaker,Photography,5,215,1075,PayPal
9435,67,James Moore,sarah50@example.net,2024-11-03,Camera,Electronics,2,1374,2748,Cash
9436,45,Christopher Dillon,chensamuel@example.org,2026-02-18,Speaker,Accessories,4,1098,4392,Cash
9437,21,Kenneth Valentine,nguyenjohn@example.com,2025-11-23,Monitor,Photography,2,1360,2720,Cash
9438,61,Robert White,martinezdiana@example.org,2025-08-18,Speaker,Photography,1,1228,1228,Credit Card
9439,55,Nicole Ford,garylutz@example.com,2025-02-12,Camera,Electronics,2,1359,2718,PayPal
9440,24,Cameron Rodriguez,bakermichelle@example.net,2024-06-01,Laptop,Photography,5,448,2240,PayPal
9441,27,Danielle Hunter,wilsonjohn@example.net,2025-05-05,Camera,Electronics,2,548,1096,PayPal
9442,58,Jeremiah Allen,danielsshawn@example.com,2025-08-12,Speaker,Photography,1,1252,1252,Credit Card
9443,40,Amy Johnson,brian97@example.com,2024-11-13,Laptop,Accessories,1,1174,1174,Credit Card
9444,48,Ryan Clark,tammy39@example.net,2025-05-01,Webcam,Accessories,2,1419,2838,Credit Card
9445,59,David Mathews,vanessa02@example.net,2024-09-27,Monitor,Electronics,5,773,3865,Credit Card
9446,28,Carly Mcgee,daniel70@example.net,2024-09-14,Camera,Accessories,1,107,107,PayPal
9447,23,Tony Shaw,zmitchell@example.org,2024-03-30,Smartphone,Electronics,2,1275,2550,PayPal
9448,27,Joseph Evans,lewischristopher@example.net,2025-07-25,Headphones,Accessories,2,25,50,Credit Card
9449,56,Jessica Ross,victoria05@example.org,2024-04-17,Speaker,Accessories,2,1238,2476,Cash
9450,56,Mr. Ronald Nicholson,robert38@example.com,2025-07-13,Mouse,Photography,2,517,1034,PayPal
9451,56,,megan49@example.net,2025-07-29,Webcam,Electronics,3,1230,3690,Cash
9452,50,David Davies,shaunburke@example.net,2025-03-07,Tablet,Electronics,4,72,288,Cash
9453,60,Donald Moss,nyoung@example.net,2025-02-14,Webcam,Electronics,5,293,1465,PayPal
9454,48,Jaime Ramirez,amy74@example.org,2024-05-17,Speaker,Photography,2,1347,2694,Cash
9455,32,Karen Powell,desiree28@example.net,2024-10-08,Keyboard,Electronics,3,942,2826,Credit Card
9456,28,Christopher Curtis,cynthia94@example.com,2025-02-20,Webcam,Photography,4,741,2964,Credit Card
9457,29,Jonathan Hodges,levybryan@example.org,2024-07-22,Smartphone,Accessories,4,32,128,Cash
9458,53,Kayla Hall,wbell@example.org,2025-05-08,Keyboard,Photography,5,127,635,PayPal
9459,45,Shawn Johns,richardwalters@example.com,2025-04-08,Printer,Accessories,5,1494,7470,Cash
9460,18,Albert Coleman,johnsonphilip@example.com,,Headphones,Photography,2,159,318,PayPal
9461,47,Christopher Lopez,craig35@example.org,2025-08-03,Tablet,Electronics,3,842,2526,PayPal
9462,26,Christopher Macias,jennifer96@example.com,2024-04-15,Smartphone,Accessories,5,1355,6775,Cash
9463,69,Timothy Mitchell,penazachary@example.com,,Tablet,Electronics,2,1183,2366,Cash
9464,64,Roger Sims,ymaxwell@example.org,2025-11-10,Printer,Photography,2,678,1356,Credit Card
9465,61,Charles Munoz,alexis32@example.com,2026-02-03,Printer,Accessories,5,96,480,PayPal
9466,62,Nichole Rose,jeremy81@example.com,2026-01-06,Mouse,Accessories,3,660,1980,Credit Card
9467,70,Bobby Erickson,stephenwalker@example.com,,Smartphone,Electronics,2,138,276,PayPal
9468,25,Evelyn Rios,marshallaaron@example.net,2024-03-16,Webcam,Electronics,5,415,2075,Credit Card
9469,22,Joshua Miller,suttonjustin@example.com,2025-06-13,Laptop,Photography,1,866,866,PayPal
9470,22,Hannah Le,crystaldaniel@example.org,2025-02-25,Mouse,Photography,1,885,885,Cash
9471,70,Stephanie Conley,james15@example.com,2024-12-02,Laptop,Photography,3,352,1056,PayPal
9472,57,Mr. Michael Weiss,samantharobinson@example.org,2025-04-13,Mouse,Photography,1,261,261,Credit Card
9473,56,Cynthia Powers,carlacarter@example.com,2025-11-09,Monitor,Accessories,1,686,686,Cash
9474,33,,djenkins@example.net,2024-11-28,Laptop,Accessories,5,637,3185,Credit Card
9475,66,Dr. Susan Holt,kennethperkins@example.net,2026-02-04,Camera,Accessories,3,821,2463,Credit Card
9476,55,Jessica Vargas,katrina95@example.org,2025-08-29,Speaker,Electronics,1,1081,1081,PayPal
9477,68,Dana Meyer,beth31@example.com,2024-12-24,Printer,Photography,2,1487,2974,Credit Card
9478,61,Matthew Roy,jwilliams@example.net,,Keyboard,Photography,1,570,570,Credit Card
9479,48,Tracy Herrera,fmoreno@example.net,2024-04-19,Laptop,Accessories,2,966,1932,Cash
9480,43,Amber Garcia,stephensthomas@example.com,2024-09-07,Tablet,Accessories,4,294,1176,Cash
9481,33,Ryan Mccullough,johnford@example.net,2025-11-29,Tablet,Electronics,4,336,1344,Cash
9482,36,Brenda Briggs,jenniferholland@example.com,2025-03-03,Camera,Electronics,3,448,1344,Cash
9483,54,Donna Paul,karimcclure@example.org,2024-06-06,Monitor,Accessories,3,187,561,PayPal
9484,39,Haley Gross,rebecca70@example.com,2024-12-11,Tablet,Photography,3,1016,3048,Cash
9485,35,Matthew Martinez,gutierrezderrick@example.org,,Smartphone,Accessories,5,995,4975,Credit Card
9486,22,Julia Moore,trevorrobertson@example.org,,Smartphone,Accessories,4,818,3272,Cash
9487,38,Morgan Murphy,audreylawson@example.net,2025-11-10,Speaker,Accessories,1,753,753,Cash
9488,67,Matthew Aguilar,christopher64@example.net,2025-09-29,Monitor,Photography,3,582,1746,PayPal
9489,32,Amanda Taylor,robertvaldez@example.com,,Laptop,Photography,5,154,770,Credit Card
9490,24,Daniel Pittman,sean63@example.org,2024-05-14,Smartphone,Photography,2,560,1120,Cash
9491,30,James Ramos,elizabethbeasley@example.net,2025-11-16,Webcam,Accessories,3,136,408,PayPal
9492,43,Amanda Murphy,jimmypalmer@example.com,2025-04-27,Monitor,Accessories,3,1122,3366,Cash
9493,20,Madison Watson,christianmorgan@example.com,2025-08-31,Keyboard,Electronics,2,406,812,PayPal
9494,67,Michael Smith,qandrade@example.org,2024-09-30,Smartphone,Photography,1,1406,1406,Credit Card
9495,24,Robert Espinoza,andrewsmith@example.net,2025-02-16,Camera,Electronics,4,1488,5952,Cash
9496,33,Jennifer Kline,mcbridedavid@example.net,2024-09-09,Headphones,Electronics,3,786,2358,PayPal
9497,42,Sandra Anderson,marshallsean@example.net,2025-12-21,Mouse,Electronics,1,522,522,Credit Card
9498,56,Christopher Grimes,xherrera@example.org,2024-09-04,Keyboard,Accessories,2,1370,2740,Cash
9499,55,Brian Gutierrez,mhebert@example.com,2024-09-10,Camera,Electronics,1,414,414,Credit Card
9500,24,Alicia Meyer,ycole@example.net,2025-09-03,Webcam,Photography,2,572,1144,Cash
9501,55,Shawna Scott,sara01@example.org,2026-01-20,Printer,Accessories,4,1220,4880,Cash
9502,28,Jason Campos,mjohnson@example.com,2025-01-31,Camera,Electronics,4,657,2628,Cash
9503,67,Susan Fuller,rachelmalone@example.org,2024-07-11,Printer,Electronics,5,618,3090,Cash
9504,31,Corey Fitzgerald,leblancjoyce@example.org,2025-07-30,Printer,Electronics,3,993,2979,PayPal
9505,44,Matthew Williams,rebeccahall@example.org,2024-07-28,Headphones,Accessories,1,393,393,PayPal
9506,45,Rachel Stewart,eelliott@example.org,2024-07-18,Monitor,Electronics,4,763,3052,Cash
9507,18,Wayne Jackson,douglashoffman@example.com,2025-06-12,Printer,Accessories,1,1184,1184,Credit Card
9508,22,,david80@example.net,2025-12-10,Mouse,Accessories,4,46,184,Cash
9509,24,Andrew Lewis,bennettkyle@example.com,2025-06-25,Webcam,Accessories,4,1006,4024,Credit Card
9510,36,Emily Perkins,westcalvin@example.org,2024-04-23,Mouse,Photography,3,340,1020,Credit Card
9511,63,Scott Harper,julie07@example.com,,Webcam,Accessories,5,43,215,Credit Card
9512,31,Robert Shields,xadkins@example.net,2024-06-09,Keyboard,Accessories,4,1122,4488,Credit Card
9513,65,John Phillips,devon84@example.org,2025-08-22,Printer,Photography,2,674,1348,Cash
9514,51,Kathy Day,gonzalezsamantha@example.com,2024-05-05,Keyboard,Photography,5,789,3945,Credit Card
9515,22,Jessica Sullivan,zmahoney@example.org,2025-09-06,Keyboard,Photography,4,1113,4452,Credit Card
9516,26,Felicia Manning DVM,zlee@example.com,2024-03-18,Headphones,Photography,4,50,200,Credit Card
9517,65,Lori Palmer,carl58@example.com,2024-08-12,Tablet,Accessories,3,234,702,Cash
9518,51,Andrew Nelson,jean10@example.org,2024-11-19,Webcam,Accessories,3,294,882,Cash
9519,43,Kimberly Hubbard,jay78@example.com,2024-12-03,Printer,Electronics,2,1032,2064,PayPal
9520,55,Eric Evans,sanfordbrian@example.com,2025-10-20,Speaker,Accessories,4,892,3568,Credit Card
9521,62,,sstrickland@example.net,2024-06-03,Laptop,Photography,2,1287,2574,Cash
9522,29,Gloria Barnes,vhicks@example.com,2025-08-16,Smartphone,Photography,2,1004,2008,Credit Card
9523,56,,cdominguez@example.com,2024-11-23,Mouse,Accessories,5,676,3380,Cash
9524,36,Sharon Davis,brownrobert@example.org,2024-08-22,Printer,Accessories,4,256,1024,Cash
9525,64,Travis Adams,lisa95@example.org,2024-03-17,Webcam,Electronics,3,228,684,Cash
9526,21,Katherine Brown,catherinebarker@example.com,2024-06-08,Laptop,Photography,3,1473,4419,Cash
9527,18,Scott Shields,kenneth41@example.com,2025-02-09,Printer,Electronics,1,874,874,PayPal
9528,59,Keith King,phillip92@example.com,2024-10-19,Headphones,Electronics,2,1054,2108,PayPal
9529,48,Samantha Ortega,omorris@example.net,2024-04-09,Headphones,Photography,2,1167,2334,PayPal
9530,45,Stephen Wilson,dtran@example.org,2024-04-08,Laptop,Electronics,1,1442,1442,Cash
9531,33,Tina Sanchez,williamserica@example.org,2025-08-18,Printer,Electronics,4,732,2928,Credit Card
9532,55,Ralph Christensen,jennifer77@example.com,2025-11-02,Tablet,Electronics,,72,0,Cash
9533,45,Marcus Burnett,sharon71@example.net,2024-11-22,Smartphone,Photography,4,913,3652,Credit Card
9534,45,Deborah Lozano,parkjonathan@example.net,2024-11-28,Speaker,Accessories,4,313,1252,Credit Card
9535,69,James Foster,hfields@example.com,,Keyboard,Electronics,1,1163,1163,Credit Card
9536,51,Bonnie Young,christina42@example.com,2025-11-10,Monitor,Photography,5,626,3130,Credit Card
9537,60,,debrajohnson@example.com,2024-11-16,Headphones,Photography,3,391,1173,Cash
9538,40,Melanie Waters,ashleyscott@example.com,2025-06-25,Printer,Accessories,1,1273,1273,PayPal
9539,55,Ms. Kristina Hoover DVM,james72@example.org,2024-06-12,Speaker,Accessories,1,1241,1241,Credit Card
9540,63,Sean Reynolds,allencurry@example.com,,Headphones,Accessories,1,166,166,Cash
9541,66,Carla Hall,tgrant@example.net,2025-07-28,Webcam,Accessories,1,848,848,Credit Card
9542,56,Dylan Hicks,xwarren@example.net,2024-08-27,Laptop,Photography,3,688,2064,Cash
9543,58,,sandralawrence@example.org,,Mouse,Photography,2,49,98,Credit Card
9544,64,Christine Summers,melissahenderson@example.net,2025-10-01,Mouse,Accessories,5,1319,6595,Credit Card
9545,48,Amanda Adams,ulozano@example.net,2025-10-04,Keyboard,Photography,2,851,1702,PayPal
9546,68,Scott Moore,teresa57@example.org,2025-12-10,Monitor,Electronics,2,392,784,Credit Card
9547,29,Dawn Burch,margaretcarter@example.com,2024-09-23,Keyboard,Electronics,5,307,1535,PayPal
9548,66,,veronicachristensen@example.org,2025-07-27,Tablet,Photography,5,116,580,PayPal
9549,66,Matthew Newman,camposcarrie@example.org,2025-08-18,Printer,Accessories,,1184,0,PayPal
9550,23,Kevin Williams,kingronald@example.com,2024-07-20,Tablet,Photography,5,835,4175,Credit Card
9551,66,Kathryn Williams,dennis61@example.net,2025-01-09,Camera,Photography,3,300,900,Credit Card
9552,68,Samantha Jackson,xgutierrez@example.org,2025-06-29,Tablet,Electronics,1,1196,1196,Credit Card
9553,36,,troy03@example.net,2025-05-24,Camera,Photography,3,303,909,Credit Card
9554,69,Jessica Odom,imckinney@example.net,2024-12-24,Tablet,Electronics,2,1315,2630,PayPal
9555,57,Bradley Rogers,shawn52@example.org,2024-04-26,Mouse,Accessories,2,450,900,PayPal
9556,31,,qking@example.com,2025-06-08,Mouse,Photography,2,48,96,PayPal
9557,22,Kenneth Griffin,hortonbarbara@example.net,2024-06-26,Speaker,Accessories,2,384,768,Cash
9558,53,Victoria Wilson,brenda04@example.org,,Tablet,Electronics,4,500,2000,Cash
9559,30,Elizabeth Benitez,luis50@example.com,2025-09-25,Camera,Accessories,5,603,3015,Credit Card
9560,55,Calvin Boone,rodney83@example.net,,Printer,Accessories,4,1285,5140,Credit Card
9561,63,Sherry Adams,rbrown@example.net,2025-08-17,Laptop,Photography,5,637,3185,PayPal
9562,67,Sharon Smith,daviskelsey@example.com,2025-05-28,Headphones,Photography,5,700,3500,Credit Card
9563,32,Mary Carter,ngraham@example.com,2025-11-01,Laptop,Accessories,5,753,3765,Credit Card
9564,34,John Martin,haasdebra@example.com,2024-10-24,Printer,Electronics,,86,0,Credit Card
9565,31,Melissa Moran,bryce61@example.net,2024-07-17,Printer,Accessories,3,223,669,PayPal
9566,27,Sarah Morales,christopherhunt@example.com,2025-11-30,Headphones,Accessories,5,1313,6565,Credit Card
9567,65,Paul Martinez,fgarcia@example.net,2024-09-20,Mouse,Electronics,3,168,504,Credit Card
9568,70,Patrick Lambert,cantujeremy@example.net,2026-02-23,Tablet,Electronics,3,656,1968,Cash
9569,25,Nathan Perez,williamsterri@example.org,2024-08-02,Tablet,Electronics,3,563,1689,Credit Card
9570,50,Emily Jenkins MD,lovejoel@example.org,2024-09-06,Laptop,Photography,1,924,924,Cash
9571,24,Todd Meza,escott@example.com,2026-02-21,Mouse,Electronics,3,1373,4119,Credit Card
9572,65,Donna Massey,bateskelly@example.org,,Mouse,Accessories,4,808,3232,PayPal
9573,56,Wanda Jacobs,nicholsalicia@example.net,2024-09-24,Speaker,Accessories,,386,0,PayPal
9574,43,Brian Casey,jasmineware@example.com,,Speaker,Photography,1,455,455,Credit Card
9575,33,Michelle Miller,ryanthompson@example.com,2024-08-17,Mouse,Photography,5,668,3340,Credit Card
9576,60,Scott Davis,devin00@example.org,2025-06-07,Tablet,Photography,2,1477,2954,Credit Card
9577,37,Jill Allen,christopher95@example.com,2026-01-31,Headphones,Accessories,1,489,489,Credit Card
9578,48,Jacqueline White,larsonsean@example.org,2024-06-22,Keyboard,Accessories,5,436,2180,Credit Card
9579,52,Brittany Clark,gcharles@example.org,2026-02-23,Headphones,Photography,,520,0,PayPal
9580,52,Brandon Smith,brett78@example.com,2025-09-28,Printer,Electronics,1,1332,1332,Cash
9581,35,Bill Rojas,hodgetammy@example.org,2025-01-16,Printer,Photography,4,356,1424,Cash
9582,51,Heather White,elizabeththompson@example.org,2025-09-25,Speaker,Photography,1,1167,1167,Credit Card
9583,31,Jonathan Ramirez,lambertdavid@example.org,2024-07-26,Printer,Photography,2,262,524,Cash
9584,24,Diane Patterson,jgarrett@example.org,2025-09-20,Webcam,Accessories,2,626,1252,Cash
9585,26,Mrs. Rachel Atkins,thomasronnie@example.com,2024-12-14,Camera,Electronics,2,489,978,PayPal
9586,69,Beth Sanders,amynelson@example.com,2024-03-25,Camera,Accessories,3,936,2808,Cash
9587,22,Denise Mann,brownjacqueline@example.net,,Webcam,Photography,1,393,393,Cash
9588,20,Christopher Richmond,vtaylor@example.org,2025-02-20,Speaker,Electronics,3,519,1557,PayPal
9589,28,Vincent Jones,sorozco@example.com,2025-01-17,Speaker,Accessories,2,436,872,Cash
9590,61,Christine Jackson,austinjones@example.org,,Tablet,Accessories,3,1063,3189,Cash
9591,43,Steven Franklin,pjohnston@example.org,2024-10-17,Keyboard,Accessories,2,761,1522,PayPal
9592,36,Rebecca Walker,uking@example.net,2025-11-26,Headphones,Photography,5,295,1475,Cash
9593,48,Wendy Mitchell,qsnow@example.org,2024-08-07,Laptop,Electronics,4,1108,4432,Credit Card
9594,25,Michael Rios,kerrjohn@example.net,2024-10-29,Smartphone,Photography,1,828,828,Cash
9595,60,Mike West,crosbysarah@example.com,2024-12-03,Headphones,Photography,5,1441,7205,Cash
9596,36,,timothylewis@example.net,2026-01-08,Mouse,Accessories,3,1028,3084,PayPal
9597,60,Cody Kaufman,zjackson@example.com,,Laptop,Photography,2,1314,2628,PayPal
9598,29,Joseph Lucas,ehall@example.net,2025-06-18,Webcam,Accessories,2,242,484,Cash
9599,61,Amber Castro,alejandro49@example.net,2024-07-05,Webcam,Accessories,4,1108,4432,Credit Card
9600,30,Stacy Fox DVM,joshuadonovan@example.org,2025-12-15,Monitor,Photography,1,740,740,PayPal
9601,25,William Sanders,clarkchristopher@example.com,2025-10-06,Smartphone,Photography,5,987,4935,PayPal
9602,39,Shelby Long,christophersnyder@example.net,2024-03-03,Mouse,Accessories,5,801,4005,PayPal
9603,54,Eric Carter,josephmartin@example.com,2025-08-12,Mouse,Photography,2,152,304,Credit Card
9604,45,Lori Duran,srodriguez@example.net,,Monitor,Photography,5,1349,6745,Credit Card
9605,48,Michael Baker DVM,ethan43@example.org,2024-04-28,Smartphone,Electronics,2,184,368,Cash
9606,36,Laura Smith,medinacory@example.net,2025-04-17,Smartphone,Photography,1,126,126,Credit Card
9607,39,David Riley,davenportmaria@example.net,2025-05-10,Camera,Electronics,1,1026,1026,Credit Card
9608,49,Jeffery Flores,mortonmargaret@example.com,2025-10-30,Printer,Electronics,5,664,3320,Cash
9609,60,Katherine Chapman,mlong@example.net,,Tablet,Photography,5,1156,5780,Cash
9610,28,Christian Ewing,qhowell@example.com,2024-05-24,Keyboard,Photography,3,1181,3543,Cash
9611,63,Heidi Barnett,nancyjensen@example.com,2024-05-09,Speaker,Photography,3,104,312,PayPal
9612,42,Lisa Mejia,stephendunlap@example.com,2024-08-16,Speaker,Electronics,1,46,46,Credit Card
9613,53,David Jones,oconnorchristy@example.com,2026-02-02,Tablet,Photography,2,503,1006,Credit Card
9614,44,Angela Brooks,robert93@example.com,2024-09-20,Laptop,Accessories,3,680,2040,Cash
9615,44,Jaime Hill,brandi11@example.com,2024-07-04,Keyboard,Accessories,,1269,0,Credit Card
9616,21,Timothy Scott,nmann@example.org,2025-10-18,Monitor,Electronics,2,1210,2420,PayPal
9617,19,Andrew Cowan,jose43@example.net,2025-11-28,Tablet,Electronics,2,171,342,PayPal
9618,38,Carrie Johnson,fcox@example.net,2025-03-14,Headphones,Accessories,5,90,450,Cash
9619,41,Linda Byrd,bellstephanie@example.net,2025-10-01,Headphones,Photography,1,1128,1128,Cash
9620,57,Alexander Clark,tcurtis@example.org,2024-10-07,Tablet,Electronics,3,747,2241,PayPal
9621,50,Vincent Fields,holdenemily@example.org,2024-06-11,Smartphone,Accessories,5,957,4785,PayPal
9622,69,Victoria Harris,dstein@example.org,2025-01-04,Tablet,Electronics,2,962,1924,PayPal
9623,65,Tracy Silva,pjames@example.com,2024-10-02,Camera,Photography,5,558,2790,Cash
9624,21,Anthony Perez,enelson@example.org,2025-12-11,Monitor,Electronics,3,92,276,Cash
9625,26,Ryan Smith,damonhernandez@example.org,2025-06-08,Webcam,Electronics,5,728,3640,PayPal
9626,34,Michelle Castro,sarafranklin@example.com,2026-01-31,Keyboard,Electronics,1,976,976,Credit Card
9627,28,Felicia James,plawrence@example.com,2025-11-18,Monitor,Electronics,1,1415,1415,PayPal
9628,47,Bonnie Potter,qcarter@example.com,2025-09-20,Speaker,Accessories,,808,0,Cash
9629,31,Robert Herrera,richard83@example.org,,Camera,Accessories,2,201,402,Credit Card
9630,56,,kenneth88@example.org,2025-06-07,Headphones,Electronics,5,304,1520,Credit Card
9631,43,Danielle Thomas,xmurillo@example.com,2024-07-14,Tablet,Photography,4,1194,4776,PayPal
9632,23,Jacob Phillips,megan52@example.com,2024-08-23,Camera,Photography,2,911,1822,Cash
9633,40,Curtis Aguilar,bburton@example.com,2024-11-07,Camera,Accessories,1,355,355,Credit Card
9634,59,Jennifer Taylor,emily82@example.org,2024-05-23,Smartphone,Photography,1,250,250,Cash
9635,45,Kimberly Higgins,harriskatelyn@example.com,2024-12-19,Keyboard,Photography,3,1097,3291,Cash
9636,20,Lucas Roberts,nicholasbush@example.com,2024-03-14,Camera,Photography,3,924,2772,Credit Card
9637,21,Mr. John Brown,holterin@example.org,2025-10-13,Speaker,Photography,3,827,2481,Cash
9638,31,Nicole Nichols,shirleymedina@example.net,2025-07-09,Mouse,Electronics,5,615,3075,Cash
9639,22,Joshua Murray,christine52@example.com,2025-05-03,Smartphone,Electronics,1,72,72,Cash
9640,57,Jason Mcfarland,cmclaughlin@example.org,2024-07-20,Camera,Photography,2,1280,2560,Cash
9641,53,Terrence Williams,brian08@example.org,2025-04-29,Camera,Accessories,3,1351,4053,Cash
9642,32,Shirley Oconnor,hoganmichael@example.com,2025-06-25,Monitor,Photography,2,594,1188,PayPal
9643,22,Andrew George,kellimartinez@example.net,2025-04-03,Speaker,Electronics,4,858,3432,Credit Card
9644,42,Gloria Ewing,rossbrenda@example.org,2024-04-09,Camera,Photography,5,332,1660,Cash
9645,26,Marc Tucker,cynthiamosley@example.com,,Laptop,Photography,2,1208,2416,PayPal
9646,61,Victoria Allen,williamsnicole@example.org,2026-02-14,Camera,Electronics,1,293,293,Cash
9647,26,Kimberly Parker,annacox@example.org,2025-04-02,Mouse,Electronics,3,274,822,Credit Card
9648,67,Sheila Bennett,ogriffith@example.com,2024-10-06,Camera,Electronics,1,850,850,Cash
9649,33,Laura Pena,tracey52@example.org,2024-10-09,Camera,Photography,3,1434,4302,PayPal
9650,34,Karl Perry,gillespiecraig@example.com,2025-08-18,Speaker,Electronics,1,1179,1179,Credit Card
9651,42,Mary Barker,victoriabrown@example.org,2024-09-07,Camera,Photography,1,876,876,PayPal
9652,27,Lindsey Johnson,carolmalone@example.net,2024-11-13,Camera,Photography,2,368,736,Cash
9653,69,Linda Williams,dgarcia@example.net,2025-03-01,Tablet,Photography,1,1404,1404,Credit Card
9654,52,James Johnson,anthony42@example.com,2025-04-15,Printer,Photography,5,225,1125,PayPal
9655,67,Crystal Schmidt,tina80@example.com,2024-08-06,Laptop,Photography,4,797,3188,Cash
9656,42,Anthony Green,suarezcarrie@example.net,2026-02-07,Monitor,Electronics,,411,0,Cash
9657,47,Janet Henderson,goodsuzanne@example.org,2025-02-13,Camera,Electronics,4,847,3388,Credit Card
9658,44,,teresa49@example.net,2024-12-09,Webcam,Accessories,2,789,1578,Cash
9659,70,Kathleen Jackson,vrivera@example.com,2024-07-20,Laptop,Accessories,4,924,3696,Cash
9660,24,Joseph Gardner,vgoodman@example.net,2025-08-21,Laptop,Accessories,3,204,612,PayPal
9661,63,Donna Moody,dmiller@example.com,2025-03-24,Mouse,Accessories,1,739,739,Cash
9662,57,Jeffrey Rodriguez,fitzgeraldmatthew@example.org,2025-09-27,Smartphone,Photography,2,1212,2424,Credit Card
9663,26,Stephanie Rhodes,kstewart@example.com,2025-11-25,Tablet,Electronics,1,828,828,Credit Card
9664,59,Julie Morales,patelmatthew@example.com,2024-12-06,Camera,Photography,3,34,102,PayPal
9665,43,John Medina,branchjames@example.org,2024-11-27,Smartphone,Photography,1,170,170,PayPal
9666,50,Lauren Forbes,joneselizabeth@example.com,2025-05-13,Speaker,Electronics,2,1251,2502,Cash
9667,51,Taylor Cruz,kramerjames@example.com,,Tablet,Accessories,4,1200,4800,Cash
9668,62,Cody Newman,jessedunn@example.org,,Laptop,Electronics,4,579,2316,PayPal
9669,34,Jared Hernandez,adam70@example.org,2026-01-10,Headphones,Electronics,5,90,450,Cash
9670,40,Erica Cooper,rioscarrie@example.com,2024-03-17,Speaker,Accessories,3,1487,4461,Cash
9671,47,Melissa Anderson,teresajohnson@example.net,2025-06-22,Laptop,Electronics,4,1169,4676,PayPal
9672,22,Brett Barrett,donnareynolds@example.com,2024-05-03,Mouse,Photography,1,437,437,Cash
9673,63,Wendy Roman,brittanyluna@example.net,,Mouse,Photography,4,271,1084,Credit Card
9674,65,Austin Proctor,smithernest@example.com,2025-12-01,Monitor,Accessories,5,69,345,Credit Card
9675,63,Sabrina Duran,emilycox@example.org,2024-08-07,Headphones,Photography,2,639,1278,Cash
9676,30,Steven Molina,joshuagomez@example.com,2024-11-09,Webcam,Accessories,1,1267,1267,Credit Card
9677,48,Melissa Cox,edward24@example.com,2025-11-20,Speaker,Accessories,3,846,2538,PayPal
9678,63,Joshua Flores,aholt@example.org,2024-07-09,Keyboard,Accessories,1,1233,1233,PayPal
9679,39,Lisa Porter,william69@example.com,2024-07-27,Speaker,Electronics,5,945,4725,Credit Card
9680,69,Michael Jordan,wthompson@example.net,2024-03-03,Smartphone,Electronics,2,767,1534,Cash
9681,51,Jodi Reed,tsimon@example.net,2024-05-09,Laptop,Accessories,2,1381,2762,PayPal
9682,38,Vincent Hernandez,rmccarthy@example.org,,Mouse,Accessories,3,774,2322,PayPal
9683,66,,ykelly@example.com,2025-05-22,Laptop,Accessories,2,409,818,Cash
9684,39,Evelyn Foster,lisa14@example.net,2025-04-16,Printer,Accessories,1,308,308,Cash
9685,57,Anthony Skinner,martinezrobert@example.org,2024-03-05,Camera,Accessories,1,26,26,PayPal
9686,22,Margaret Sosa,baileyashley@example.net,2026-02-18,Smartphone,Electronics,5,470,2350,Cash
9687,62,Glenn Reed,dnichols@example.net,2025-04-27,Laptop,Electronics,1,1386,1386,PayPal
9688,37,Kevin Powell,lhutchinson@example.com,2024-09-29,Mouse,Electronics,1,591,591,Credit Card
9689,50,Lorraine Hayes,zacharybrewer@example.com,2024-10-16,Headphones,Photography,3,534,1602,Credit Card
9690,59,Rachael Bradley,hallwesley@example.com,2026-02-13,Printer,Photography,3,1402,4206,PayPal
9691,48,Patricia Baker,ginawilson@example.com,2025-05-11,Smartphone,Photography,4,664,2656,Cash
9692,69,,chad79@example.org,2024-07-27,Webcam,Photography,4,176,704,Credit Card
9693,50,Laura Mathis,shawnpotter@example.com,2025-07-26,Monitor,Electronics,3,1225,3675,PayPal
9694,53,Gabriel Stone,anthonymartin@example.net,2025-07-17,Speaker,Accessories,5,1143,5715,Credit Card
9695,60,Michelle Hernandez,nicholasmcknight@example.org,2024-11-19,Keyboard,Accessories,5,264,1320,PayPal
9696,23,James Thompson,sydney27@example.org,2024-05-12,Speaker,Accessories,3,1137,3411,Cash
9697,29,Derrick Jackson,steven57@example.org,2024-11-16,Tablet,Photography,3,1019,3057,Credit Card
9698,62,Angela King,debra97@example.net,2025-06-11,Laptop,Accessories,3,123,369,PayPal
9699,24,,anne83@example.net,2024-07-18,Camera,Photography,1,119,119,Credit Card
9700,42,Lisa Ramirez,christine18@example.org,2024-03-14,Smartphone,Electronics,5,529,2645,Credit Card
9701,57,Cesar Ramirez,vyoung@example.org,2025-04-07,Tablet,Electronics,4,197,788,Cash
9702,66,Lori Armstrong,wharris@example.org,2024-03-17,Monitor,Photography,2,185,370,PayPal
9703,40,Katherine Mitchell,jonestracie@example.com,2024-11-14,Printer,Electronics,4,81,324,Cash
9704,39,Nathan Boyd,cobbjohn@example.net,2024-12-19,Speaker,Electronics,4,1381,5524,Cash
9705,65,Logan Anderson,olivernicole@example.net,2025-11-21,Speaker,Accessories,,1210,0,Credit Card
9706,59,Michael Jones,kellymartin@example.org,2024-05-27,Tablet,Photography,4,169,676,Cash
9707,28,Brandon Stewart,jhowell@example.net,2024-09-12,Printer,Photography,5,241,1205,Cash
9708,43,Heidi Smith,brandonwheeler@example.org,2025-04-06,Monitor,Photography,4,166,664,Cash
9709,38,,michellemitchell@example.org,2025-05-26,Tablet,Accessories,2,749,1498,PayPal
9710,60,Gregory Edwards,cynthia97@example.com,2025-11-29,Monitor,Accessories,5,391,1955,Credit Card
9711,45,Rachel Owens,karenmartinez@example.net,,Keyboard,Electronics,1,1497,1497,Credit Card
9712,58,Kathryn Tyler,stewartjuan@example.net,2024-06-02,Smartphone,Electronics,5,1436,7180,Cash
9713,18,Stanley Nguyen,maryweaver@example.com,2024-05-24,Monitor,Photography,1,1412,1412,Credit Card
9714,50,Jeffrey Salinas,ycampos@example.org,2025-03-02,Camera,Accessories,,1090,0,PayPal
9715,51,Jennifer Miller,bmarshall@example.com,2025-12-11,Camera,Accessories,2,710,1420,Credit Card
9716,21,Rodney Chase,margaret10@example.com,,Printer,Accessories,5,1114,5570,PayPal
9717,55,Claudia Harmon,dstrickland@example.org,2024-12-02,Tablet,Accessories,2,1390,2780,PayPal
9718,68,Ryan Jones,erin48@example.com,,Tablet,Electronics,3,1393,4179,Cash
9719,38,Traci Mcintosh,michaelrodriguez@example.net,2024-03-14,Printer,Accessories,5,886,4430,Credit Card
9720,18,Carol Brown,kristen01@example.net,2025-05-08,Mouse,Photography,2,911,1822,PayPal
9721,26,William Rodriguez,phillipszachary@example.com,2025-10-29,Headphones,Photography,2,203,406,Cash
9722,21,Paul Juarez,natashaferguson@example.net,,Camera,Accessories,3,1383,4149,Credit Card
9723,55,Elizabeth Carlson,zscott@example.net,2025-08-09,Camera,Accessories,1,690,690,Credit Card
9724,44,Joseph Myers,icollins@example.net,2025-05-10,Camera,Electronics,2,280,560,PayPal
9725,48,Veronica Martin,mortonjoel@example.net,2024-05-19,Headphones,Photography,1,1352,1352,Cash
9726,50,Taylor Smith,guzmankeith@example.net,2024-07-09,Headphones,Electronics,2,577,1154,Cash
9727,31,Grace Fleming,peterarmstrong@example.org,2025-12-29,Mouse,Electronics,3,464,1392,Cash
9728,36,Valerie Jones,heatherkerr@example.org,2024-10-12,Smartphone,Electronics,4,851,3404,PayPal
9729,50,Elizabeth Edwards,swhite@example.net,2026-02-21,Headphones,Accessories,5,1075,5375,Cash
9730,68,,yphelps@example.net,,Speaker,Accessories,2,238,476,Credit Card
9731,38,Edward Bryant,travisjackson@example.com,,Mouse,Photography,3,292,876,Cash
9732,59,Daniel Estes,ggilbert@example.org,2025-07-20,Tablet,Accessories,1,102,102,Credit Card
9733,33,Matthew Taylor Jr.,lindahanna@example.com,2025-12-03,Headphones,Photography,1,20,20,Cash
9734,26,Gregory Hansen,james67@example.net,2025-02-19,Camera,Photography,1,346,346,Credit Card
9735,65,,sandra04@example.net,2025-05-26,Keyboard,Accessories,4,1239,4956,Cash
9736,67,Donald Harrison,kmoore@example.net,2024-04-22,Mouse,Accessories,1,1348,1348,Credit Card
9737,34,Marie Scott MD,davidwest@example.com,2025-03-24,Camera,Photography,3,1378,4134,Credit Card
9738,42,Morgan Parker,johnsoncolleen@example.com,2024-09-22,Webcam,Photography,3,251,753,PayPal
9739,32,Sandra Duncan,jamie46@example.net,2024-07-07,Speaker,Electronics,4,991,3964,Cash
9740,47,Ashley Rowe,schmidtlori@example.org,2024-04-15,Keyboard,Electronics,2,171,342,Credit Card
9741,47,Alexis Johnson,carmenkhan@example.com,,Keyboard,Photography,3,811,2433,PayPal
9742,65,Nicole Hernandez,lauren43@example.net,2024-09-04,Camera,Electronics,2,200,400,PayPal
9743,65,Jacob Meza,stevenssamantha@example.org,2025-02-24,Monitor,Electronics,5,642,3210,Credit Card
9744,55,Thomas Turner,moralesbrian@example.com,2025-07-12,Laptop,Accessories,3,595,1785,Credit Card
9745,41,Frank Lawrence,bonnie40@example.net,2025-04-29,Webcam,Photography,5,1231,6155,Cash
9746,64,Philip Richard,xgibson@example.org,,Webcam,Electronics,4,368,1472,Credit Card
9747,61,Johnny Combs,thomaswilson@example.net,2024-09-25,Headphones,Electronics,1,918,918,Cash
9748,69,Alicia Williams,stacysingh@example.net,2025-02-03,Keyboard,Accessories,2,1098,2196,Credit Card
9749,44,Cynthia Hopkins,flowersamy@example.org,2025-02-20,Webcam,Accessories,5,79,395,Cash
9750,58,Daniel Boyd,garywells@example.net,2025-02-22,Camera,Photography,2,158,316,Credit Card
9751,22,Pamela Bridges,heidi94@example.net,2024-11-18,Tablet,Electronics,2,1337,2674,Credit Card
9752,56,Tyler Gonzalez,keithrebecca@example.org,2024-03-04,Headphones,Accessories,1,1316,1316,Cash
9753,67,,briley@example.net,2025-06-11,Keyboard,Photography,5,918,4590,PayPal
9754,23,Kevin Mathews,valerie26@example.net,2024-10-21,Speaker,Electronics,3,810,2430,Credit Card
9755,53,Tracy Sutton,kcarlson@example.net,2025-09-14,Tablet,Photography,1,735,735,Credit Card
9756,64,,hermanjamie@example.com,,Mouse,Electronics,3,662,1986,PayPal
9757,50,Michael Hill,carlospearson@example.net,2025-05-10,Mouse,Accessories,5,1438,7190,Credit Card
9758,68,Kelly Reynolds,michael89@example.com,2024-10-02,Tablet,Accessories,4,1348,5392,PayPal
9759,21,Lynn Flowers MD,adrienne35@example.org,2024-07-13,Printer,Photography,2,588,1176,Cash
9760,30,Sarah Hendricks,rhansen@example.net,2025-10-04,Speaker,Photography,3,825,2475,Credit Card
9761,39,John Thompson,zblack@example.com,,Camera,Electronics,2,623,1246,Cash
9762,43,Rhonda Le,john89@example.net,2025-12-12,Laptop,Accessories,1,1310,1310,Credit Card
9763,48,Nicholas Gardner,jason81@example.com,2025-11-29,Webcam,Accessories,2,252,504,PayPal
9764,26,Joseph Johnson,vcampbell@example.org,,Headphones,Photography,3,1005,3015,Cash
9765,33,,rfletcher@example.net,2024-08-19,Monitor,Electronics,2,352,704,PayPal
9766,24,Lisa Harris,parkertimothy@example.com,2025-08-18,Printer,Accessories,4,526,2104,Credit Card
9767,59,Mr. Christopher Parker,jherrera@example.net,2024-12-01,Monitor,Electronics,1,1121,1121,Credit Card
9768,69,Steven Landry,yvettewright@example.com,2024-08-14,Printer,Electronics,1,1328,1328,Cash
9769,70,Theodore Mendoza,ryanjackson@example.org,2025-06-07,Speaker,Electronics,5,694,3470,Credit Card
9770,42,,alexander36@example.net,,Webcam,Photography,3,1486,4458,Cash
9771,65,Andrew Romero,perkinstroy@example.com,2025-01-20,Webcam,Photography,3,982,2946,PayPal
9772,51,Jose Fields,wayne20@example.com,2024-05-05,Laptop,Photography,5,972,4860,PayPal
9773,62,Juan Lee,kshaffer@example.org,2024-07-02,Keyboard,Photography,1,983,983,Cash
9774,48,Angela Burnett,vincentdavid@example.org,2025-01-15,Laptop,Accessories,1,1329,1329,Credit Card
9775,57,Elizabeth Harrington,catherinezavala@example.com,2025-06-20,Printer,Photography,3,83,249,Cash
9776,59,James Mckee,thompsonamy@example.com,2025-05-26,Headphones,Electronics,1,531,531,PayPal
9777,19,Megan Jenkins,tammypage@example.com,2024-03-05,Speaker,Accessories,1,312,312,PayPal
9778,21,Ryan Parsons,elizabethlin@example.org,,Camera,Photography,,692,0,PayPal
9779,40,Jessica Henderson,khogan@example.org,,Keyboard,Electronics,2,721,1442,Credit Card
9780,35,Timothy Barron,morgangeorge@example.net,2024-12-24,Speaker,Electronics,4,1226,4904,PayPal
9781,46,Monica Garrett,tyoung@example.org,2025-06-05,Mouse,Electronics,4,501,2004,Cash
9782,27,Rick Villegas,elijah30@example.net,2025-08-12,Smartphone,Photography,3,493,1479,Cash
9783,20,Cathy Perez,john83@example.com,2025-04-30,Laptop,Electronics,1,170,170,PayPal
9784,55,Douglas Rogers,ataylor@example.net,2025-08-08,Webcam,Electronics,3,517,1551,Cash
9785,58,Kristina Valentine,timothy02@example.net,2025-03-14,Monitor,Photography,3,949,2847,Credit Card
9786,51,Allison Martin,dgolden@example.org,2025-01-17,Camera,Photography,4,569,2276,Cash
9787,35,Crystal Smith,rojasanna@example.org,2024-11-26,Webcam,Electronics,5,1241,6205,Credit Card
9788,40,Dana Payne,lashley@example.com,2025-10-21,Printer,Accessories,3,1426,4278,PayPal
9789,63,,bakerronald@example.com,2025-03-25,Laptop,Electronics,2,113,226,Cash
9790,64,Andrew Chavez,shaunscott@example.net,2025-06-16,Speaker,Accessories,1,53,53,PayPal
9791,28,Laura Mendoza,elaine76@example.com,2026-02-24,Tablet,Photography,1,117,117,Credit Card
9792,64,Thomas Brooks,sjohnson@example.com,2024-12-24,Monitor,Accessories,3,493,1479,PayPal
9793,42,Nicole Rodriguez,bethanyhansen@example.com,2024-07-16,Smartphone,Electronics,4,280,1120,PayPal
9794,55,Mark James,kbennett@example.org,2024-03-09,Smartphone,Electronics,5,88,440,PayPal
9795,33,Lawrence Adams,richard03@example.com,,Speaker,Accessories,5,1112,5560,Cash
9796,34,Dawn Martinez,dschwartz@example.net,2025-12-15,Camera,Photography,4,612,2448,Credit Card
9797,54,Rachel Smith,clarkmichael@example.net,2025-07-30,Webcam,Photography,2,169,338,PayPal
9798,65,William Phelps,ucampbell@example.com,2024-07-26,Speaker,Photography,5,974,4870,PayPal
9799,43,Janet Mercado,woodrobert@example.org,2025-09-07,Webcam,Accessories,3,681,2043,Cash
9800,22,Benjamin Griffin,garciajill@example.com,2025-01-31,Headphones,Electronics,5,385,1925,PayPal
9801,37,Emily Mcfarland,ddyer@example.org,2025-04-06,Smartphone,Electronics,3,1194,3582,Cash
9802,65,Michelle Gonzalez,diazkelly@example.net,2024-11-16,Keyboard,Accessories,4,943,3772,Cash
9803,35,Rebecca Brown MD,jackholloway@example.net,2024-08-25,Mouse,Electronics,2,1106,2212,Cash
9804,53,Joshua Santiago,jenniferbishop@example.org,2025-05-02,Laptop,Accessories,4,829,3316,Cash
9805,40,Daniel Evans,smithjohn@example.com,2025-03-28,Smartphone,Accessories,4,614,2456,Credit Card
9806,28,Justin Marshall,carrie56@example.net,2025-05-24,Camera,Electronics,5,471,2355,Credit Card
9807,29,Jacob Chapman,williammartinez@example.org,,Webcam,Photography,2,510,1020,Credit Card
9808,59,Robert Clay,kelly83@example.org,2025-01-14,Webcam,Photography,3,582,1746,Cash
9809,39,Derek Keith,trojas@example.org,2025-05-14,Printer,Electronics,3,1321,3963,PayPal
9810,55,Mrs. Kimberly Turner,jbrown@example.org,2024-02-29,Smartphone,Electronics,1,1257,1257,Credit Card
9811,35,Brian Mendoza,sharonescobar@example.com,2026-02-13,Mouse,Electronics,3,50,150,PayPal
9812,21,Angela Osborne,whancock@example.org,,Tablet,Accessories,2,548,1096,PayPal
9813,62,Jeffery Thompson,florescarlos@example.org,2024-07-05,Printer,Photography,4,1349,5396,Credit Card
9814,63,Eileen Vaughn,eanderson@example.org,,Tablet,Electronics,1,105,105,Credit Card
9815,30,Michael Duran,klinejimmy@example.org,2025-02-28,Headphones,Accessories,2,988,1976,Credit Card
9816,26,Sheena Higgins,zlewis@example.com,2026-02-12,Smartphone,Electronics,1,278,278,Credit Card
9817,67,Tammie Parrish,xwest@example.org,2024-09-09,Tablet,Accessories,3,35,105,Credit Card
9818,19,Rachel Horne,ariggs@example.org,,Printer,Photography,4,1145,4580,PayPal
9819,18,John Richard,ablack@example.org,,Speaker,Electronics,1,833,833,Credit Card
9820,34,Spencer Frye,megan19@example.com,2024-06-04,Printer,Photography,1,996,996,PayPal
9821,50,Nicole Christensen,floresangela@example.org,2025-05-29,Speaker,Photography,2,147,294,Credit Card
9822,33,Willie Sawyer,paulbaker@example.org,2026-01-14,Webcam,Photography,3,936,2808,PayPal
9823,63,Kristina Jackson,kendrameyer@example.com,2024-10-03,Tablet,Electronics,1,738,738,PayPal
9824,51,Brian Pena,william13@example.net,2025-08-22,Laptop,Electronics,1,1321,1321,PayPal
9825,70,Randy Butler,danielbranch@example.com,2024-09-07,Tablet,Accessories,3,53,159,Credit Card
9826,25,Anthony Weaver,garciazachary@example.net,2025-02-20,Speaker,Accessories,,691,0,Credit Card
9827,21,Bruce Fitzpatrick,castilloaustin@example.com,2026-02-11,Mouse,Accessories,3,121,363,PayPal
9828,67,Brittany Ruiz,uross@example.org,2026-01-11,Camera,Accessories,5,1393,6965,Cash
9829,39,Julie Elliott,richard29@example.org,2025-12-14,Laptop,Photography,5,1169,5845,Cash
9830,33,,panderson@example.net,2024-09-19,Mouse,Accessories,1,161,161,PayPal
9831,32,Robert Smith,michelle09@example.com,2024-03-11,Monitor,Photography,1,1224,1224,PayPal
9832,30,Mr. Riley Williams,danny11@example.com,2026-02-19,Webcam,Accessories,4,429,1716,PayPal
9833,42,Martha Dennis,turnershelly@example.com,2024-07-26,Mouse,Photography,3,818,2454,Credit Card
9834,32,Mark Johnson,kristin37@example.com,2024-05-15,Smartphone,Electronics,3,345,1035,Credit Card
9835,52,Mark Sanders,jjohnson@example.org,2024-07-18,Printer,Electronics,5,1334,6670,PayPal
9836,49,Heather Klein,carriesmith@example.net,2025-06-25,Smartphone,Accessories,3,892,2676,Credit Card
9837,63,Samuel Martin,april28@example.net,,Headphones,Photography,3,1009,3027,Credit Card
9838,54,Colleen Lee,megan10@example.net,2025-06-27,Headphones,Photography,3,734,2202,PayPal
9839,64,Jonathan Ortiz,willislisa@example.com,2025-09-05,Camera,Photography,3,439,1317,PayPal
9840,70,Eric Singleton,stevenstephens@example.com,2024-07-10,Camera,Accessories,5,585,2925,Credit Card
9841,29,Stephen Holder,mgolden@example.org,2024-09-24,Webcam,Electronics,2,106,212,Cash
9842,57,Allison Jones,rebeccaharmon@example.net,2026-02-11,Smartphone,Photography,4,844,3376,Cash
9843,65,Corey Ferguson,troysims@example.org,2025-06-02,Keyboard,Electronics,2,1245,2490,PayPal
9844,63,Jonathan Jimenez,kwarren@example.net,2025-03-19,Camera,Accessories,1,177,177,Credit Card
9845,37,Tracy Young,wangzachary@example.org,2026-02-26,Laptop,Accessories,5,189,945,Credit Card
9846,62,Andrea Morgan,adam97@example.net,2025-09-24,Mouse,Photography,3,1275,3825,PayPal
9847,54,Amber Sullivan,marilynwagner@example.com,2025-09-13,Webcam,Electronics,5,115,575,Cash
9848,55,Mr. John Stephens DDS,vhouston@example.net,2024-12-11,Tablet,Electronics,3,310,930,PayPal
9849,37,Sarah Moore,gmiller@example.org,2024-07-28,Camera,Electronics,5,876,4380,PayPal
9850,28,Shawn Gonzalez,hilljustin@example.org,2024-10-25,Speaker,Accessories,,1387,0,PayPal
9851,50,Danielle Wiggins,thomasjennifer@example.com,,Camera,Photography,2,813,1626,PayPal
9852,28,John Mason,pwalker@example.com,2025-11-30,Laptop,Photography,3,135,405,Cash
9853,18,Mario Anderson,wgardner@example.org,2024-03-18,Keyboard,Accessories,5,602,3010,PayPal
9854,27,Sherry Sanders,zcrawford@example.org,2025-03-15,Mouse,Photography,2,78,156,Credit Card
9855,57,William Hayes,mathiscraig@example.net,2024-06-27,Headphones,Photography,5,1180,5900,Cash
9856,18,Eric Jones,stephen86@example.com,2025-11-21,Printer,Electronics,1,240,240,Cash
9857,33,Jennifer Taylor,zachary73@example.net,2024-03-28,Laptop,Photography,4,1414,5656,Credit Card
9858,41,John Proctor,vbennett@example.org,2024-09-06,Camera,Accessories,5,1401,7005,PayPal
9859,60,Monica Arias,yjackson@example.org,2025-06-26,Laptop,Photography,3,696,2088,Credit Card
9860,41,Charles Jones,miranda17@example.org,2025-01-31,Mouse,Accessories,1,176,176,Cash
9861,22,,robert83@example.com,2026-01-02,Headphones,Electronics,3,1287,3861,PayPal
9862,63,Kimberly Richards,jasminerowe@example.org,2025-07-22,Mouse,Photography,4,579,2316,Cash
9863,53,Mark Vargas,shannon10@example.org,2025-01-15,Mouse,Accessories,5,486,2430,PayPal
9864,50,Matthew Young,douglasjohnny@example.com,2024-05-23,Speaker,Photography,3,426,1278,Credit Card
9865,29,Ricardo Fuller,thomascollins@example.com,2024-04-11,Printer,Electronics,4,1448,5792,Cash
9866,30,Jessica Taylor,brooksgregg@example.net,2024-04-13,Monitor,Accessories,1,391,391,Cash
9867,21,Monica Williams,jessicaadams@example.net,2025-05-27,Mouse,Electronics,5,479,2395,Cash
9868,68,,markschristopher@example.org,2026-02-07,Webcam,Accessories,1,1144,1144,Cash
9869,63,Anita Booth,keithdodson@example.com,2024-10-17,Camera,Accessories,1,1498,1498,Credit Card
9870,32,Jeffery Jordan,amanda97@example.net,2024-03-08,Printer,Accessories,3,533,1599,Credit Card
9871,33,Michelle Thompson,ygarza@example.org,2025-06-03,Laptop,Accessories,4,1274,5096,Credit Card
9872,59,Samantha Richards,lsmith@example.net,2024-10-16,Keyboard,Electronics,1,724,724,PayPal
9873,68,Kelly Torres,hurstalex@example.com,,Headphones,Electronics,2,1111,2222,Cash
9874,52,Kathryn Schneider,mmurray@example.org,2024-04-23,Smartphone,Accessories,2,626,1252,PayPal
9875,67,Colin Sandoval,hannah24@example.com,2024-04-05,Laptop,Electronics,1,557,557,PayPal
9876,66,Terri Powell,isullivan@example.com,2024-07-21,Webcam,Electronics,1,1347,1347,Credit Card
9877,64,Christopher Gonzalez,williamlane@example.org,2024-05-24,Headphones,Electronics,1,990,990,Cash
9878,44,William Melton,johnlowe@example.com,2025-04-22,Laptop,Photography,2,1207,2414,Credit Card
9879,29,William Adams,brent71@example.net,,Mouse,Accessories,5,947,4735,PayPal
9880,51,Daniel Cameron,mcneilstephen@example.net,2024-10-10,Speaker,Accessories,2,444,888,Credit Card
9881,45,Mary Mendoza,rosalesjoel@example.com,2026-01-19,Mouse,Accessories,5,566,2830,PayPal
9882,43,Meagan Dixon,grantandrea@example.com,2025-06-24,Tablet,Accessories,1,986,986,Credit Card
9883,20,Mrs. Karen Payne DDS,christopher57@example.net,2025-02-26,Laptop,Electronics,1,205,205,PayPal
9884,21,Jenny Fisher,petercannon@example.net,2025-07-03,Keyboard,Electronics,5,1429,7145,Credit Card
9885,43,Kayla Hansen,bparks@example.com,2025-07-12,Printer,Photography,4,832,3328,PayPal
9886,20,Scott Mora,julie60@example.net,2024-04-28,Headphones,Photography,4,927,3708,Cash
9887,19,Mary Collins,moorerichard@example.net,2025-01-18,Laptop,Electronics,3,1027,3081,PayPal
9888,47,Carol Brock,vrose@example.org,2024-03-04,Headphones,Electronics,5,1068,5340,PayPal
9889,29,Katelyn Delgado,apetersen@example.org,2025-09-03,Camera,Accessories,1,695,695,PayPal
9890,51,Timothy Williams,bbeck@example.org,2024-10-25,Camera,Photography,3,936,2808,PayPal
9891,22,Crystal Fletcher,amybartlett@example.org,2024-12-05,Camera,Electronics,5,1251,6255,PayPal
9892,34,John Rice,terry24@example.net,2025-12-27,Tablet,Electronics,2,778,1556,Cash
9893,42,Timothy Lyons,mallorygonzales@example.org,2025-05-03,Camera,Accessories,5,1169,5845,Cash
9894,56,Herbert James,thomasmolina@example.net,2024-07-04,Tablet,Electronics,5,1044,5220,Credit Card
9895,45,,markmerritt@example.com,,Camera,Accessories,5,1113,5565,PayPal
9896,47,Jeffrey Rodriguez,edavis@example.com,2025-05-02,Smartphone,Accessories,3,1072,3216,PayPal
9897,43,Leslie Dominguez,georgekent@example.com,2024-03-18,Laptop,Accessories,1,337,337,Credit Card
9898,29,Michael Holmes,larry78@example.net,,Webcam,Accessories,1,173,173,Cash
9899,28,Troy Rhodes,katiemassey@example.org,2026-02-01,Printer,Photography,2,607,1214,Cash
9900,38,Cynthia Reed,wwhite@example.com,2025-05-02,Keyboard,Electronics,4,346,1384,Cash
9901,46,Jacob Wood,mayerkevin@example.net,2025-12-26,Headphones,Accessories,1,1218,1218,Credit Card
9902,55,Patricia Boyer,brenda01@example.org,2025-08-17,Tablet,Photography,3,840,2520,PayPal
9903,54,Colin White,marcus19@example.org,2024-08-19,Headphones,Accessories,2,1255,2510,Credit Card
9904,65,Brent Lopez,klee@example.org,2025-04-06,Smartphone,Electronics,2,833,1666,Cash
9905,63,Kelsey Reyes,umorgan@example.net,2025-07-01,Speaker,Accessories,2,771,1542,PayPal
9906,66,Joanna Long,justinmosley@example.net,2025-06-14,Printer,Accessories,4,1126,4504,PayPal
9907,25,Terri Herrera,brett21@example.org,2024-03-25,Smartphone,Photography,2,1316,2632,Credit Card
9908,34,James King,sandrasims@example.net,2026-01-19,Webcam,Accessories,3,603,1809,Cash
9909,33,,jacksonkelly@example.org,2025-09-28,Tablet,Accessories,5,406,2030,PayPal
9910,26,Kayla Miller,erika05@example.net,2025-02-03,Laptop,Accessories,2,359,718,Credit Card
9911,69,Chad Johnson,john61@example.com,,Speaker,Photography,1,426,426,PayPal
9912,26,Linda Scott,dgreen@example.net,2024-11-30,Speaker,Photography,1,222,222,Credit Card
9913,41,Robert Wilson,mark32@example.com,2024-03-02,Mouse,Accessories,3,1254,3762,Cash
9914,49,Susan Bowman,fmarquez@example.com,2026-02-25,Headphones,Photography,4,543,2172,Cash
9915,52,Katelyn Jacobs,dsanchez@example.org,2025-09-29,Laptop,Electronics,5,184,920,PayPal
9916,41,Walter Jones,vroberts@example.com,2025-10-19,Printer,Electronics,4,806,3224,Credit Card
9917,43,Thomas Lewis,james17@example.com,2025-03-03,Laptop,Photography,1,1079,1079,Cash
9918,19,Vincent Weiss,zmiller@example.net,2024-08-02,Laptop,Electronics,5,669,3345,Cash
9919,54,Christina Jones,rileyjorge@example.net,2025-09-28,Laptop,Accessories,5,404,2020,Credit Card
9920,39,William Baker,travis23@example.net,2024-11-07,Keyboard,Accessories,4,1338,5352,Cash
9921,44,Dylan Richardson,paulgarcia@example.net,2025-03-25,Headphones,Electronics,3,66,198,Cash
9922,23,Crystal Lin,donnabautista@example.net,2026-01-01,Headphones,Accessories,3,687,2061,Cash
9923,57,Meghan Robertson,browntammy@example.com,2025-03-15,Smartphone,Electronics,3,579,1737,PayPal
9924,47,James Wells,dave97@example.org,2024-08-21,Speaker,Electronics,5,1087,5435,PayPal
9925,35,Sheila Fuller,jennifer10@example.com,2025-02-13,Mouse,Electronics,2,668,1336,Credit Card
9926,61,Lisa Palmer,lauraharris@example.com,2024-05-08,Tablet,Photography,3,1393,4179,PayPal
9927,37,Christian Burnett,lori60@example.net,2025-03-05,Smartphone,Accessories,4,599,2396,PayPal
9928,41,Jesse Becker,william73@example.net,2024-11-09,Printer,Electronics,3,541,1623,Cash
9929,38,Elizabeth Parks,howardcrystal@example.com,2024-12-16,Webcam,Electronics,3,189,567,PayPal
9930,48,Melanie Barrera,megan56@example.com,2024-03-08,Camera,Photography,2,1213,2426,Credit Card
9931,64,Samantha Smith,phillip55@example.org,2024-09-09,Headphones,Photography,4,1467,5868,Credit Card
9932,37,Gregory Oconnor,susanhall@example.org,2024-09-26,Speaker,Accessories,3,1234,3702,Credit Card
9933,20,Ashlee Weaver,kristiwells@example.org,2025-05-25,Printer,Accessories,2,915,1830,Cash
9934,65,,melissa51@example.net,2024-04-15,Keyboard,Electronics,5,942,4710,PayPal
9935,58,Crystal Johnson,gilesjacob@example.org,2024-10-21,Laptop,Accessories,5,915,4575,PayPal
9936,42,Bonnie Lewis,abigail04@example.org,2026-02-23,Printer,Accessories,2,582,1164,Credit Card
9937,28,,mitchellchris@example.org,2025-11-22,Laptop,Electronics,3,1165,3495,Cash
9938,69,Joshua Wood,joneskim@example.org,2026-02-05,Webcam,Electronics,4,247,988,Credit Card
9939,27,Jennifer Hines,blackchristopher@example.net,2024-09-03,Camera,Electronics,4,387,1548,Credit Card
9940,39,Brittany Garcia,brewermichael@example.com,2025-12-31,Tablet,Electronics,3,373,1119,Cash
9941,32,Nicholas Whitney,allison47@example.com,2025-05-24,Smartphone,Electronics,2,375,750,Cash
9942,54,,david26@example.com,2026-02-13,Tablet,Electronics,2,1496,2992,Cash
9943,36,Matthew Alvarado,austin39@example.org,2025-01-02,Webcam,Accessories,2,962,1924,Cash
9944,23,Sarah Ray,craymond@example.com,,Mouse,Photography,5,1379,6895,Credit Card
9945,47,Melody Harvey,xgarner@example.net,2025-04-09,Smartphone,Electronics,5,471,2355,Credit Card
9946,34,Matthew Burke,kdouglas@example.org,2024-10-08,Webcam,Electronics,1,80,80,Credit Card
9947,49,Jeremy Young,johnsonandrea@example.org,2026-01-17,Laptop,Accessories,3,786,2358,Credit Card
9948,66,Heather Rodriguez,klin@example.net,2025-12-30,Mouse,Photography,5,736,3680,Credit Card
9949,60,Samantha Russell,erinbrown@example.net,2024-12-13,Printer,Electronics,4,406,1624,Credit Card
9950,18,Joseph Graham,kathleen82@example.org,2024-03-06,Printer,Electronics,5,584,2920,Cash
9951,44,Christopher Maldonado,jacobhall@example.org,,Tablet,Accessories,,678,0,Credit Card
9952,59,Luis Baldwin,grantheidi@example.net,2024-08-15,Speaker,Photography,2,568,1136,Credit Card
9953,23,Sara Myers,jimjenkins@example.org,2024-10-24,Mouse,Photography,2,762,1524,PayPal
9954,46,Samuel Carter,kathyriggs@example.org,2025-12-11,Printer,Photography,4,1124,4496,PayPal
9955,70,Jennifer Hughes,ratkins@example.org,2025-07-18,Printer,Electronics,2,1132,2264,Cash
9956,50,Jessica Howard,whitediane@example.org,2025-05-07,Headphones,Photography,2,1215,2430,PayPal
9957,32,Eric Peters,stephen27@example.com,2024-08-15,Mouse,Accessories,4,1238,4952,Credit Card
9958,64,Mary Henderson,brandymoore@example.com,2024-06-19,Speaker,Accessories,2,783,1566,Cash
9959,33,Jessica Wagner,twebb@example.org,2024-06-21,Headphones,Photography,3,928,2784,Cash
9960,34,Aaron Williams,shane90@example.net,2024-08-22,Webcam,Electronics,,608,0,PayPal
9961,29,Rachel Rivera,catherineaguilar@example.net,2025-12-17,Smartphone,Electronics,1,541,541,Cash
9962,51,Kayla Bowers,dwatkins@example.com,2025-03-14,Speaker,Electronics,3,692,2076,PayPal
9963,63,Kimberly Bryant,lpatel@example.net,2025-09-23,Printer,Accessories,1,1260,1260,Cash
9964,50,Karen Davis,roserebecca@example.net,2024-09-03,Printer,Photography,5,783,3915,Credit Card
9965,66,Stacey Warren,derekgriffin@example.org,2024-11-22,Printer,Photography,4,445,1780,Cash
9966,34,Debra Wright,susan72@example.com,2025-02-01,Smartphone,Electronics,5,798,3990,PayPal
9967,49,John Smith,hectorscott@example.com,2024-04-02,Monitor,Photography,1,1461,1461,PayPal
9968,23,Derek Garcia,millerkevin@example.net,2024-05-25,Smartphone,Accessories,,1160,0,PayPal
9969,49,Theresa Davidson,johester@example.org,2024-08-13,Keyboard,Accessories,4,1189,4756,Cash
9970,49,Debbie Evans,jonathan03@example.net,2025-03-30,Smartphone,Accessories,1,1108,1108,Credit Card
9971,38,David Morales,andre26@example.org,2024-10-06,Laptop,Electronics,2,1460,2920,PayPal
9972,34,Thomas Hernandez,pfoster@example.com,2025-08-29,Camera,Accessories,3,160,480,Cash
9973,53,Michael Barnett,tgarcia@example.com,2025-04-12,Smartphone,Electronics,2,147,294,Credit Card
9974,46,Joshua Hester,robert84@example.net,2026-02-18,Printer,Accessories,2,1003,2006,Cash
9975,27,Jessica Mora,erik39@example.com,2026-02-08,Headphones,Electronics,1,1225,1225,Cash
9976,36,Daniel Nielsen,stacy95@example.net,2026-02-20,Keyboard,Accessories,1,1063,1063,Credit Card
9977,24,Christina Holden,baileyrodriguez@example.com,2024-09-20,Printer,Accessories,3,1355,4065,Credit Card
9978,63,Christine Smith,laura83@example.net,2024-10-23,Speaker,Accessories,5,1433,7165,PayPal
9979,67,Emma Johnson,williamsfrederick@example.org,2024-03-07,Webcam,Photography,3,262,786,Credit Card
9980,45,Andrew Payne,hollanddavid@example.org,2024-06-08,Camera,Accessories,1,915,915,Cash
9981,41,Leah Briggs,danielsdennis@example.com,2025-05-13,Headphones,Electronics,1,1437,1437,Cash
9982,25,Mitchell Gilbert,jpennington@example.com,2025-08-02,Monitor,Accessories,4,471,1884,Credit Card
9983,48,Nathaniel Smith,zking@example.net,2024-10-29,Printer,Electronics,3,516,1548,Cash
9984,69,,henryfields@example.com,2025-11-24,Tablet,Accessories,4,1146,4584,Cash
9985,55,,brandoncruz@example.org,2024-06-23,Printer,Electronics,2,119,238,Credit Card
9986,59,Joseph Terry,jamesthomas@example.net,2024-05-05,Camera,Electronics,4,718,2872,Credit Card
9987,18,Brandi Martinez,jhensley@example.org,2025-03-09,Camera,Photography,3,568,1704,Credit Card
9988,60,Geoffrey Cook,rebekahcampbell@example.org,2025-09-05,Headphones,Electronics,3,363,1089,PayPal
9989,70,Yvonne Grimes,npacheco@example.org,2025-12-22,Laptop,Photography,1,836,836,Credit Card
9990,19,,browncaitlin@example.org,,Monitor,Accessories,3,1188,3564,Credit Card
9991,40,Allison Booker,shannon20@example.com,2026-01-04,Camera,Photography,2,303,606,Credit Card
9992,66,Taylor Booth,jamesgray@example.net,2025-02-10,Mouse,Accessories,2,1313,2626,Cash
9993,25,Charles Kennedy,ssherman@example.net,2024-12-24,Speaker,Accessories,5,938,4690,Cash
9994,59,Jason Russell,xfisher@example.net,,Mouse,Accessories,1,194,194,PayPal
9995,47,Gregory Fisher,wmorrison@example.net,2024-03-05,Speaker,Photography,5,309,1545,Cash
9996,36,Ryan Gill,shaas@example.org,2025-09-09,Mouse,Photography,3,1480,4440,Credit Card
9997,48,Justin Ali,juan16@example.net,2024-08-20,Printer,Electronics,4,959,3836,Cash
9998,39,Jessica Kramer,monica92@example.net,,Smartphone,Accessories,2,1144,2288,Cash
9999,64,Lucas Espinoza,rosalesmary@example.org,,Mouse,Photography,2,324,648,Cash
10000,55,Jeffery Martin,walshkristen@example.net,2024-09-24,Speaker,Accessories,2,1362,2724,Cash
